statistics_code;statistics_label;time_code;time_label;time;1_variable_code;1_variable_label;1_variable_attribute_code;1_variable_attribute_label;2_variable_code;2_variable_label;2_variable_attribute_code;2_variable_attribute_label;value;value_unit;value_variable_code;value_variable_label;value_q
4000W;Wohnungen (Gebietsstand 15.05.2022);STAG;Stichtag;2022-05-15;GEOLK4;Landkreise u. krsfr. Städte (Stand 15.05.22);09173;Bad Tölz-Wolfratshausen;WHGRM2;Räume;RAUM02;2 Räume;10,06;€/m²;WHG012;Durchschnittliche Nettokaltmiete;e
4000W;Wohnungen (Gebietsstand 15.05.2022);STAG;Stichtag;2022-05-15;GEOLK4;Landkreise u. krsfr. Städte (Stand 15.05.22);06413;Offenbach am Main, Stadt;WHGRM2;Räume;RAUM07UM;7 und mehr Räume;7,75;€/m²;WHG012;Durchschnittliche Nettokaltmiete;e
4000W;Wohnungen (Gebietsstand 15.05.2022);STAG;Stichtag;2022-05-15;GEOLK4;Landkreise u. krsfr. Städte (Stand 15.05.22);12070;Prignitz;WHGRM2;Räume;;Insgesamt;4,84;€/m²;WHG012;Durchschnittliche Nettokaltmiete;e
4000W;Wohnungen (Gebietsstand 15.05.2022);STAG;Stichtag;2022-05-15;GEOLK4;Landkreise u. krsfr. Städte (Stand 15.05.22);06439;Rheingau-Taunus-Kreis;WHGRM2;Räume;RAUM07UM;7 und mehr Räume;7,35;€/m²;WHG012;Durchschnittliche Nettokaltmiete;e
4000W;Wohnungen (Gebietsstand 15.05.2022);STAG;Stichtag;2022-05-15;GEOLK4;Landkreise u. krsfr. Städte (Stand 15.05.22);01051;Dithmarschen;WHGRM2;Räume;RAUM02;2 Räume;6,72;€/m²;WHG012;Durchschnittliche Nettokaltmiete;e
4000W;Wohnungen (Gebietsstand 15.05.2022);STAG;Stichtag;2022-05-15;GEOLK4;Landkreise u. krsfr. Städte (Stand 15.05.22);09573;Fürth, Landkreis;WHGRM2;Räume;RAUM03;3 Räume;7,14;€/m²;WHG012;Durchschnittliche Nettokaltmiete;e
4000W;Wohnungen (Gebietsstand 15.05.2022);STAG;Stichtag;2022-05-15;GEOLK4;Landkreise u. krsfr. Städte (Stand 15.05.22);08325;Rottweil;WHGRM2;Räume;RAUM04;4 Räume;5,89;€/m²;WHG012;Durchschnittliche Nettokaltmiete;e
4000W;Wohnungen (Gebietsstand 15.05.2022);STAG;Stichtag;2022-05-15;GEOLK4;Landkreise u. krsfr. Städte (Stand 15.05.22);03151;Gifhorn;WHGRM2;Räume;RAUM05;5 Räume;6,05;€/m²;WHG012;Durchschnittliche Nettokaltmiete;e
4000W;Wohnungen (Gebietsstand 15.05.2022);STAG;Stichtag;2022-05-15;GEOLK4;Landkreise u. krsfr. Städte (Stand 15.05.22);12066;Oberspreewald-Lausitz;WHGRM2;Räume;RAUM03;3 Räume;5,07;€/m²;WHG012;Durchschnittliche Nettokaltmiete;e
4000W;Wohnungen (Gebietsstand 15.05.2022);STAG;Stichtag;2022-05-15;GEOLK4;Landkreise u. krsfr. Städte (Stand 15.05.22);05316;Leverkusen, Stadt;WHGRM2;Räume;;Insgesamt;7,03;€/m²;WHG012;Durchschnittliche Nettokaltmiete;e
4000W;Wohnungen (Gebietsstand 15.05.2022);STAG;Stichtag;2022-05-15;GEOLK4;Landkreise u. krsfr. Städte (Stand 15.05.22);06534;Marburg-Biedenkopf;WHGRM2;Räume;RAUM03;3 Räume;6,94;€/m²;WHG012;Durchschnittliche Nettokaltmiete;e
4000W;Wohnungen (Gebietsstand 15.05.2022);STAG;Stichtag;2022-05-15;GEOLK4;Landkreise u. krsfr. Städte (Stand 15.05.22);05758;Herford;WHGRM2;Räume;RAUM07UM;7 und mehr Räume;4,78;€/m²;WHG012;Durchschnittliche Nettokaltmiete;e
4000W;Wohnungen (Gebietsstand 15.05.2022);STAG;Stichtag;2022-05-15;GEOLK4;Landkreise u. krsfr. Städte (Stand 15.05.22);03251;Diepholz;WHGRM2;Räume;RAUM01;1 Raum;8,24;€/m²;WHG012;Durchschnittliche Nettokaltmiete;e
4000W;Wohnungen (Gebietsstand 15.05.2022);STAG;Stichtag;2022-05-15;GEOLK4;Landkreise u. krsfr. Städte (Stand 15.05.22);09178;Freising;WHGRM2;Räume;;Insgesamt;10,15;€/m²;WHG012;Durchschnittliche Nettokaltmiete;e
4000W;Wohnungen (Gebietsstand 15.05.2022);STAG;Stichtag;2022-05-15;GEOLK4;Landkreise u. krsfr. Städte (Stand 15.05.22);09761;Augsburg, Kreisfreie Stadt;WHGRM2;Räume;RAUM05;5 Räume;7,70;€/m²;WHG012;Durchschnittliche Nettokaltmiete;e
4000W;Wohnungen (Gebietsstand 15.05.2022);STAG;Stichtag;2022-05-15;GEOLK4;Landkreise u. krsfr. Städte (Stand 15.05.22);12062;Elbe-Elster;WHGRM2;Räume;RAUM04;4 Räume;4,80;€/m²;WHG012;Durchschnittliche Nettokaltmiete;e
4000W;Wohnungen (Gebietsstand 15.05.2022);STAG;Stichtag;2022-05-15;GEOLK4;Landkreise u. krsfr. Städte (Stand 15.05.22);03404;Osnabrück, Stadt;WHGRM2;Räume;RAUM04;4 Räume;6,77;€/m²;WHG012;Durchschnittliche Nettokaltmiete;e
4000W;Wohnungen (Gebietsstand 15.05.2022);STAG;Stichtag;2022-05-15;GEOLK4;Landkreise u. krsfr. Städte (Stand 15.05.22);15002;Halle (Saale), Stadt;WHGRM2;Räume;RAUM04;4 Räume;5,60;€/m²;WHG012;Durchschnittliche Nettokaltmiete;e
4000W;Wohnungen (Gebietsstand 15.05.2022);STAG;Stichtag;2022-05-15;GEOLK4;Landkreise u. krsfr. Städte (Stand 15.05.22);05913;Dortmund, Stadt;WHGRM2;Räume;RAUM05;5 Räume;6,17;€/m²;WHG012;Durchschnittliche Nettokaltmiete;e
4000W;Wohnungen (Gebietsstand 15.05.2022);STAG;Stichtag;2022-05-15;GEOLK4;Landkreise u. krsfr. Städte (Stand 15.05.22);06413;Offenbach am Main, Stadt;WHGRM2;Räume;RAUM03;3 Räume;8,55;€/m²;WHG012;Durchschnittliche Nettokaltmiete;e
4000W;Wohnungen (Gebietsstand 15.05.2022);STAG;Stichtag;2022-05-15;GEOLK4;Landkreise u. krsfr. Städte (Stand 15.05.22);05166;Viersen;WHGRM2;Räume;RAUM07UM;7 und mehr Räume;5,95;€/m²;WHG012;Durchschnittliche Nettokaltmiete;e
4000W;Wohnungen (Gebietsstand 15.05.2022);STAG;Stichtag;2022-05-15;GEOLK4;Landkreise u. krsfr. Städte (Stand 15.05.22);16072;Sonneberg;WHGRM2;Räume;RAUM04;4 Räume;5,06;€/m²;WHG012;Durchschnittliche Nettokaltmiete;e
4000W;Wohnungen (Gebietsstand 15.05.2022);STAG;Stichtag;2022-05-15;GEOLK4;Landkreise u. krsfr. Städte (Stand 15.05.22);03352;Cuxhaven;WHGRM2;Räume;RAUM07UM;7 und mehr Räume;4,88;€/m²;WHG012;Durchschnittliche Nettokaltmiete;e
4000W;Wohnungen (Gebietsstand 15.05.2022);STAG;Stichtag;2022-05-15;GEOLK4;Landkreise u. krsfr. Städte (Stand 15.05.22);03159;Göttingen;WHGRM2;Räume;RAUM03;3 Räume;6,69;€/m²;WHG012;Durchschnittliche Nettokaltmiete;e
4000W;Wohnungen (Gebietsstand 15.05.2022);STAG;Stichtag;2022-05-15;GEOLK4;Landkreise u. krsfr. Städte (Stand 15.05.22);08421;Ulm, Stadtkreis;WHGRM2;Räume;RAUM01;1 Raum;12,01;€/m²;WHG012;Durchschnittliche Nettokaltmiete;e
4000W;Wohnungen (Gebietsstand 15.05.2022);STAG;Stichtag;2022-05-15;GEOLK4;Landkreise u. krsfr. Städte (Stand 15.05.22);09376;Schwandorf;WHGRM2;Räume;RAUM04;4 Räume;5,53;€/m²;WHG012;Durchschnittliche Nettokaltmiete;e
4000W;Wohnungen (Gebietsstand 15.05.2022);STAG;Stichtag;2022-05-15;GEOLK4;Landkreise u. krsfr. Städte (Stand 15.05.22);09477;Kulmbach;WHGRM2;Räume;RAUM06;6 Räume;4,73;€/m²;WHG012;Durchschnittliche Nettokaltmiete;e
4000W;Wohnungen (Gebietsstand 15.05.2022);STAG;Stichtag;2022-05-15;GEOLK4;Landkreise u. krsfr. Städte (Stand 15.05.22);09564;Nürnberg;WHGRM2;Räume;RAUM06;6 Räume;7,72;€/m²;WHG012;Durchschnittliche Nettokaltmiete;e
4000W;Wohnungen (Gebietsstand 15.05.2022);STAG;Stichtag;2022-05-15;GEOLK4;Landkreise u. krsfr. Städte (Stand 15.05.22);16066;Schmalkalden-Meiningen;WHGRM2;Räume;RAUM07UM;7 und mehr Räume;4,60;€/m²;WHG012;Durchschnittliche Nettokaltmiete;e
4000W;Wohnungen (Gebietsstand 15.05.2022);STAG;Stichtag;2022-05-15;GEOLK4;Landkreise u. krsfr. Städte (Stand 15.05.22);01055;Ostholstein;WHGRM2;Räume;RAUM01;1 Raum;9,45;€/m²;WHG012;Durchschnittliche Nettokaltmiete;e
4000W;Wohnungen (Gebietsstand 15.05.2022);STAG;Stichtag;2022-05-15;GEOLK4;Landkreise u. krsfr. Städte (Stand 15.05.22);12071;Spree-Neiße;WHGRM2;Räume;RAUM01;1 Raum;5,74;€/m²;WHG012;Durchschnittliche Nettokaltmiete;e
4000W;Wohnungen (Gebietsstand 15.05.2022);STAG;Stichtag;2022-05-15;GEOLK4;Landkreise u. krsfr. Städte (Stand 15.05.22);06438;Offenbach;WHGRM2;Räume;RAUM06;6 Räume;8,08;€/m²;WHG012;Durchschnittliche Nettokaltmiete;e
4000W;Wohnungen (Gebietsstand 15.05.2022);STAG;Stichtag;2022-05-15;GEOLK4;Landkreise u. krsfr. Städte (Stand 15.05.22);09177;Erding;WHGRM2;Räume;RAUM01;1 Raum;12,16;€/m²;WHG012;Durchschnittliche Nettokaltmiete;e
4000W;Wohnungen (Gebietsstand 15.05.2022);STAG;Stichtag;2022-05-15;GEOLK4;Landkreise u. krsfr. Städte (Stand 15.05.22);07334;Germersheim;WHGRM2;Räume;RAUM06;6 Räume;6,18;€/m²;WHG012;Durchschnittliche Nettokaltmiete;e
4000W;Wohnungen (Gebietsstand 15.05.2022);STAG;Stichtag;2022-05-15;GEOLK4;Landkreise u. krsfr. Städte (Stand 15.05.22);08416;Tübingen;WHGRM2;Räume;RAUM03;3 Räume;9,17;€/m²;WHG012;Durchschnittliche Nettokaltmiete;e
4000W;Wohnungen (Gebietsstand 15.05.2022);STAG;Stichtag;2022-05-15;GEOLK4;Landkreise u. krsfr. Städte (Stand 15.05.22);05124;Wuppertal, Stadt;WHGRM2;Räume;RAUM04;4 Räume;5,89;€/m²;WHG012;Durchschnittliche Nettokaltmiete;e
4000W;Wohnungen (Gebietsstand 15.05.2022);STAG;Stichtag;2022-05-15;GEOLK4;Landkreise u. krsfr. Städte (Stand 15.05.22);03454;Emsland;WHGRM2;Räume;RAUM03;3 Räume;6,33;€/m²;WHG012;Durchschnittliche Nettokaltmiete;e
4000W;Wohnungen (Gebietsstand 15.05.2022);STAG;Stichtag;2022-05-15;GEOLK4;Landkreise u. krsfr. Städte (Stand 15.05.22);05370;Heinsberg;WHGRM2;Räume;RAUM04;4 Räume;5,83;€/m²;WHG012;Durchschnittliche Nettokaltmiete;e
4000W;Wohnungen (Gebietsstand 15.05.2022);STAG;Stichtag;2022-05-15;GEOLK4;Landkreise u. krsfr. Städte (Stand 15.05.22);05770;Minden-Lübbecke;WHGRM2;Räume;RAUM05;5 Räume;5,13;€/m²;WHG012;Durchschnittliche Nettokaltmiete;e
4000W;Wohnungen (Gebietsstand 15.05.2022);STAG;Stichtag;2022-05-15;GEOLK4;Landkreise u. krsfr. Städte (Stand 15.05.22);07233;Vulkaneifel;WHGRM2;Räume;RAUM04;4 Räume;5,03;€/m²;WHG012;Durchschnittliche Nettokaltmiete;e
4000W;Wohnungen (Gebietsstand 15.05.2022);STAG;Stichtag;2022-05-15;GEOLK4;Landkreise u. krsfr. Städte (Stand 15.05.22);14521;Erzgebirgskreis;WHGRM2;Räume;RAUM06;6 Räume;4,24;€/m²;WHG012;Durchschnittliche Nettokaltmiete;e
4000W;Wohnungen (Gebietsstand 15.05.2022);STAG;Stichtag;2022-05-15;GEOLK4;Landkreise u. krsfr. Städte (Stand 15.05.22);16053;Jena, Stadt;WHGRM2;Räume;RAUM04;4 Räume;6,69;€/m²;WHG012;Durchschnittliche Nettokaltmiete;e
4000W;Wohnungen (Gebietsstand 15.05.2022);STAG;Stichtag;2022-05-15;GEOLK4;Landkreise u. krsfr. Städte (Stand 15.05.22);09263;Straubing;WHGRM2;Räume;RAUM07UM;7 und mehr Räume;5,77;€/m²;WHG012;Durchschnittliche Nettokaltmiete;e
4000W;Wohnungen (Gebietsstand 15.05.2022);STAG;Stichtag;2022-05-15;GEOLK4;Landkreise u. krsfr. Städte (Stand 15.05.22);09674;Haßberge;WHGRM2;Räume;RAUM05;5 Räume;4,86;€/m²;WHG012;Durchschnittliche Nettokaltmiete;e
4000W;Wohnungen (Gebietsstand 15.05.2022);STAG;Stichtag;2022-05-15;GEOLK4;Landkreise u. krsfr. Städte (Stand 15.05.22);09472;Bayreuth, Landkreis;WHGRM2;Räume;RAUM01;1 Raum;7,04;€/m²;WHG012;Durchschnittliche Nettokaltmiete;e
4000W;Wohnungen (Gebietsstand 15.05.2022);STAG;Stichtag;2022-05-15;GEOLK4;Landkreise u. krsfr. Städte (Stand 15.05.22);01056;Pinneberg;WHGRM2;Räume;;Insgesamt;8,29;€/m²;WHG012;Durchschnittliche Nettokaltmiete;e
4000W;Wohnungen (Gebietsstand 15.05.2022);STAG;Stichtag;2022-05-15;GEOLK4;Landkreise u. krsfr. Städte (Stand 15.05.22);06413;Offenbach am Main, Stadt;WHGRM2;Räume;;Insgesamt;8,76;€/m²;WHG012;Durchschnittliche Nettokaltmiete;e
4000W;Wohnungen (Gebietsstand 15.05.2022);STAG;Stichtag;2022-05-15;GEOLK4;Landkreise u. krsfr. Städte (Stand 15.05.22);05558;Coesfeld;WHGRM2;Räume;RAUM05;5 Räume;5,87;€/m²;WHG012;Durchschnittliche Nettokaltmiete;e
4000W;Wohnungen (Gebietsstand 15.05.2022);STAG;Stichtag;2022-05-15;GEOLK4;Landkreise u. krsfr. Städte (Stand 15.05.22);14511;Chemnitz, Stadt;WHGRM2;Räume;RAUM07UM;7 und mehr Räume;4,95;€/m²;WHG012;Durchschnittliche Nettokaltmiete;e
4000W;Wohnungen (Gebietsstand 15.05.2022);STAG;Stichtag;2022-05-15;GEOLK4;Landkreise u. krsfr. Städte (Stand 15.05.22);09372;Cham;WHGRM2;Räume;RAUM05;5 Räume;4,63;€/m²;WHG012;Durchschnittliche Nettokaltmiete;e
4000W;Wohnungen (Gebietsstand 15.05.2022);STAG;Stichtag;2022-05-15;GEOLK4;Landkreise u. krsfr. Städte (Stand 15.05.22);05117;Mülheim an der Ruhr, Stadt;WHGRM2;Räume;RAUM02;2 Räume;6,74;€/m²;WHG012;Durchschnittliche Nettokaltmiete;e
4000W;Wohnungen (Gebietsstand 15.05.2022);STAG;Stichtag;2022-05-15;GEOLK4;Landkreise u. krsfr. Städte (Stand 15.05.22);08126;Hohenlohekreis;WHGRM2;Räume;RAUM01;1 Raum;9,60;€/m²;WHG012;Durchschnittliche Nettokaltmiete;e
4000W;Wohnungen (Gebietsstand 15.05.2022);STAG;Stichtag;2022-05-15;GEOLK4;Landkreise u. krsfr. Städte (Stand 15.05.22);09479;Wunsiedel i.Fichtelgebirge;WHGRM2;Räume;RAUM07UM;7 und mehr Räume;3,87;€/m²;WHG012;Durchschnittliche Nettokaltmiete;e
4000W;Wohnungen (Gebietsstand 15.05.2022);STAG;Stichtag;2022-05-15;GEOLK4;Landkreise u. krsfr. Städte (Stand 15.05.22);14612;Dresden, Stadt;WHGRM2;Räume;RAUM05;5 Räume;6,71;€/m²;WHG012;Durchschnittliche Nettokaltmiete;e
4000W;Wohnungen (Gebietsstand 15.05.2022);STAG;Stichtag;2022-05-15;GEOLK4;Landkreise u. krsfr. Städte (Stand 15.05.22);05754;Gütersloh;WHGRM2;Räume;;Insgesamt;6,22;€/m²;WHG012;Durchschnittliche Nettokaltmiete;e
4000W;Wohnungen (Gebietsstand 15.05.2022);STAG;Stichtag;2022-05-15;GEOLK4;Landkreise u. krsfr. Städte (Stand 15.05.22);15090;Stendal;WHGRM2;Räume;RAUM03;3 Räume;5,06;€/m²;WHG012;Durchschnittliche Nettokaltmiete;e
4000W;Wohnungen (Gebietsstand 15.05.2022);STAG;Stichtag;2022-05-15;GEOLK4;Landkreise u. krsfr. Städte (Stand 15.05.22);08415;Reutlingen;WHGRM2;Räume;RAUM07UM;7 und mehr Räume;6,69;€/m²;WHG012;Durchschnittliche Nettokaltmiete;e
4000W;Wohnungen (Gebietsstand 15.05.2022);STAG;Stichtag;2022-05-15;GEOLK4;Landkreise u. krsfr. Städte (Stand 15.05.22);13072;Landkreis Rostock;WHGRM2;Räume;RAUM02;2 Räume;6,42;€/m²;WHG012;Durchschnittliche Nettokaltmiete;e
4000W;Wohnungen (Gebietsstand 15.05.2022);STAG;Stichtag;2022-05-15;GEOLK4;Landkreise u. krsfr. Städte (Stand 15.05.22);07233;Vulkaneifel;WHGRM2;Räume;;Insgesamt;5,21;€/m²;WHG012;Durchschnittliche Nettokaltmiete;e
4000W;Wohnungen (Gebietsstand 15.05.2022);STAG;Stichtag;2022-05-15;GEOLK4;Landkreise u. krsfr. Städte (Stand 15.05.22);08437;Sigmaringen;WHGRM2;Räume;;Insgesamt;6,24;€/m²;WHG012;Durchschnittliche Nettokaltmiete;e
4000W;Wohnungen (Gebietsstand 15.05.2022);STAG;Stichtag;2022-05-15;GEOLK4;Landkreise u. krsfr. Städte (Stand 15.05.22);09183;Mühldorf a.Inn;WHGRM2;Räume;RAUM05;5 Räume;6,35;€/m²;WHG012;Durchschnittliche Nettokaltmiete;e
4000W;Wohnungen (Gebietsstand 15.05.2022);STAG;Stichtag;2022-05-15;GEOLK4;Landkreise u. krsfr. Städte (Stand 15.05.22);16053;Jena, Stadt;WHGRM2;Räume;RAUM07UM;7 und mehr Räume;7,10;€/m²;WHG012;Durchschnittliche Nettokaltmiete;e
4000W;Wohnungen (Gebietsstand 15.05.2022);STAG;Stichtag;2022-05-15;GEOLK4;Landkreise u. krsfr. Städte (Stand 15.05.22);03102;Salzgitter, Stadt;WHGRM2;Räume;RAUM04;4 Räume;5,39;€/m²;WHG012;Durchschnittliche Nettokaltmiete;e
4000W;Wohnungen (Gebietsstand 15.05.2022);STAG;Stichtag;2022-05-15;GEOLK4;Landkreise u. krsfr. Städte (Stand 15.05.22);05711;Bielefeld, Stadt;WHGRM2;Räume;RAUM01;1 Raum;9,35;€/m²;WHG012;Durchschnittliche Nettokaltmiete;e
4000W;Wohnungen (Gebietsstand 15.05.2022);STAG;Stichtag;2022-05-15;GEOLK4;Landkreise u. krsfr. Städte (Stand 15.05.22);14627;Meißen;WHGRM2;Räume;RAUM05;5 Räume;5,49;€/m²;WHG012;Durchschnittliche Nettokaltmiete;e
4000W;Wohnungen (Gebietsstand 15.05.2022);STAG;Stichtag;2022-05-15;GEOLK4;Landkreise u. krsfr. Städte (Stand 15.05.22);09462;Bayreuth, Kreisfreie Stadt;WHGRM2;Räume;RAUM06;6 Räume;6,47;€/m²;WHG012;Durchschnittliche Nettokaltmiete;e
4000W;Wohnungen (Gebietsstand 15.05.2022);STAG;Stichtag;2022-05-15;GEOLK4;Landkreise u. krsfr. Städte (Stand 15.05.22);06636;Werra-Meißner-Kreis;WHGRM2;Räume;RAUM03;3 Räume;4,94;€/m²;WHG012;Durchschnittliche Nettokaltmiete;e
4000W;Wohnungen (Gebietsstand 15.05.2022);STAG;Stichtag;2022-05-15;GEOLK4;Landkreise u. krsfr. Städte (Stand 15.05.22);07338;Rhein-Pfalz-Kreis;WHGRM2;Räume;RAUM05;5 Räume;6,64;€/m²;WHG012;Durchschnittliche Nettokaltmiete;e
4000W;Wohnungen (Gebietsstand 15.05.2022);STAG;Stichtag;2022-05-15;GEOLK4;Landkreise u. krsfr. Städte (Stand 15.05.22);09279;Dingolfing-Landau;WHGRM2;Räume;RAUM01;1 Raum;9,03;€/m²;WHG012;Durchschnittliche Nettokaltmiete;e
4000W;Wohnungen (Gebietsstand 15.05.2022);STAG;Stichtag;2022-05-15;GEOLK4;Landkreise u. krsfr. Städte (Stand 15.05.22);07313;Landau in der Pfalz, kreisfreie Stadt;WHGRM2;Räume;RAUM02;2 Räume;8,57;€/m²;WHG012;Durchschnittliche Nettokaltmiete;e
4000W;Wohnungen (Gebietsstand 15.05.2022);STAG;Stichtag;2022-05-15;GEOLK4;Landkreise u. krsfr. Städte (Stand 15.05.22);12073;Uckermark;WHGRM2;Räume;RAUM07UM;7 und mehr Räume;4,47;€/m²;WHG012;Durchschnittliche Nettokaltmiete;e
4000W;Wohnungen (Gebietsstand 15.05.2022);STAG;Stichtag;2022-05-15;GEOLK4;Landkreise u. krsfr. Städte (Stand 15.05.22);05366;Euskirchen;WHGRM2;Räume;RAUM04;4 Räume;5,89;€/m²;WHG012;Durchschnittliche Nettokaltmiete;e
4000W;Wohnungen (Gebietsstand 15.05.2022);STAG;Stichtag;2022-05-15;GEOLK4;Landkreise u. krsfr. Städte (Stand 15.05.22);09565;Schwabach;WHGRM2;Räume;;Insgesamt;7,11;€/m²;WHG012;Durchschnittliche Nettokaltmiete;e
4000W;Wohnungen (Gebietsstand 15.05.2022);STAG;Stichtag;2022-05-15;GEOLK4;Landkreise u. krsfr. Städte (Stand 15.05.22);01062;Stormarn;WHGRM2;Räume;RAUM03;3 Räume;8,80;€/m²;WHG012;Durchschnittliche Nettokaltmiete;e
4000W;Wohnungen (Gebietsstand 15.05.2022);STAG;Stichtag;2022-05-15;GEOLK4;Landkreise u. krsfr. Städte (Stand 15.05.22);10044;Saarlouis;WHGRM2;Räume;RAUM03;3 Räume;6,10;€/m²;WHG012;Durchschnittliche Nettokaltmiete;e
4000W;Wohnungen (Gebietsstand 15.05.2022);STAG;Stichtag;2022-05-15;GEOLK4;Landkreise u. krsfr. Städte (Stand 15.05.22);14522;Mittelsachsen;WHGRM2;Räume;RAUM04;4 Räume;4,88;€/m²;WHG012;Durchschnittliche Nettokaltmiete;e
4000W;Wohnungen (Gebietsstand 15.05.2022);STAG;Stichtag;2022-05-15;GEOLK4;Landkreise u. krsfr. Städte (Stand 15.05.22);09776;Lindau (Bodensee);WHGRM2;Räume;RAUM05;5 Räume;7,36;€/m²;WHG012;Durchschnittliche Nettokaltmiete;e
4000W;Wohnungen (Gebietsstand 15.05.2022);STAG;Stichtag;2022-05-15;GEOLK4;Landkreise u. krsfr. Städte (Stand 15.05.22);16073;Saalfeld-Rudolstadt;WHGRM2;Räume;;Insgesamt;5,29;€/m²;WHG012;Durchschnittliche Nettokaltmiete;e
4000W;Wohnungen (Gebietsstand 15.05.2022);STAG;Stichtag;2022-05-15;GEOLK4;Landkreise u. krsfr. Städte (Stand 15.05.22);15081;Altmarkkreis Salzwedel;WHGRM2;Räume;RAUM06;6 Räume;4,07;€/m²;WHG012;Durchschnittliche Nettokaltmiete;e
4000W;Wohnungen (Gebietsstand 15.05.2022);STAG;Stichtag;2022-05-15;GEOLK4;Landkreise u. krsfr. Städte (Stand 15.05.22);01053;Herzogtum Lauenburg;WHGRM2;Räume;RAUM06;6 Räume;6,72;€/m²;WHG012;Durchschnittliche Nettokaltmiete;e
4000W;Wohnungen (Gebietsstand 15.05.2022);STAG;Stichtag;2022-05-15;GEOLK4;Landkreise u. krsfr. Städte (Stand 15.05.22);05316;Leverkusen, Stadt;WHGRM2;Räume;RAUM05;5 Räume;6,91;€/m²;WHG012;Durchschnittliche Nettokaltmiete;e
4000W;Wohnungen (Gebietsstand 15.05.2022);STAG;Stichtag;2022-05-15;GEOLK4;Landkreise u. krsfr. Städte (Stand 15.05.22);04012;Bremerhaven, Stadt;WHGRM2;Räume;RAUM06;6 Räume;5,01;€/m²;WHG012;Durchschnittliche Nettokaltmiete;e
4000W;Wohnungen (Gebietsstand 15.05.2022);STAG;Stichtag;2022-05-15;GEOLK4;Landkreise u. krsfr. Städte (Stand 15.05.22);05158;Mettmann;WHGRM2;Räume;RAUM04;4 Räume;7,00;€/m²;WHG012;Durchschnittliche Nettokaltmiete;e
4000W;Wohnungen (Gebietsstand 15.05.2022);STAG;Stichtag;2022-05-15;GEOLK4;Landkreise u. krsfr. Städte (Stand 15.05.22);08115;Böblingen;WHGRM2;Räume;;Insgesamt;9,11;€/m²;WHG012;Durchschnittliche Nettokaltmiete;e
4000W;Wohnungen (Gebietsstand 15.05.2022);STAG;Stichtag;2022-05-15;GEOLK4;Landkreise u. krsfr. Städte (Stand 15.05.22);13003;Rostock;WHGRM2;Räume;RAUM03;3 Räume;6,92;€/m²;WHG012;Durchschnittliche Nettokaltmiete;e
4000W;Wohnungen (Gebietsstand 15.05.2022);STAG;Stichtag;2022-05-15;GEOLK4;Landkreise u. krsfr. Städte (Stand 15.05.22);16062;Nordhausen;WHGRM2;Räume;RAUM01;1 Raum;5,86;€/m²;WHG012;Durchschnittliche Nettokaltmiete;e
4000W;Wohnungen (Gebietsstand 15.05.2022);STAG;Stichtag;2022-05-15;GEOLK4;Landkreise u. krsfr. Städte (Stand 15.05.22);07332;Bad Dürkheim;WHGRM2;Räume;;Insgesamt;6,76;€/m²;WHG012;Durchschnittliche Nettokaltmiete;e
4000W;Wohnungen (Gebietsstand 15.05.2022);STAG;Stichtag;2022-05-15;GEOLK4;Landkreise u. krsfr. Städte (Stand 15.05.22);06636;Werra-Meißner-Kreis;WHGRM2;Räume;;Insgesamt;4,81;€/m²;WHG012;Durchschnittliche Nettokaltmiete;e
4000W;Wohnungen (Gebietsstand 15.05.2022);STAG;Stichtag;2022-05-15;GEOLK4;Landkreise u. krsfr. Städte (Stand 15.05.22);08117;Göppingen;WHGRM2;Räume;RAUM04;4 Räume;6,91;€/m²;WHG012;Durchschnittliche Nettokaltmiete;e
4000W;Wohnungen (Gebietsstand 15.05.2022);STAG;Stichtag;2022-05-15;GEOLK4;Landkreise u. krsfr. Städte (Stand 15.05.22);09577;Weißenburg-Gunzenhausen;WHGRM2;Räume;RAUM02;2 Räume;6,50;€/m²;WHG012;Durchschnittliche Nettokaltmiete;e
4000W;Wohnungen (Gebietsstand 15.05.2022);STAG;Stichtag;2022-05-15;GEOLK4;Landkreise u. krsfr. Städte (Stand 15.05.22);11000;Berlin, Stadt;WHGRM2;Räume;RAUM03;3 Räume;7,55;€/m²;WHG012;Durchschnittliche Nettokaltmiete;e
4000W;Wohnungen (Gebietsstand 15.05.2022);STAG;Stichtag;2022-05-15;GEOLK4;Landkreise u. krsfr. Städte (Stand 15.05.22);03155;Northeim;WHGRM2;Räume;RAUM04;4 Räume;4,93;€/m²;WHG012;Durchschnittliche Nettokaltmiete;e
4000W;Wohnungen (Gebietsstand 15.05.2022);STAG;Stichtag;2022-05-15;GEOLK4;Landkreise u. krsfr. Städte (Stand 15.05.22);07319;Worms, kreisfreie Stadt;WHGRM2;Räume;RAUM05;5 Räume;6,58;€/m²;WHG012;Durchschnittliche Nettokaltmiete;e
4000W;Wohnungen (Gebietsstand 15.05.2022);STAG;Stichtag;2022-05-15;GEOLK4;Landkreise u. krsfr. Städte (Stand 15.05.22);09181;Landsberg am Lech;WHGRM2;Räume;RAUM07UM;7 und mehr Räume;7,84;€/m²;WHG012;Durchschnittliche Nettokaltmiete;e
4000W;Wohnungen (Gebietsstand 15.05.2022);STAG;Stichtag;2022-05-15;GEOLK4;Landkreise u. krsfr. Städte (Stand 15.05.22);07336;Kusel;WHGRM2;Räume;RAUM01;1 Raum;7,24;€/m²;WHG012;Durchschnittliche Nettokaltmiete;e
4000W;Wohnungen (Gebietsstand 15.05.2022);STAG;Stichtag;2022-05-15;GEOLK4;Landkreise u. krsfr. Städte (Stand 15.05.22);07132;Altenkirchen (Westerwald);WHGRM2;Räume;RAUM02;2 Räume;5,97;€/m²;WHG012;Durchschnittliche Nettokaltmiete;e
4000W;Wohnungen (Gebietsstand 15.05.2022);STAG;Stichtag;2022-05-15;GEOLK4;Landkreise u. krsfr. Städte (Stand 15.05.22);01056;Pinneberg;WHGRM2;Räume;RAUM07UM;7 und mehr Räume;7,61;€/m²;WHG012;Durchschnittliche Nettokaltmiete;e
4000W;Wohnungen (Gebietsstand 15.05.2022);STAG;Stichtag;2022-05-15;GEOLK4;Landkreise u. krsfr. Städte (Stand 15.05.22);03457;Leer;WHGRM2;Räume;RAUM04;4 Räume;5,81;€/m²;WHG012;Durchschnittliche Nettokaltmiete;e
4000W;Wohnungen (Gebietsstand 15.05.2022);STAG;Stichtag;2022-05-15;GEOLK4;Landkreise u. krsfr. Städte (Stand 15.05.22);07211;Trier, kreisfreie Stadt;WHGRM2;Räume;RAUM02;2 Räume;9,09;€/m²;WHG012;Durchschnittliche Nettokaltmiete;e
4000W;Wohnungen (Gebietsstand 15.05.2022);STAG;Stichtag;2022-05-15;GEOLK4;Landkreise u. krsfr. Städte (Stand 15.05.22);03353;Harburg;WHGRM2;Räume;RAUM01;1 Raum;9,76;€/m²;WHG012;Durchschnittliche Nettokaltmiete;e
4000W;Wohnungen (Gebietsstand 15.05.2022);STAG;Stichtag;2022-05-15;GEOLK4;Landkreise u. krsfr. Städte (Stand 15.05.22);09271;Deggendorf;WHGRM2;Räume;RAUM03;3 Räume;6,49;€/m²;WHG012;Durchschnittliche Nettokaltmiete;e
4000W;Wohnungen (Gebietsstand 15.05.2022);STAG;Stichtag;2022-05-15;GEOLK4;Landkreise u. krsfr. Städte (Stand 15.05.22);14523;Vogtlandkreis;WHGRM2;Räume;;Insgesamt;4,54;€/m²;WHG012;Durchschnittliche Nettokaltmiete;e
4000W;Wohnungen (Gebietsstand 15.05.2022);STAG;Stichtag;2022-05-15;GEOLK4;Landkreise u. krsfr. Städte (Stand 15.05.22);08136;Ostalbkreis;WHGRM2;Räume;RAUM04;4 Räume;6,53;€/m²;WHG012;Durchschnittliche Nettokaltmiete;e
4000W;Wohnungen (Gebietsstand 15.05.2022);STAG;Stichtag;2022-05-15;GEOLK4;Landkreise u. krsfr. Städte (Stand 15.05.22);09774;Günzburg;WHGRM2;Räume;;Insgesamt;6,49;€/m²;WHG012;Durchschnittliche Nettokaltmiete;e
4000W;Wohnungen (Gebietsstand 15.05.2022);STAG;Stichtag;2022-05-15;GEOLK4;Landkreise u. krsfr. Städte (Stand 15.05.22);09180;Garmisch-Partenkirchen;WHGRM2;Räume;RAUM04;4 Räume;8,28;€/m²;WHG012;Durchschnittliche Nettokaltmiete;e
4000W;Wohnungen (Gebietsstand 15.05.2022);STAG;Stichtag;2022-05-15;GEOLK4;Landkreise u. krsfr. Städte (Stand 15.05.22);05962;Märkischer Kreis;WHGRM2;Räume;RAUM06;6 Räume;5,16;€/m²;WHG012;Durchschnittliche Nettokaltmiete;e
4000W;Wohnungen (Gebietsstand 15.05.2022);STAG;Stichtag;2022-05-15;GEOLK4;Landkreise u. krsfr. Städte (Stand 15.05.22);16061;Eichsfeld;WHGRM2;Räume;RAUM03;3 Räume;5,33;€/m²;WHG012;Durchschnittliche Nettokaltmiete;e
4000W;Wohnungen (Gebietsstand 15.05.2022);STAG;Stichtag;2022-05-15;GEOLK4;Landkreise u. krsfr. Städte (Stand 15.05.22);13004;Schwerin;WHGRM2;Räume;RAUM01;1 Raum;6,24;€/m²;WHG012;Durchschnittliche Nettokaltmiete;e
4000W;Wohnungen (Gebietsstand 15.05.2022);STAG;Stichtag;2022-05-15;GEOLK4;Landkreise u. krsfr. Städte (Stand 15.05.22);05562;Recklinghausen;WHGRM2;Räume;RAUM05;5 Räume;5,66;€/m²;WHG012;Durchschnittliche Nettokaltmiete;e
4000W;Wohnungen (Gebietsstand 15.05.2022);STAG;Stichtag;2022-05-15;GEOLK4;Landkreise u. krsfr. Städte (Stand 15.05.22);06432;Darmstadt-Dieburg;WHGRM2;Räume;RAUM03;3 Räume;7,90;€/m²;WHG012;Durchschnittliche Nettokaltmiete;e
4000W;Wohnungen (Gebietsstand 15.05.2022);STAG;Stichtag;2022-05-15;GEOLK4;Landkreise u. krsfr. Städte (Stand 15.05.22);08111;Stuttgart, Stadtkreis;WHGRM2;Räume;RAUM01;1 Raum;14,07;€/m²;WHG012;Durchschnittliche Nettokaltmiete;e
4000W;Wohnungen (Gebietsstand 15.05.2022);STAG;Stichtag;2022-05-15;GEOLK4;Landkreise u. krsfr. Städte (Stand 15.05.22);09780;Oberallgäu;WHGRM2;Räume;RAUM05;5 Räume;6,51;€/m²;WHG012;Durchschnittliche Nettokaltmiete;e
4000W;Wohnungen (Gebietsstand 15.05.2022);STAG;Stichtag;2022-05-15;GEOLK4;Landkreise u. krsfr. Städte (Stand 15.05.22);09475;Hof, Landkreis;WHGRM2;Räume;RAUM02;2 Räume;5,09;€/m²;WHG012;Durchschnittliche Nettokaltmiete;e
4000W;Wohnungen (Gebietsstand 15.05.2022);STAG;Stichtag;2022-05-15;GEOLK4;Landkreise u. krsfr. Städte (Stand 15.05.22);07332;Bad Dürkheim;WHGRM2;Räume;RAUM02;2 Räume;7,54;€/m²;WHG012;Durchschnittliche Nettokaltmiete;e
4000W;Wohnungen (Gebietsstand 15.05.2022);STAG;Stichtag;2022-05-15;GEOLK4;Landkreise u. krsfr. Städte (Stand 15.05.22);05114;Krefeld, Stadt;WHGRM2;Räume;RAUM01;1 Raum;7,74;€/m²;WHG012;Durchschnittliche Nettokaltmiete;e
4000W;Wohnungen (Gebietsstand 15.05.2022);STAG;Stichtag;2022-05-15;GEOLK4;Landkreise u. krsfr. Städte (Stand 15.05.22);06436;Main-Taunus-Kreis;WHGRM2;Räume;RAUM02;2 Räume;9,93;€/m²;WHG012;Durchschnittliche Nettokaltmiete;e
4000W;Wohnungen (Gebietsstand 15.05.2022);STAG;Stichtag;2022-05-15;GEOLK4;Landkreise u. krsfr. Städte (Stand 15.05.22);05566;Steinfurt;WHGRM2;Räume;RAUM04;4 Räume;5,74;€/m²;WHG012;Durchschnittliche Nettokaltmiete;e
4000W;Wohnungen (Gebietsstand 15.05.2022);STAG;Stichtag;2022-05-15;GEOLK4;Landkreise u. krsfr. Städte (Stand 15.05.22);05362;Rhein-Erft-Kreis;WHGRM2;Räume;RAUM05;5 Räume;7,16;€/m²;WHG012;Durchschnittliche Nettokaltmiete;e
4000W;Wohnungen (Gebietsstand 15.05.2022);STAG;Stichtag;2022-05-15;GEOLK4;Landkreise u. krsfr. Städte (Stand 15.05.22);09571;Ansbach, Landkreis;WHGRM2;Räume;;Insgesamt;6,02;€/m²;WHG012;Durchschnittliche Nettokaltmiete;e
4000W;Wohnungen (Gebietsstand 15.05.2022);STAG;Stichtag;2022-05-15;GEOLK4;Landkreise u. krsfr. Städte (Stand 15.05.22);01057;Plön;WHGRM2;Räume;RAUM05;5 Räume;6,54;€/m²;WHG012;Durchschnittliche Nettokaltmiete;e
4000W;Wohnungen (Gebietsstand 15.05.2022);STAG;Stichtag;2022-05-15;GEOLK4;Landkreise u. krsfr. Städte (Stand 15.05.22);09663;Würzburg, Kreisfreie Stadt;WHGRM2;Räume;RAUM04;4 Räume;8,00;€/m²;WHG012;Durchschnittliche Nettokaltmiete;e
4000W;Wohnungen (Gebietsstand 15.05.2022);STAG;Stichtag;2022-05-15;GEOLK4;Landkreise u. krsfr. Städte (Stand 15.05.22);09179;Fürstenfeldbruck;WHGRM2;Räume;RAUM05;5 Räume;9,93;€/m²;WHG012;Durchschnittliche Nettokaltmiete;e
4000W;Wohnungen (Gebietsstand 15.05.2022);STAG;Stichtag;2022-05-15;GEOLK4;Landkreise u. krsfr. Städte (Stand 15.05.22);05314;Bonn, Stadt;WHGRM2;Räume;RAUM01;1 Raum;12,20;€/m²;WHG012;Durchschnittliche Nettokaltmiete;e
4000W;Wohnungen (Gebietsstand 15.05.2022);STAG;Stichtag;2022-05-15;GEOLK4;Landkreise u. krsfr. Städte (Stand 15.05.22);03159;Göttingen;WHGRM2;Räume;;Insgesamt;7,07;€/m²;WHG012;Durchschnittliche Nettokaltmiete;e
4000W;Wohnungen (Gebietsstand 15.05.2022);STAG;Stichtag;2022-05-15;GEOLK4;Landkreise u. krsfr. Städte (Stand 15.05.22);05158;Mettmann;WHGRM2;Räume;;Insgesamt;7,21;€/m²;WHG012;Durchschnittliche Nettokaltmiete;e
4000W;Wohnungen (Gebietsstand 15.05.2022);STAG;Stichtag;2022-05-15;GEOLK4;Landkreise u. krsfr. Städte (Stand 15.05.22);05562;Recklinghausen;WHGRM2;Räume;;Insgesamt;5,88;€/m²;WHG012;Durchschnittliche Nettokaltmiete;e
4000W;Wohnungen (Gebietsstand 15.05.2022);STAG;Stichtag;2022-05-15;GEOLK4;Landkreise u. krsfr. Städte (Stand 15.05.22);05970;Siegen-Wittgenstein;WHGRM2;Räume;RAUM07UM;7 und mehr Räume;5,30;€/m²;WHG012;Durchschnittliche Nettokaltmiete;e
4000W;Wohnungen (Gebietsstand 15.05.2022);STAG;Stichtag;2022-05-15;GEOLK4;Landkreise u. krsfr. Städte (Stand 15.05.22);03257;Schaumburg;WHGRM2;Räume;RAUM04;4 Räume;5,39;€/m²;WHG012;Durchschnittliche Nettokaltmiete;e
4000W;Wohnungen (Gebietsstand 15.05.2022);STAG;Stichtag;2022-05-15;GEOLK4;Landkreise u. krsfr. Städte (Stand 15.05.22);05774;Paderborn;WHGRM2;Räume;RAUM04;4 Räume;5,90;€/m²;WHG012;Durchschnittliche Nettokaltmiete;e
4000W;Wohnungen (Gebietsstand 15.05.2022);STAG;Stichtag;2022-05-15;GEOLK4;Landkreise u. krsfr. Städte (Stand 15.05.22);09562;Erlangen;WHGRM2;Räume;RAUM02;2 Räume;9,33;€/m²;WHG012;Durchschnittliche Nettokaltmiete;e
4000W;Wohnungen (Gebietsstand 15.05.2022);STAG;Stichtag;2022-05-15;GEOLK4;Landkreise u. krsfr. Städte (Stand 15.05.22);13074;Nordwestmecklenburg;WHGRM2;Räume;RAUM07UM;7 und mehr Räume;5,25;€/m²;WHG012;Durchschnittliche Nettokaltmiete;e
4000W;Wohnungen (Gebietsstand 15.05.2022);STAG;Stichtag;2022-05-15;GEOLK4;Landkreise u. krsfr. Städte (Stand 15.05.22);09474;Forchheim;WHGRM2;Räume;RAUM05;5 Räume;6,17;€/m²;WHG012;Durchschnittliche Nettokaltmiete;e
4000W;Wohnungen (Gebietsstand 15.05.2022);STAG;Stichtag;2022-05-15;GEOLK4;Landkreise u. krsfr. Städte (Stand 15.05.22);14729;Leipzig;WHGRM2;Räume;;Insgesamt;5,42;€/m²;WHG012;Durchschnittliche Nettokaltmiete;e
4000W;Wohnungen (Gebietsstand 15.05.2022);STAG;Stichtag;2022-05-15;GEOLK4;Landkreise u. krsfr. Städte (Stand 15.05.22);16052;Gera, Stadt;WHGRM2;Räume;RAUM06;6 Räume;4,90;€/m²;WHG012;Durchschnittliche Nettokaltmiete;e
4000W;Wohnungen (Gebietsstand 15.05.2022);STAG;Stichtag;2022-05-15;GEOLK4;Landkreise u. krsfr. Städte (Stand 15.05.22);09276;Regen;WHGRM2;Räume;RAUM07UM;7 und mehr Räume;3,95;€/m²;WHG012;Durchschnittliche Nettokaltmiete;e
4000W;Wohnungen (Gebietsstand 15.05.2022);STAG;Stichtag;2022-05-15;GEOLK4;Landkreise u. krsfr. Städte (Stand 15.05.22);05120;Remscheid, Stadt;WHGRM2;Räume;RAUM05;5 Räume;5,61;€/m²;WHG012;Durchschnittliche Nettokaltmiete;e
4000W;Wohnungen (Gebietsstand 15.05.2022);STAG;Stichtag;2022-05-15;GEOLK4;Landkreise u. krsfr. Städte (Stand 15.05.22);06440;Wetteraukreis;WHGRM2;Räume;RAUM03;3 Räume;7,84;€/m²;WHG012;Durchschnittliche Nettokaltmiete;e
4000W;Wohnungen (Gebietsstand 15.05.2022);STAG;Stichtag;2022-05-15;GEOLK4;Landkreise u. krsfr. Städte (Stand 15.05.22);15083;Börde;WHGRM2;Räume;RAUM01;1 Raum;6,70;€/m²;WHG012;Durchschnittliche Nettokaltmiete;e
4000W;Wohnungen (Gebietsstand 15.05.2022);STAG;Stichtag;2022-05-15;GEOLK4;Landkreise u. krsfr. Städte (Stand 15.05.22);09278;Straubing-Bogen;WHGRM2;Räume;RAUM07UM;7 und mehr Räume;4,65;€/m²;WHG012;Durchschnittliche Nettokaltmiete;e
4000W;Wohnungen (Gebietsstand 15.05.2022);STAG;Stichtag;2022-05-15;GEOLK4;Landkreise u. krsfr. Städte (Stand 15.05.22);09188;Starnberg;WHGRM2;Räume;RAUM02;2 Räume;10,90;€/m²;WHG012;Durchschnittliche Nettokaltmiete;e
4000W;Wohnungen (Gebietsstand 15.05.2022);STAG;Stichtag;2022-05-15;GEOLK4;Landkreise u. krsfr. Städte (Stand 15.05.22);09362;Regensburg, Kreisfreie Stadt;WHGRM2;Räume;RAUM02;2 Räume;10,11;€/m²;WHG012;Durchschnittliche Nettokaltmiete;e
4000W;Wohnungen (Gebietsstand 15.05.2022);STAG;Stichtag;2022-05-15;GEOLK4;Landkreise u. krsfr. Städte (Stand 15.05.22);09275;Passau, Landkreis;WHGRM2;Räume;RAUM02;2 Räume;6,75;€/m²;WHG012;Durchschnittliche Nettokaltmiete;e
4000W;Wohnungen (Gebietsstand 15.05.2022);STAG;Stichtag;2022-05-15;GEOLK4;Landkreise u. krsfr. Städte (Stand 15.05.22);10043;Neunkirchen;WHGRM2;Räume;RAUM05;5 Räume;4,99;€/m²;WHG012;Durchschnittliche Nettokaltmiete;e
4000W;Wohnungen (Gebietsstand 15.05.2022);STAG;Stichtag;2022-05-15;GEOLK4;Landkreise u. krsfr. Städte (Stand 15.05.22);01002;Kiel, Landeshauptstadt;WHGRM2;Räume;RAUM01;1 Raum;8,87;€/m²;WHG012;Durchschnittliche Nettokaltmiete;e
4000W;Wohnungen (Gebietsstand 15.05.2022);STAG;Stichtag;2022-05-15;GEOLK4;Landkreise u. krsfr. Städte (Stand 15.05.22);06532;Lahn-Dill-Kreis;WHGRM2;Räume;RAUM07UM;7 und mehr Räume;5,14;€/m²;WHG012;Durchschnittliche Nettokaltmiete;e
4000W;Wohnungen (Gebietsstand 15.05.2022);STAG;Stichtag;2022-05-15;GEOLK4;Landkreise u. krsfr. Städte (Stand 15.05.22);15085;Harz;WHGRM2;Räume;RAUM05;5 Räume;4,79;€/m²;WHG012;Durchschnittliche Nettokaltmiete;e
4000W;Wohnungen (Gebietsstand 15.05.2022);STAG;Stichtag;2022-05-15;GEOLK4;Landkreise u. krsfr. Städte (Stand 15.05.22);07331;Alzey-Worms;WHGRM2;Räume;RAUM05;5 Räume;6,14;€/m²;WHG012;Durchschnittliche Nettokaltmiete;e
4000W;Wohnungen (Gebietsstand 15.05.2022);STAG;Stichtag;2022-05-15;GEOLK4;Landkreise u. krsfr. Städte (Stand 15.05.22);08435;Bodenseekreis;WHGRM2;Räume;RAUM03;3 Räume;8,59;€/m²;WHG012;Durchschnittliche Nettokaltmiete;e
4000W;Wohnungen (Gebietsstand 15.05.2022);STAG;Stichtag;2022-05-15;GEOLK4;Landkreise u. krsfr. Städte (Stand 15.05.22);09773;Dillingen a.d.Donau;WHGRM2;Räume;RAUM07UM;7 und mehr Räume;5,43;€/m²;WHG012;Durchschnittliche Nettokaltmiete;e
4000W;Wohnungen (Gebietsstand 15.05.2022);STAG;Stichtag;2022-05-15;GEOLK4;Landkreise u. krsfr. Städte (Stand 15.05.22);14523;Vogtlandkreis;WHGRM2;Räume;RAUM01;1 Raum;5,14;€/m²;WHG012;Durchschnittliche Nettokaltmiete;e
4000W;Wohnungen (Gebietsstand 15.05.2022);STAG;Stichtag;2022-05-15;GEOLK4;Landkreise u. krsfr. Städte (Stand 15.05.22);12051;Brandenburg an der Havel, Stadt;WHGRM2;Räume;RAUM03;3 Räume;5,91;€/m²;WHG012;Durchschnittliche Nettokaltmiete;e
4000W;Wohnungen (Gebietsstand 15.05.2022);STAG;Stichtag;2022-05-15;GEOLK4;Landkreise u. krsfr. Städte (Stand 15.05.22);05358;Düren;WHGRM2;Räume;RAUM04;4 Räume;5,79;€/m²;WHG012;Durchschnittliche Nettokaltmiete;e
4000W;Wohnungen (Gebietsstand 15.05.2022);STAG;Stichtag;2022-05-15;GEOLK4;Landkreise u. krsfr. Städte (Stand 15.05.22);08212;Karlsruhe, Stadtkreis;WHGRM2;Räume;RAUM03;3 Räume;8,11;€/m²;WHG012;Durchschnittliche Nettokaltmiete;e
4000W;Wohnungen (Gebietsstand 15.05.2022);STAG;Stichtag;2022-05-15;GEOLK4;Landkreise u. krsfr. Städte (Stand 15.05.22);09576;Roth;WHGRM2;Räume;RAUM04;4 Räume;6,39;€/m²;WHG012;Durchschnittliche Nettokaltmiete;e
4000W;Wohnungen (Gebietsstand 15.05.2022);STAG;Stichtag;2022-05-15;GEOLK4;Landkreise u. krsfr. Städte (Stand 15.05.22);06631;Fulda;WHGRM2;Räume;RAUM06;6 Räume;5,29;€/m²;WHG012;Durchschnittliche Nettokaltmiete;e
4000W;Wohnungen (Gebietsstand 15.05.2022);STAG;Stichtag;2022-05-15;GEOLK4;Landkreise u. krsfr. Städte (Stand 15.05.22);09774;Günzburg;WHGRM2;Räume;RAUM01;1 Raum;8,24;€/m²;WHG012;Durchschnittliche Nettokaltmiete;e
4000W;Wohnungen (Gebietsstand 15.05.2022);STAG;Stichtag;2022-05-15;GEOLK4;Landkreise u. krsfr. Städte (Stand 15.05.22);13076;Ludwigslust-Parchim;WHGRM2;Räume;RAUM01;1 Raum;6,33;€/m²;WHG012;Durchschnittliche Nettokaltmiete;e
4000W;Wohnungen (Gebietsstand 15.05.2022);STAG;Stichtag;2022-05-15;GEOLK4;Landkreise u. krsfr. Städte (Stand 15.05.22);06635;Waldeck-Frankenberg;WHGRM2;Räume;RAUM05;5 Räume;4,70;€/m²;WHG012;Durchschnittliche Nettokaltmiete;e
4000W;Wohnungen (Gebietsstand 15.05.2022);STAG;Stichtag;2022-05-15;GEOLK4;Landkreise u. krsfr. Städte (Stand 15.05.22);05154;Kleve;WHGRM2;Räume;RAUM05;5 Räume;5,82;€/m²;WHG012;Durchschnittliche Nettokaltmiete;e
4000W;Wohnungen (Gebietsstand 15.05.2022);STAG;Stichtag;2022-05-15;GEOLK4;Landkreise u. krsfr. Städte (Stand 15.05.22);07211;Trier, kreisfreie Stadt;WHGRM2;Räume;RAUM07UM;7 und mehr Räume;6,68;€/m²;WHG012;Durchschnittliche Nettokaltmiete;e
4000W;Wohnungen (Gebietsstand 15.05.2022);STAG;Stichtag;2022-05-15;GEOLK4;Landkreise u. krsfr. Städte (Stand 15.05.22);08231;Pforzheim, Stadtkreis;WHGRM2;Räume;RAUM04;4 Räume;6,89;€/m²;WHG012;Durchschnittliche Nettokaltmiete;e
4000W;Wohnungen (Gebietsstand 15.05.2022);STAG;Stichtag;2022-05-15;GEOLK4;Landkreise u. krsfr. Städte (Stand 15.05.22);08426;Biberach;WHGRM2;Räume;RAUM06;6 Räume;5,92;€/m²;WHG012;Durchschnittliche Nettokaltmiete;e
4000W;Wohnungen (Gebietsstand 15.05.2022);STAG;Stichtag;2022-05-15;GEOLK4;Landkreise u. krsfr. Städte (Stand 15.05.22);05958;Hochsauerlandkreis;WHGRM2;Räume;RAUM06;6 Räume;4,59;€/m²;WHG012;Durchschnittliche Nettokaltmiete;e
4000W;Wohnungen (Gebietsstand 15.05.2022);STAG;Stichtag;2022-05-15;GEOLK4;Landkreise u. krsfr. Städte (Stand 15.05.22);14625;Bautzen;WHGRM2;Räume;RAUM01;1 Raum;5,96;€/m²;WHG012;Durchschnittliche Nettokaltmiete;e
4000W;Wohnungen (Gebietsstand 15.05.2022);STAG;Stichtag;2022-05-15;GEOLK4;Landkreise u. krsfr. Städte (Stand 15.05.22);03461;Wesermarsch;WHGRM2;Räume;RAUM05;5 Räume;5,06;€/m²;WHG012;Durchschnittliche Nettokaltmiete;e
4000W;Wohnungen (Gebietsstand 15.05.2022);STAG;Stichtag;2022-05-15;GEOLK4;Landkreise u. krsfr. Städte (Stand 15.05.22);15089;Salzlandkreis;WHGRM2;Räume;RAUM04;4 Räume;4,82;€/m²;WHG012;Durchschnittliche Nettokaltmiete;e
4000W;Wohnungen (Gebietsstand 15.05.2022);STAG;Stichtag;2022-05-15;GEOLK4;Landkreise u. krsfr. Städte (Stand 15.05.22);09373;Neumarkt i.d.OPf.;WHGRM2;Räume;;Insgesamt;6,88;€/m²;WHG012;Durchschnittliche Nettokaltmiete;e
4000W;Wohnungen (Gebietsstand 15.05.2022);STAG;Stichtag;2022-05-15;GEOLK4;Landkreise u. krsfr. Städte (Stand 15.05.22);09572;Erlangen-Höchstadt;WHGRM2;Räume;RAUM05;5 Räume;7,04;€/m²;WHG012;Durchschnittliche Nettokaltmiete;e
4000W;Wohnungen (Gebietsstand 15.05.2022);STAG;Stichtag;2022-05-15;GEOLK4;Landkreise u. krsfr. Städte (Stand 15.05.22);03103;Wolfsburg, Stadt;WHGRM2;Räume;RAUM01;1 Raum;8,29;€/m²;WHG012;Durchschnittliche Nettokaltmiete;e
4000W;Wohnungen (Gebietsstand 15.05.2022);STAG;Stichtag;2022-05-15;GEOLK4;Landkreise u. krsfr. Städte (Stand 15.05.22);09780;Oberallgäu;WHGRM2;Räume;;Insgesamt;7,07;€/m²;WHG012;Durchschnittliche Nettokaltmiete;e
4000W;Wohnungen (Gebietsstand 15.05.2022);STAG;Stichtag;2022-05-15;GEOLK4;Landkreise u. krsfr. Städte (Stand 15.05.22);09672;Bad Kissingen;WHGRM2;Räume;RAUM01;1 Raum;6,92;€/m²;WHG012;Durchschnittliche Nettokaltmiete;e
4000W;Wohnungen (Gebietsstand 15.05.2022);STAG;Stichtag;2022-05-15;GEOLK4;Landkreise u. krsfr. Städte (Stand 15.05.22);01004;Neumünster, Stadt;WHGRM2;Räume;RAUM05;5 Räume;5,96;€/m²;WHG012;Durchschnittliche Nettokaltmiete;e
4000W;Wohnungen (Gebietsstand 15.05.2022);STAG;Stichtag;2022-05-15;GEOLK4;Landkreise u. krsfr. Städte (Stand 15.05.22);01061;Steinburg;WHGRM2;Räume;RAUM05;5 Räume;5,87;€/m²;WHG012;Durchschnittliche Nettokaltmiete;e
4000W;Wohnungen (Gebietsstand 15.05.2022);STAG;Stichtag;2022-05-15;GEOLK4;Landkreise u. krsfr. Städte (Stand 15.05.22);07138;Neuwied;WHGRM2;Räume;RAUM05;5 Räume;5,42;€/m²;WHG012;Durchschnittliche Nettokaltmiete;e
4000W;Wohnungen (Gebietsstand 15.05.2022);STAG;Stichtag;2022-05-15;GEOLK4;Landkreise u. krsfr. Städte (Stand 15.05.22);07317;Pirmasens, kreisfreie Stadt;WHGRM2;Räume;RAUM01;1 Raum;5,92;€/m²;WHG012;Durchschnittliche Nettokaltmiete;e
4000W;Wohnungen (Gebietsstand 15.05.2022);STAG;Stichtag;2022-05-15;GEOLK4;Landkreise u. krsfr. Städte (Stand 15.05.22);07340;Südwestpfalz;WHGRM2;Räume;RAUM02;2 Räume;5,70;€/m²;WHG012;Durchschnittliche Nettokaltmiete;e
4000W;Wohnungen (Gebietsstand 15.05.2022);STAG;Stichtag;2022-05-15;GEOLK4;Landkreise u. krsfr. Städte (Stand 15.05.22);08237;Freudenstadt;WHGRM2;Räume;RAUM06;6 Räume;5,75;€/m²;WHG012;Durchschnittliche Nettokaltmiete;e
4000W;Wohnungen (Gebietsstand 15.05.2022);STAG;Stichtag;2022-05-15;GEOLK4;Landkreise u. krsfr. Städte (Stand 15.05.22);05513;Gelsenkirchen, Stadt;WHGRM2;Räume;RAUM04;4 Räume;5,34;€/m²;WHG012;Durchschnittliche Nettokaltmiete;e
4000W;Wohnungen (Gebietsstand 15.05.2022);STAG;Stichtag;2022-05-15;GEOLK4;Landkreise u. krsfr. Städte (Stand 15.05.22);08125;Heilbronn, Landkreis;WHGRM2;Räume;RAUM03;3 Räume;7,78;€/m²;WHG012;Durchschnittliche Nettokaltmiete;e
4000W;Wohnungen (Gebietsstand 15.05.2022);STAG;Stichtag;2022-05-15;GEOLK4;Landkreise u. krsfr. Städte (Stand 15.05.22);03101;Braunschweig, Stadt;WHGRM2;Räume;RAUM07UM;7 und mehr Räume;6,63;€/m²;WHG012;Durchschnittliche Nettokaltmiete;e
4000W;Wohnungen (Gebietsstand 15.05.2022);STAG;Stichtag;2022-05-15;GEOLK4;Landkreise u. krsfr. Städte (Stand 15.05.22);16067;Gotha;WHGRM2;Räume;RAUM06;6 Räume;5,00;€/m²;WHG012;Durchschnittliche Nettokaltmiete;e
4000W;Wohnungen (Gebietsstand 15.05.2022);STAG;Stichtag;2022-05-15;GEOLK4;Landkreise u. krsfr. Städte (Stand 15.05.22);07312;Kaiserslautern, kreisfreie Stadt;WHGRM2;Räume;;Insgesamt;6,52;€/m²;WHG012;Durchschnittliche Nettokaltmiete;e
4000W;Wohnungen (Gebietsstand 15.05.2022);STAG;Stichtag;2022-05-15;GEOLK4;Landkreise u. krsfr. Städte (Stand 15.05.22);09184;München, Landkreis;WHGRM2;Räume;RAUM03;3 Räume;11,47;€/m²;WHG012;Durchschnittliche Nettokaltmiete;e
4000W;Wohnungen (Gebietsstand 15.05.2022);STAG;Stichtag;2022-05-15;GEOLK4;Landkreise u. krsfr. Städte (Stand 15.05.22);05370;Heinsberg;WHGRM2;Räume;;Insgesamt;6,08;€/m²;WHG012;Durchschnittliche Nettokaltmiete;e
4000W;Wohnungen (Gebietsstand 15.05.2022);STAG;Stichtag;2022-05-15;GEOLK4;Landkreise u. krsfr. Städte (Stand 15.05.22);08417;Zollernalbkreis;WHGRM2;Räume;RAUM07UM;7 und mehr Räume;5,37;€/m²;WHG012;Durchschnittliche Nettokaltmiete;e
4000W;Wohnungen (Gebietsstand 15.05.2022);STAG;Stichtag;2022-05-15;GEOLK4;Landkreise u. krsfr. Städte (Stand 15.05.22);12061;Dahme-Spreewald;WHGRM2;Räume;RAUM06;6 Räume;7,01;€/m²;WHG012;Durchschnittliche Nettokaltmiete;e
4000W;Wohnungen (Gebietsstand 15.05.2022);STAG;Stichtag;2022-05-15;GEOLK4;Landkreise u. krsfr. Städte (Stand 15.05.22);12070;Prignitz;WHGRM2;Räume;RAUM03;3 Räume;4,92;€/m²;WHG012;Durchschnittliche Nettokaltmiete;e
4000W;Wohnungen (Gebietsstand 15.05.2022);STAG;Stichtag;2022-05-15;GEOLK4;Landkreise u. krsfr. Städte (Stand 15.05.22);08231;Pforzheim, Stadtkreis;WHGRM2;Räume;;Insgesamt;7,36;€/m²;WHG012;Durchschnittliche Nettokaltmiete;e
4000W;Wohnungen (Gebietsstand 15.05.2022);STAG;Stichtag;2022-05-15;GEOLK4;Landkreise u. krsfr. Städte (Stand 15.05.22);09377;Tirschenreuth;WHGRM2;Räume;RAUM02;2 Räume;5,26;€/m²;WHG012;Durchschnittliche Nettokaltmiete;e
4000W;Wohnungen (Gebietsstand 15.05.2022);STAG;Stichtag;2022-05-15;GEOLK4;Landkreise u. krsfr. Städte (Stand 15.05.22);05914;Hagen, Stadt der FernUniversität;WHGRM2;Räume;RAUM03;3 Räume;5,31;€/m²;WHG012;Durchschnittliche Nettokaltmiete;e
4000W;Wohnungen (Gebietsstand 15.05.2022);STAG;Stichtag;2022-05-15;GEOLK4;Landkreise u. krsfr. Städte (Stand 15.05.22);09678;Schweinfurt, Landkreis;WHGRM2;Räume;RAUM04;4 Räume;5,33;€/m²;WHG012;Durchschnittliche Nettokaltmiete;e
4000W;Wohnungen (Gebietsstand 15.05.2022);STAG;Stichtag;2022-05-15;GEOLK4;Landkreise u. krsfr. Städte (Stand 15.05.22);09175;Ebersberg;WHGRM2;Räume;RAUM06;6 Räume;10,19;€/m²;WHG012;Durchschnittliche Nettokaltmiete;e
4000W;Wohnungen (Gebietsstand 15.05.2022);STAG;Stichtag;2022-05-15;GEOLK4;Landkreise u. krsfr. Städte (Stand 15.05.22);09262;Passau, Kreisfreie Stadt;WHGRM2;Räume;RAUM06;6 Räume;6,21;€/m²;WHG012;Durchschnittliche Nettokaltmiete;e
4000W;Wohnungen (Gebietsstand 15.05.2022);STAG;Stichtag;2022-05-15;GEOLK4;Landkreise u. krsfr. Städte (Stand 15.05.22);14524;Zwickau;WHGRM2;Räume;RAUM07UM;7 und mehr Räume;4,50;€/m²;WHG012;Durchschnittliche Nettokaltmiete;e
4000W;Wohnungen (Gebietsstand 15.05.2022);STAG;Stichtag;2022-05-15;GEOLK4;Landkreise u. krsfr. Städte (Stand 15.05.22);03455;Friesland;WHGRM2;Räume;RAUM01;1 Raum;8,45;€/m²;WHG012;Durchschnittliche Nettokaltmiete;e
4000W;Wohnungen (Gebietsstand 15.05.2022);STAG;Stichtag;2022-05-15;GEOLK4;Landkreise u. krsfr. Städte (Stand 15.05.22);05570;Warendorf;WHGRM2;Räume;RAUM05;5 Räume;5,64;€/m²;WHG012;Durchschnittliche Nettokaltmiete;e
4000W;Wohnungen (Gebietsstand 15.05.2022);STAG;Stichtag;2022-05-15;GEOLK4;Landkreise u. krsfr. Städte (Stand 15.05.22);05116;Mönchengladbach, Stadt;WHGRM2;Räume;RAUM05;5 Räume;6,15;€/m²;WHG012;Durchschnittliche Nettokaltmiete;e
4000W;Wohnungen (Gebietsstand 15.05.2022);STAG;Stichtag;2022-05-15;GEOLK4;Landkreise u. krsfr. Städte (Stand 15.05.22);09479;Wunsiedel i.Fichtelgebirge;WHGRM2;Räume;RAUM01;1 Raum;6,71;€/m²;WHG012;Durchschnittliche Nettokaltmiete;e
4000W;Wohnungen (Gebietsstand 15.05.2022);STAG;Stichtag;2022-05-15;GEOLK4;Landkreise u. krsfr. Städte (Stand 15.05.22);16076;Greiz;WHGRM2;Räume;RAUM03;3 Räume;4,70;€/m²;WHG012;Durchschnittliche Nettokaltmiete;e
4000W;Wohnungen (Gebietsstand 15.05.2022);STAG;Stichtag;2022-05-15;GEOLK4;Landkreise u. krsfr. Städte (Stand 15.05.22);06437;Odenwaldkreis;WHGRM2;Räume;RAUM07UM;7 und mehr Räume;5,16;€/m²;WHG012;Durchschnittliche Nettokaltmiete;e
4000W;Wohnungen (Gebietsstand 15.05.2022);STAG;Stichtag;2022-05-15;GEOLK4;Landkreise u. krsfr. Städte (Stand 15.05.22);07143;Westerwaldkreis;WHGRM2;Räume;RAUM02;2 Räume;6,60;€/m²;WHG012;Durchschnittliche Nettokaltmiete;e
4000W;Wohnungen (Gebietsstand 15.05.2022);STAG;Stichtag;2022-05-15;GEOLK4;Landkreise u. krsfr. Städte (Stand 15.05.22);03359;Stade;WHGRM2;Räume;RAUM03;3 Räume;7,47;€/m²;WHG012;Durchschnittliche Nettokaltmiete;e
4000W;Wohnungen (Gebietsstand 15.05.2022);STAG;Stichtag;2022-05-15;GEOLK4;Landkreise u. krsfr. Städte (Stand 15.05.22);09777;Ostallgäu;WHGRM2;Räume;RAUM02;2 Räume;7,82;€/m²;WHG012;Durchschnittliche Nettokaltmiete;e
4000W;Wohnungen (Gebietsstand 15.05.2022);STAG;Stichtag;2022-05-15;GEOLK4;Landkreise u. krsfr. Städte (Stand 15.05.22);09277;Rottal-Inn;WHGRM2;Räume;RAUM05;5 Räume;5,13;€/m²;WHG012;Durchschnittliche Nettokaltmiete;e
4000W;Wohnungen (Gebietsstand 15.05.2022);STAG;Stichtag;2022-05-15;GEOLK4;Landkreise u. krsfr. Städte (Stand 15.05.22);03355;Lüneburg;WHGRM2;Räume;RAUM04;4 Räume;7,35;€/m²;WHG012;Durchschnittliche Nettokaltmiete;e
4000W;Wohnungen (Gebietsstand 15.05.2022);STAG;Stichtag;2022-05-15;GEOLK4;Landkreise u. krsfr. Städte (Stand 15.05.22);09464;Hof, Kreisfreie Stadt;WHGRM2;Räume;RAUM02;2 Räume;5,20;€/m²;WHG012;Durchschnittliche Nettokaltmiete;e
4000W;Wohnungen (Gebietsstand 15.05.2022);STAG;Stichtag;2022-05-15;GEOLK4;Landkreise u. krsfr. Städte (Stand 15.05.22);13071;Mecklenburgische Seenplatte;WHGRM2;Räume;RAUM05;5 Räume;5,00;€/m²;WHG012;Durchschnittliche Nettokaltmiete;e
4000W;Wohnungen (Gebietsstand 15.05.2022);STAG;Stichtag;2022-05-15;GEOLK4;Landkreise u. krsfr. Städte (Stand 15.05.22);09377;Tirschenreuth;WHGRM2;Räume;RAUM01;1 Raum;6,13;€/m²;WHG012;Durchschnittliche Nettokaltmiete;e
4000W;Wohnungen (Gebietsstand 15.05.2022);STAG;Stichtag;2022-05-15;GEOLK4;Landkreise u. krsfr. Städte (Stand 15.05.22);09186;Pfaffenhofen a.d.Ilm;WHGRM2;Räume;RAUM06;6 Räume;7,16;€/m²;WHG012;Durchschnittliche Nettokaltmiete;e
4000W;Wohnungen (Gebietsstand 15.05.2022);STAG;Stichtag;2022-05-15;GEOLK4;Landkreise u. krsfr. Städte (Stand 15.05.22);08121;Heilbronn, Stadtkreis;WHGRM2;Räume;RAUM05;5 Räume;7,82;€/m²;WHG012;Durchschnittliche Nettokaltmiete;e
4000W;Wohnungen (Gebietsstand 15.05.2022);STAG;Stichtag;2022-05-15;GEOLK4;Landkreise u. krsfr. Städte (Stand 15.05.22);09161;Ingolstadt;WHGRM2;Räume;RAUM03;3 Räume;8,85;€/m²;WHG012;Durchschnittliche Nettokaltmiete;e
4000W;Wohnungen (Gebietsstand 15.05.2022);STAG;Stichtag;2022-05-15;GEOLK4;Landkreise u. krsfr. Städte (Stand 15.05.22);03405;Wilhelmshaven, Stadt;WHGRM2;Räume;;Insgesamt;5,69;€/m²;WHG012;Durchschnittliche Nettokaltmiete;e
4000W;Wohnungen (Gebietsstand 15.05.2022);STAG;Stichtag;2022-05-15;GEOLK4;Landkreise u. krsfr. Städte (Stand 15.05.22);08216;Rastatt;WHGRM2;Räume;RAUM07UM;7 und mehr Räume;6,21;€/m²;WHG012;Durchschnittliche Nettokaltmiete;e
4000W;Wohnungen (Gebietsstand 15.05.2022);STAG;Stichtag;2022-05-15;GEOLK4;Landkreise u. krsfr. Städte (Stand 15.05.22);15003;Magdeburg, Landeshauptstadt;WHGRM2;Räume;RAUM01;1 Raum;6,68;€/m²;WHG012;Durchschnittliche Nettokaltmiete;e
4000W;Wohnungen (Gebietsstand 15.05.2022);STAG;Stichtag;2022-05-15;GEOLK4;Landkreise u. krsfr. Städte (Stand 15.05.22);07312;Kaiserslautern, kreisfreie Stadt;WHGRM2;Räume;RAUM05;5 Räume;6,20;€/m²;WHG012;Durchschnittliche Nettokaltmiete;e
4000W;Wohnungen (Gebietsstand 15.05.2022);STAG;Stichtag;2022-05-15;GEOLK4;Landkreise u. krsfr. Städte (Stand 15.05.22);13075;Vorpommern-Greifswald;WHGRM2;Räume;RAUM03;3 Räume;5,76;€/m²;WHG012;Durchschnittliche Nettokaltmiete;e
4000W;Wohnungen (Gebietsstand 15.05.2022);STAG;Stichtag;2022-05-15;GEOLK4;Landkreise u. krsfr. Städte (Stand 15.05.22);05116;Mönchengladbach, Stadt;WHGRM2;Räume;RAUM04;4 Räume;6,21;€/m²;WHG012;Durchschnittliche Nettokaltmiete;e
4000W;Wohnungen (Gebietsstand 15.05.2022);STAG;Stichtag;2022-05-15;GEOLK4;Landkreise u. krsfr. Städte (Stand 15.05.22);09373;Neumarkt i.d.OPf.;WHGRM2;Räume;RAUM02;2 Räume;7,82;€/m²;WHG012;Durchschnittliche Nettokaltmiete;e
4000W;Wohnungen (Gebietsstand 15.05.2022);STAG;Stichtag;2022-05-15;GEOLK4;Landkreise u. krsfr. Städte (Stand 15.05.22);16054;Suhl, Stadt;WHGRM2;Räume;RAUM02;2 Räume;5,35;€/m²;WHG012;Durchschnittliche Nettokaltmiete;e
4000W;Wohnungen (Gebietsstand 15.05.2022);STAG;Stichtag;2022-05-15;GEOLK4;Landkreise u. krsfr. Städte (Stand 15.05.22);15086;Jerichower Land;WHGRM2;Räume;;Insgesamt;5,11;€/m²;WHG012;Durchschnittliche Nettokaltmiete;e
4000W;Wohnungen (Gebietsstand 15.05.2022);STAG;Stichtag;2022-05-15;GEOLK4;Landkreise u. krsfr. Städte (Stand 15.05.22);15088;Saalekreis;WHGRM2;Räume;RAUM06;6 Räume;4,94;€/m²;WHG012;Durchschnittliche Nettokaltmiete;e
4000W;Wohnungen (Gebietsstand 15.05.2022);STAG;Stichtag;2022-05-15;GEOLK4;Landkreise u. krsfr. Städte (Stand 15.05.22);08225;Neckar-Odenwald-Kreis;WHGRM2;Räume;RAUM07UM;7 und mehr Räume;4,98;€/m²;WHG012;Durchschnittliche Nettokaltmiete;e
4000W;Wohnungen (Gebietsstand 15.05.2022);STAG;Stichtag;2022-05-15;GEOLK4;Landkreise u. krsfr. Städte (Stand 15.05.22);09565;Schwabach;WHGRM2;Räume;RAUM03;3 Räume;7,00;€/m²;WHG012;Durchschnittliche Nettokaltmiete;e
4000W;Wohnungen (Gebietsstand 15.05.2022);STAG;Stichtag;2022-05-15;GEOLK4;Landkreise u. krsfr. Städte (Stand 15.05.22);03451;Ammerland;WHGRM2;Räume;RAUM01;1 Raum;9,63;€/m²;WHG012;Durchschnittliche Nettokaltmiete;e
4000W;Wohnungen (Gebietsstand 15.05.2022);STAG;Stichtag;2022-05-15;GEOLK4;Landkreise u. krsfr. Städte (Stand 15.05.22);16075;Saale-Orla-Kreis;WHGRM2;Räume;RAUM05;5 Räume;4,89;€/m²;WHG012;Durchschnittliche Nettokaltmiete;e
4000W;Wohnungen (Gebietsstand 15.05.2022);STAG;Stichtag;2022-05-15;GEOLK4;Landkreise u. krsfr. Städte (Stand 15.05.22);08337;Waldshut;WHGRM2;Räume;RAUM03;3 Räume;7,15;€/m²;WHG012;Durchschnittliche Nettokaltmiete;e
4000W;Wohnungen (Gebietsstand 15.05.2022);STAG;Stichtag;2022-05-15;GEOLK4;Landkreise u. krsfr. Städte (Stand 15.05.22);05358;Düren;WHGRM2;Räume;RAUM05;5 Räume;5,59;€/m²;WHG012;Durchschnittliche Nettokaltmiete;e
4000W;Wohnungen (Gebietsstand 15.05.2022);STAG;Stichtag;2022-05-15;GEOLK4;Landkreise u. krsfr. Städte (Stand 15.05.22);03257;Schaumburg;WHGRM2;Räume;RAUM07UM;7 und mehr Räume;4,50;€/m²;WHG012;Durchschnittliche Nettokaltmiete;e
4000W;Wohnungen (Gebietsstand 15.05.2022);STAG;Stichtag;2022-05-15;GEOLK4;Landkreise u. krsfr. Städte (Stand 15.05.22);01054;Nordfriesland;WHGRM2;Räume;RAUM04;4 Räume;7,01;€/m²;WHG012;Durchschnittliche Nettokaltmiete;e
4000W;Wohnungen (Gebietsstand 15.05.2022);STAG;Stichtag;2022-05-15;GEOLK4;Landkreise u. krsfr. Städte (Stand 15.05.22);09676;Miltenberg;WHGRM2;Räume;RAUM01;1 Raum;8,63;€/m²;WHG012;Durchschnittliche Nettokaltmiete;e
4000W;Wohnungen (Gebietsstand 15.05.2022);STAG;Stichtag;2022-05-15;GEOLK4;Landkreise u. krsfr. Städte (Stand 15.05.22);08116;Esslingen;WHGRM2;Räume;RAUM06;6 Räume;8,13;€/m²;WHG012;Durchschnittliche Nettokaltmiete;e
4000W;Wohnungen (Gebietsstand 15.05.2022);STAG;Stichtag;2022-05-15;GEOLK4;Landkreise u. krsfr. Städte (Stand 15.05.22);12067;Oder-Spree;WHGRM2;Räume;;Insgesamt;6,04;€/m²;WHG012;Durchschnittliche Nettokaltmiete;e
4000W;Wohnungen (Gebietsstand 15.05.2022);STAG;Stichtag;2022-05-15;GEOLK4;Landkreise u. krsfr. Städte (Stand 15.05.22);05112;Duisburg, Stadt;WHGRM2;Räume;RAUM05;5 Räume;5,60;€/m²;WHG012;Durchschnittliche Nettokaltmiete;e
4000W;Wohnungen (Gebietsstand 15.05.2022);STAG;Stichtag;2022-05-15;GEOLK4;Landkreise u. krsfr. Städte (Stand 15.05.22);08231;Pforzheim, Stadtkreis;WHGRM2;Räume;RAUM03;3 Räume;7,24;€/m²;WHG012;Durchschnittliche Nettokaltmiete;e
4000W;Wohnungen (Gebietsstand 15.05.2022);STAG;Stichtag;2022-05-15;GEOLK4;Landkreise u. krsfr. Städte (Stand 15.05.22);07134;Birkenfeld;WHGRM2;Räume;RAUM06;6 Räume;4,43;€/m²;WHG012;Durchschnittliche Nettokaltmiete;e
4000W;Wohnungen (Gebietsstand 15.05.2022);STAG;Stichtag;2022-05-15;GEOLK4;Landkreise u. krsfr. Städte (Stand 15.05.22);09176;Eichstätt;WHGRM2;Räume;RAUM04;4 Räume;7,40;€/m²;WHG012;Durchschnittliche Nettokaltmiete;e
4000W;Wohnungen (Gebietsstand 15.05.2022);STAG;Stichtag;2022-05-15;GEOLK4;Landkreise u. krsfr. Städte (Stand 15.05.22);05916;Herne, Stadt;WHGRM2;Räume;RAUM06;6 Räume;5,49;€/m²;WHG012;Durchschnittliche Nettokaltmiete;e
4000W;Wohnungen (Gebietsstand 15.05.2022);STAG;Stichtag;2022-05-15;GEOLK4;Landkreise u. krsfr. Städte (Stand 15.05.22);12053;Frankfurt (Oder), Stadt;WHGRM2;Räume;;Insgesamt;5,41;€/m²;WHG012;Durchschnittliche Nettokaltmiete;e
4000W;Wohnungen (Gebietsstand 15.05.2022);STAG;Stichtag;2022-05-15;GEOLK4;Landkreise u. krsfr. Städte (Stand 15.05.22);03254;Hildesheim;WHGRM2;Räume;RAUM03;3 Räume;5,91;€/m²;WHG012;Durchschnittliche Nettokaltmiete;e
4000W;Wohnungen (Gebietsstand 15.05.2022);STAG;Stichtag;2022-05-15;GEOLK4;Landkreise u. krsfr. Städte (Stand 15.05.22);14628;Sächsische Schweiz-Osterzgebirge;WHGRM2;Räume;RAUM03;3 Räume;5,42;€/m²;WHG012;Durchschnittliche Nettokaltmiete;e
4000W;Wohnungen (Gebietsstand 15.05.2022);STAG;Stichtag;2022-05-15;GEOLK4;Landkreise u. krsfr. Städte (Stand 15.05.22);08135;Heidenheim;WHGRM2;Räume;RAUM06;6 Räume;6,20;€/m²;WHG012;Durchschnittliche Nettokaltmiete;e
4000W;Wohnungen (Gebietsstand 15.05.2022);STAG;Stichtag;2022-05-15;GEOLK4;Landkreise u. krsfr. Städte (Stand 15.05.22);01058;Rendsburg-Eckernförde;WHGRM2;Räume;RAUM02;2 Räume;7,31;€/m²;WHG012;Durchschnittliche Nettokaltmiete;e
4000W;Wohnungen (Gebietsstand 15.05.2022);STAG;Stichtag;2022-05-15;GEOLK4;Landkreise u. krsfr. Städte (Stand 15.05.22);12063;Havelland;WHGRM2;Räume;RAUM01;1 Raum;7,92;€/m²;WHG012;Durchschnittliche Nettokaltmiete;e
4000W;Wohnungen (Gebietsstand 15.05.2022);STAG;Stichtag;2022-05-15;GEOLK4;Landkreise u. krsfr. Städte (Stand 15.05.22);08216;Rastatt;WHGRM2;Räume;RAUM03;3 Räume;7,16;€/m²;WHG012;Durchschnittliche Nettokaltmiete;e
4000W;Wohnungen (Gebietsstand 15.05.2022);STAG;Stichtag;2022-05-15;GEOLK4;Landkreise u. krsfr. Städte (Stand 15.05.22);09561;Ansbach, Kreisfreie Stadt;WHGRM2;Räume;RAUM05;5 Räume;6,15;€/m²;WHG012;Durchschnittliche Nettokaltmiete;e
4000W;Wohnungen (Gebietsstand 15.05.2022);STAG;Stichtag;2022-05-15;GEOLK4;Landkreise u. krsfr. Städte (Stand 15.05.22);06411;Darmstadt, Wissenschaftsstadt;WHGRM2;Räume;RAUM07UM;7 und mehr Räume;8,52;€/m²;WHG012;Durchschnittliche Nettokaltmiete;e
4000W;Wohnungen (Gebietsstand 15.05.2022);STAG;Stichtag;2022-05-15;GEOLK4;Landkreise u. krsfr. Städte (Stand 15.05.22);03103;Wolfsburg, Stadt;WHGRM2;Räume;RAUM02;2 Räume;7,55;€/m²;WHG012;Durchschnittliche Nettokaltmiete;e
4000W;Wohnungen (Gebietsstand 15.05.2022);STAG;Stichtag;2022-05-15;GEOLK4;Landkreise u. krsfr. Städte (Stand 15.05.22);06438;Offenbach;WHGRM2;Räume;;Insgesamt;8,58;€/m²;WHG012;Durchschnittliche Nettokaltmiete;e
4000W;Wohnungen (Gebietsstand 15.05.2022);STAG;Stichtag;2022-05-15;GEOLK4;Landkreise u. krsfr. Städte (Stand 15.05.22);10043;Neunkirchen;WHGRM2;Räume;;Insgesamt;5,60;€/m²;WHG012;Durchschnittliche Nettokaltmiete;e
4000W;Wohnungen (Gebietsstand 15.05.2022);STAG;Stichtag;2022-05-15;GEOLK4;Landkreise u. krsfr. Städte (Stand 15.05.22);08119;Rems-Murr-Kreis;WHGRM2;Räume;RAUM07UM;7 und mehr Räume;7,02;€/m²;WHG012;Durchschnittliche Nettokaltmiete;e
4000W;Wohnungen (Gebietsstand 15.05.2022);STAG;Stichtag;2022-05-15;GEOLK4;Landkreise u. krsfr. Städte (Stand 15.05.22);12065;Oberhavel;WHGRM2;Räume;RAUM06;6 Räume;6,82;€/m²;WHG012;Durchschnittliche Nettokaltmiete;e
4000W;Wohnungen (Gebietsstand 15.05.2022);STAG;Stichtag;2022-05-15;GEOLK4;Landkreise u. krsfr. Städte (Stand 15.05.22);07340;Südwestpfalz;WHGRM2;Räume;RAUM01;1 Raum;6,70;€/m²;WHG012;Durchschnittliche Nettokaltmiete;e
4000W;Wohnungen (Gebietsstand 15.05.2022);STAG;Stichtag;2022-05-15;GEOLK4;Landkreise u. krsfr. Städte (Stand 15.05.22);09371;Amberg-Sulzbach;WHGRM2;Räume;RAUM07UM;7 und mehr Räume;5,42;€/m²;WHG012;Durchschnittliche Nettokaltmiete;e
4000W;Wohnungen (Gebietsstand 15.05.2022);STAG;Stichtag;2022-05-15;GEOLK4;Landkreise u. krsfr. Städte (Stand 15.05.22);09764;Memmingen;WHGRM2;Räume;RAUM06;6 Räume;6,39;€/m²;WHG012;Durchschnittliche Nettokaltmiete;e
4000W;Wohnungen (Gebietsstand 15.05.2022);STAG;Stichtag;2022-05-15;GEOLK4;Landkreise u. krsfr. Städte (Stand 15.05.22);12054;Potsdam, Stadt;WHGRM2;Räume;RAUM05;5 Räume;7,13;€/m²;WHG012;Durchschnittliche Nettokaltmiete;e
4000W;Wohnungen (Gebietsstand 15.05.2022);STAG;Stichtag;2022-05-15;GEOLK4;Landkreise u. krsfr. Städte (Stand 15.05.22);06531;Gießen;WHGRM2;Räume;RAUM02;2 Räume;7,79;€/m²;WHG012;Durchschnittliche Nettokaltmiete;e
4000W;Wohnungen (Gebietsstand 15.05.2022);STAG;Stichtag;2022-05-15;GEOLK4;Landkreise u. krsfr. Städte (Stand 15.05.22);14522;Mittelsachsen;WHGRM2;Räume;RAUM07UM;7 und mehr Räume;4,44;€/m²;WHG012;Durchschnittliche Nettokaltmiete;e
4000W;Wohnungen (Gebietsstand 15.05.2022);STAG;Stichtag;2022-05-15;GEOLK4;Landkreise u. krsfr. Städte (Stand 15.05.22);07131;Ahrweiler;WHGRM2;Räume;RAUM07UM;7 und mehr Räume;5,48;€/m²;WHG012;Durchschnittliche Nettokaltmiete;e
4000W;Wohnungen (Gebietsstand 15.05.2022);STAG;Stichtag;2022-05-15;GEOLK4;Landkreise u. krsfr. Städte (Stand 15.05.22);10046;St. Wendel;WHGRM2;Räume;RAUM06;6 Räume;4,73;€/m²;WHG012;Durchschnittliche Nettokaltmiete;e
4000W;Wohnungen (Gebietsstand 15.05.2022);STAG;Stichtag;2022-05-15;GEOLK4;Landkreise u. krsfr. Städte (Stand 15.05.22);08326;Schwarzwald-Baar-Kreis;WHGRM2;Räume;RAUM02;2 Räume;7,53;€/m²;WHG012;Durchschnittliche Nettokaltmiete;e
4000W;Wohnungen (Gebietsstand 15.05.2022);STAG;Stichtag;2022-05-15;GEOLK4;Landkreise u. krsfr. Städte (Stand 15.05.22);06533;Limburg-Weilburg;WHGRM2;Räume;RAUM05;5 Räume;5,45;€/m²;WHG012;Durchschnittliche Nettokaltmiete;e
4000W;Wohnungen (Gebietsstand 15.05.2022);STAG;Stichtag;2022-05-15;GEOLK4;Landkreise u. krsfr. Städte (Stand 15.05.22);12069;Potsdam-Mittelmark;WHGRM2;Räume;RAUM04;4 Räume;6,51;€/m²;WHG012;Durchschnittliche Nettokaltmiete;e
4000W;Wohnungen (Gebietsstand 15.05.2022);STAG;Stichtag;2022-05-15;GEOLK4;Landkreise u. krsfr. Städte (Stand 15.05.22);08415;Reutlingen;WHGRM2;Räume;RAUM06;6 Räume;6,91;€/m²;WHG012;Durchschnittliche Nettokaltmiete;e
4000W;Wohnungen (Gebietsstand 15.05.2022);STAG;Stichtag;2022-05-15;GEOLK4;Landkreise u. krsfr. Städte (Stand 15.05.22);07335;Kaiserslautern;WHGRM2;Räume;RAUM03;3 Räume;6,00;€/m²;WHG012;Durchschnittliche Nettokaltmiete;e
4000W;Wohnungen (Gebietsstand 15.05.2022);STAG;Stichtag;2022-05-15;GEOLK4;Landkreise u. krsfr. Städte (Stand 15.05.22);09678;Schweinfurt, Landkreis;WHGRM2;Räume;;Insgesamt;5,55;€/m²;WHG012;Durchschnittliche Nettokaltmiete;e
4000W;Wohnungen (Gebietsstand 15.05.2022);STAG;Stichtag;2022-05-15;GEOLK4;Landkreise u. krsfr. Städte (Stand 15.05.22);01004;Neumünster, Stadt;WHGRM2;Räume;RAUM07UM;7 und mehr Räume;6,03;€/m²;WHG012;Durchschnittliche Nettokaltmiete;e
4000W;Wohnungen (Gebietsstand 15.05.2022);STAG;Stichtag;2022-05-15;GEOLK4;Landkreise u. krsfr. Städte (Stand 15.05.22);06534;Marburg-Biedenkopf;WHGRM2;Räume;RAUM07UM;7 und mehr Räume;5,79;€/m²;WHG012;Durchschnittliche Nettokaltmiete;e
4000W;Wohnungen (Gebietsstand 15.05.2022);STAG;Stichtag;2022-05-15;GEOLK4;Landkreise u. krsfr. Städte (Stand 15.05.22);06412;Frankfurt am Main, Stadt;WHGRM2;Räume;RAUM05;5 Räume;9,60;€/m²;WHG012;Durchschnittliche Nettokaltmiete;e
4000W;Wohnungen (Gebietsstand 15.05.2022);STAG;Stichtag;2022-05-15;GEOLK4;Landkreise u. krsfr. Städte (Stand 15.05.22);09474;Forchheim;WHGRM2;Räume;RAUM04;4 Räume;6,32;€/m²;WHG012;Durchschnittliche Nettokaltmiete;e
4000W;Wohnungen (Gebietsstand 15.05.2022);STAG;Stichtag;2022-05-15;GEOLK4;Landkreise u. krsfr. Städte (Stand 15.05.22);08235;Calw;WHGRM2;Räume;RAUM03;3 Räume;7,03;€/m²;WHG012;Durchschnittliche Nettokaltmiete;e
4000W;Wohnungen (Gebietsstand 15.05.2022);STAG;Stichtag;2022-05-15;GEOLK4;Landkreise u. krsfr. Städte (Stand 15.05.22);05978;Unna;WHGRM2;Räume;RAUM03;3 Räume;5,74;€/m²;WHG012;Durchschnittliche Nettokaltmiete;e
4000W;Wohnungen (Gebietsstand 15.05.2022);STAG;Stichtag;2022-05-15;GEOLK4;Landkreise u. krsfr. Städte (Stand 15.05.22);14729;Leipzig;WHGRM2;Räume;RAUM04;4 Räume;5,19;€/m²;WHG012;Durchschnittliche Nettokaltmiete;e
4000W;Wohnungen (Gebietsstand 15.05.2022);STAG;Stichtag;2022-05-15;GEOLK4;Landkreise u. krsfr. Städte (Stand 15.05.22);08225;Neckar-Odenwald-Kreis;WHGRM2;Räume;;Insgesamt;5,97;€/m²;WHG012;Durchschnittliche Nettokaltmiete;e
4000W;Wohnungen (Gebietsstand 15.05.2022);STAG;Stichtag;2022-05-15;GEOLK4;Landkreise u. krsfr. Städte (Stand 15.05.22);16065;Kyffhäuserkreis;WHGRM2;Räume;RAUM03;3 Räume;4,99;€/m²;WHG012;Durchschnittliche Nettokaltmiete;e
4000W;Wohnungen (Gebietsstand 15.05.2022);STAG;Stichtag;2022-05-15;GEOLK4;Landkreise u. krsfr. Städte (Stand 15.05.22);08226;Rhein-Neckar-Kreis;WHGRM2;Räume;RAUM05;5 Räume;7,06;€/m²;WHG012;Durchschnittliche Nettokaltmiete;e
4000W;Wohnungen (Gebietsstand 15.05.2022);STAG;Stichtag;2022-05-15;GEOLK4;Landkreise u. krsfr. Städte (Stand 15.05.22);03453;Cloppenburg;WHGRM2;Räume;;Insgesamt;5,87;€/m²;WHG012;Durchschnittliche Nettokaltmiete;e
4000W;Wohnungen (Gebietsstand 15.05.2022);STAG;Stichtag;2022-05-15;GEOLK4;Landkreise u. krsfr. Städte (Stand 15.05.22);09263;Straubing;WHGRM2;Räume;RAUM03;3 Räume;6,49;€/m²;WHG012;Durchschnittliche Nettokaltmiete;e
4000W;Wohnungen (Gebietsstand 15.05.2022);STAG;Stichtag;2022-05-15;GEOLK4;Landkreise u. krsfr. Städte (Stand 15.05.22);07211;Trier, kreisfreie Stadt;WHGRM2;Räume;RAUM03;3 Räume;7,66;€/m²;WHG012;Durchschnittliche Nettokaltmiete;e
4000W;Wohnungen (Gebietsstand 15.05.2022);STAG;Stichtag;2022-05-15;GEOLK4;Landkreise u. krsfr. Städte (Stand 15.05.22);09464;Hof, Kreisfreie Stadt;WHGRM2;Räume;RAUM07UM;7 und mehr Räume;4,78;€/m²;WHG012;Durchschnittliche Nettokaltmiete;e
4000W;Wohnungen (Gebietsstand 15.05.2022);STAG;Stichtag;2022-05-15;GEOLK4;Landkreise u. krsfr. Städte (Stand 15.05.22);14730;Nordsachsen;WHGRM2;Räume;RAUM04;4 Räume;5,07;€/m²;WHG012;Durchschnittliche Nettokaltmiete;e
4000W;Wohnungen (Gebietsstand 15.05.2022);STAG;Stichtag;2022-05-15;GEOLK4;Landkreise u. krsfr. Städte (Stand 15.05.22);03158;Wolfenbüttel;WHGRM2;Räume;RAUM06;6 Räume;5,35;€/m²;WHG012;Durchschnittliche Nettokaltmiete;e
4000W;Wohnungen (Gebietsstand 15.05.2022);STAG;Stichtag;2022-05-15;GEOLK4;Landkreise u. krsfr. Städte (Stand 15.05.22);02000;Hamburg, Freie und Hansestadt;WHGRM2;Räume;RAUM01;1 Raum;12,14;€/m²;WHG012;Durchschnittliche Nettokaltmiete;e
4000W;Wohnungen (Gebietsstand 15.05.2022);STAG;Stichtag;2022-05-15;GEOLK4;Landkreise u. krsfr. Städte (Stand 15.05.22);03357;Rotenburg (Wümme);WHGRM2;Räume;;Insgesamt;6,04;€/m²;WHG012;Durchschnittliche Nettokaltmiete;e
4000W;Wohnungen (Gebietsstand 15.05.2022);STAG;Stichtag;2022-05-15;GEOLK4;Landkreise u. krsfr. Städte (Stand 15.05.22);09478;Lichtenfels;WHGRM2;Räume;RAUM04;4 Räume;5,17;€/m²;WHG012;Durchschnittliche Nettokaltmiete;e
4000W;Wohnungen (Gebietsstand 15.05.2022);STAG;Stichtag;2022-05-15;GEOLK4;Landkreise u. krsfr. Städte (Stand 15.05.22);07316;Neustadt an der Weinstraße, kreisfreie Stadt;WHGRM2;Räume;RAUM03;3 Räume;6,78;€/m²;WHG012;Durchschnittliche Nettokaltmiete;e
4000W;Wohnungen (Gebietsstand 15.05.2022);STAG;Stichtag;2022-05-15;GEOLK4;Landkreise u. krsfr. Städte (Stand 15.05.22);07137;Mayen-Koblenz;WHGRM2;Räume;;Insgesamt;5,88;€/m²;WHG012;Durchschnittliche Nettokaltmiete;e
4000W;Wohnungen (Gebietsstand 15.05.2022);STAG;Stichtag;2022-05-15;GEOLK4;Landkreise u. krsfr. Städte (Stand 15.05.22);05966;Olpe;WHGRM2;Räume;RAUM06;6 Räume;5,15;€/m²;WHG012;Durchschnittliche Nettokaltmiete;e
4000W;Wohnungen (Gebietsstand 15.05.2022);STAG;Stichtag;2022-05-15;GEOLK4;Landkreise u. krsfr. Städte (Stand 15.05.22);06633;Kassel;WHGRM2;Räume;RAUM02;2 Räume;6,40;€/m²;WHG012;Durchschnittliche Nettokaltmiete;e
4000W;Wohnungen (Gebietsstand 15.05.2022);STAG;Stichtag;2022-05-15;GEOLK4;Landkreise u. krsfr. Städte (Stand 15.05.22);07319;Worms, kreisfreie Stadt;WHGRM2;Räume;RAUM07UM;7 und mehr Räume;7,22;€/m²;WHG012;Durchschnittliche Nettokaltmiete;e
4000W;Wohnungen (Gebietsstand 15.05.2022);STAG;Stichtag;2022-05-15;GEOLK4;Landkreise u. krsfr. Städte (Stand 15.05.22);05562;Recklinghausen;WHGRM2;Räume;RAUM06;6 Räume;5,65;€/m²;WHG012;Durchschnittliche Nettokaltmiete;e
4000W;Wohnungen (Gebietsstand 15.05.2022);STAG;Stichtag;2022-05-15;GEOLK4;Landkreise u. krsfr. Städte (Stand 15.05.22);09184;München, Landkreis;WHGRM2;Räume;;Insgesamt;11,74;€/m²;WHG012;Durchschnittliche Nettokaltmiete;e
4000W;Wohnungen (Gebietsstand 15.05.2022);STAG;Stichtag;2022-05-15;GEOLK4;Landkreise u. krsfr. Städte (Stand 15.05.22);07332;Bad Dürkheim;WHGRM2;Räume;RAUM03;3 Räume;6,83;€/m²;WHG012;Durchschnittliche Nettokaltmiete;e
4000W;Wohnungen (Gebietsstand 15.05.2022);STAG;Stichtag;2022-05-15;GEOLK4;Landkreise u. krsfr. Städte (Stand 15.05.22);09775;Neu-Ulm;WHGRM2;Räume;RAUM07UM;7 und mehr Räume;6,57;€/m²;WHG012;Durchschnittliche Nettokaltmiete;e
4000W;Wohnungen (Gebietsstand 15.05.2022);STAG;Stichtag;2022-05-15;GEOLK4;Landkreise u. krsfr. Städte (Stand 15.05.22);10041;Regionalverband Saarbrücken;WHGRM2;Räume;RAUM02;2 Räume;7,26;€/m²;WHG012;Durchschnittliche Nettokaltmiete;e
4000W;Wohnungen (Gebietsstand 15.05.2022);STAG;Stichtag;2022-05-15;GEOLK4;Landkreise u. krsfr. Städte (Stand 15.05.22);03456;Grafschaft Bentheim;WHGRM2;Räume;RAUM06;6 Räume;5,13;€/m²;WHG012;Durchschnittliche Nettokaltmiete;e
4000W;Wohnungen (Gebietsstand 15.05.2022);STAG;Stichtag;2022-05-15;GEOLK4;Landkreise u. krsfr. Städte (Stand 15.05.22);03103;Wolfsburg, Stadt;WHGRM2;Räume;RAUM07UM;7 und mehr Räume;6,85;€/m²;WHG012;Durchschnittliche Nettokaltmiete;e
4000W;Wohnungen (Gebietsstand 15.05.2022);STAG;Stichtag;2022-05-15;GEOLK4;Landkreise u. krsfr. Städte (Stand 15.05.22);07111;Koblenz, kreisfreie Stadt;WHGRM2;Räume;RAUM06;6 Räume;6,26;€/m²;WHG012;Durchschnittliche Nettokaltmiete;e
4000W;Wohnungen (Gebietsstand 15.05.2022);STAG;Stichtag;2022-05-15;GEOLK4;Landkreise u. krsfr. Städte (Stand 15.05.22);06431;Bergstraße;WHGRM2;Räume;RAUM05;5 Räume;6,46;€/m²;WHG012;Durchschnittliche Nettokaltmiete;e
4000W;Wohnungen (Gebietsstand 15.05.2022);STAG;Stichtag;2022-05-15;GEOLK4;Landkreise u. krsfr. Städte (Stand 15.05.22);09574;Nürnberger Land;WHGRM2;Räume;RAUM01;1 Raum;8,35;€/m²;WHG012;Durchschnittliche Nettokaltmiete;e
4000W;Wohnungen (Gebietsstand 15.05.2022);STAG;Stichtag;2022-05-15;GEOLK4;Landkreise u. krsfr. Städte (Stand 15.05.22);09773;Dillingen a.d.Donau;WHGRM2;Räume;RAUM04;4 Räume;6,01;€/m²;WHG012;Durchschnittliche Nettokaltmiete;e
4000W;Wohnungen (Gebietsstand 15.05.2022);STAG;Stichtag;2022-05-15;GEOLK4;Landkreise u. krsfr. Städte (Stand 15.05.22);03351;Celle;WHGRM2;Räume;RAUM06;6 Räume;5,20;€/m²;WHG012;Durchschnittliche Nettokaltmiete;e
4000W;Wohnungen (Gebietsstand 15.05.2022);STAG;Stichtag;2022-05-15;GEOLK4;Landkreise u. krsfr. Städte (Stand 15.05.22);05382;Rhein-Sieg-Kreis;WHGRM2;Räume;RAUM03;3 Räume;7,31;€/m²;WHG012;Durchschnittliche Nettokaltmiete;e
4000W;Wohnungen (Gebietsstand 15.05.2022);STAG;Stichtag;2022-05-15;GEOLK4;Landkreise u. krsfr. Städte (Stand 15.05.22);03360;Uelzen;WHGRM2;Räume;RAUM02;2 Räume;6,80;€/m²;WHG012;Durchschnittliche Nettokaltmiete;e
4000W;Wohnungen (Gebietsstand 15.05.2022);STAG;Stichtag;2022-05-15;GEOLK4;Landkreise u. krsfr. Städte (Stand 15.05.22);09461;Bamberg, Kreisfreie Stadt;WHGRM2;Räume;;Insgesamt;7,66;€/m²;WHG012;Durchschnittliche Nettokaltmiete;e
4000W;Wohnungen (Gebietsstand 15.05.2022);STAG;Stichtag;2022-05-15;GEOLK4;Landkreise u. krsfr. Städte (Stand 15.05.22);12073;Uckermark;WHGRM2;Räume;RAUM05;5 Räume;4,94;€/m²;WHG012;Durchschnittliche Nettokaltmiete;e
4000W;Wohnungen (Gebietsstand 15.05.2022);STAG;Stichtag;2022-05-15;GEOLK4;Landkreise u. krsfr. Städte (Stand 15.05.22);03462;Wittmund;WHGRM2;Räume;RAUM02;2 Räume;8,01;€/m²;WHG012;Durchschnittliche Nettokaltmiete;e
4000W;Wohnungen (Gebietsstand 15.05.2022);STAG;Stichtag;2022-05-15;GEOLK4;Landkreise u. krsfr. Städte (Stand 15.05.22);09162;München, Landeshauptstadt;WHGRM2;Räume;RAUM02;2 Räume;13,39;€/m²;WHG012;Durchschnittliche Nettokaltmiete;e
4000W;Wohnungen (Gebietsstand 15.05.2022);STAG;Stichtag;2022-05-15;GEOLK4;Landkreise u. krsfr. Städte (Stand 15.05.22);07311;Frankenthal (Pfalz), kreisfreie Stadt;WHGRM2;Räume;RAUM06;6 Räume;6,26;€/m²;WHG012;Durchschnittliche Nettokaltmiete;e
4000W;Wohnungen (Gebietsstand 15.05.2022);STAG;Stichtag;2022-05-15;GEOLK4;Landkreise u. krsfr. Städte (Stand 15.05.22);15002;Halle (Saale), Stadt;WHGRM2;Räume;RAUM07UM;7 und mehr Räume;5,74;€/m²;WHG012;Durchschnittliche Nettokaltmiete;e
4000W;Wohnungen (Gebietsstand 15.05.2022);STAG;Stichtag;2022-05-15;GEOLK4;Landkreise u. krsfr. Städte (Stand 15.05.22);05766;Lippe;WHGRM2;Räume;RAUM04;4 Räume;5,40;€/m²;WHG012;Durchschnittliche Nettokaltmiete;e
4000W;Wohnungen (Gebietsstand 15.05.2022);STAG;Stichtag;2022-05-15;GEOLK4;Landkreise u. krsfr. Städte (Stand 15.05.22);15091;Wittenberg;WHGRM2;Räume;RAUM01;1 Raum;6,42;€/m²;WHG012;Durchschnittliche Nettokaltmiete;e
4000W;Wohnungen (Gebietsstand 15.05.2022);STAG;Stichtag;2022-05-15;GEOLK4;Landkreise u. krsfr. Städte (Stand 15.05.22);07232;Eifelkreis Bitburg-Prüm;WHGRM2;Räume;RAUM06;6 Räume;5,48;€/m²;WHG012;Durchschnittliche Nettokaltmiete;e
4000W;Wohnungen (Gebietsstand 15.05.2022);STAG;Stichtag;2022-05-15;GEOLK4;Landkreise u. krsfr. Städte (Stand 15.05.22);09187;Rosenheim, Landkreis;WHGRM2;Räume;RAUM05;5 Räume;7,98;€/m²;WHG012;Durchschnittliche Nettokaltmiete;e
4000W;Wohnungen (Gebietsstand 15.05.2022);STAG;Stichtag;2022-05-15;GEOLK4;Landkreise u. krsfr. Städte (Stand 15.05.22);05366;Euskirchen;WHGRM2;Räume;RAUM03;3 Räume;6,31;€/m²;WHG012;Durchschnittliche Nettokaltmiete;e
4000W;Wohnungen (Gebietsstand 15.05.2022);STAG;Stichtag;2022-05-15;GEOLK4;Landkreise u. krsfr. Städte (Stand 15.05.22);06611;Kassel, documenta-Stadt;WHGRM2;Räume;;Insgesamt;6,77;€/m²;WHG012;Durchschnittliche Nettokaltmiete;e
4000W;Wohnungen (Gebietsstand 15.05.2022);STAG;Stichtag;2022-05-15;GEOLK4;Landkreise u. krsfr. Städte (Stand 15.05.22);09671;Aschaffenburg, Landkreis;WHGRM2;Räume;RAUM04;4 Räume;6,54;€/m²;WHG012;Durchschnittliche Nettokaltmiete;e
4000W;Wohnungen (Gebietsstand 15.05.2022);STAG;Stichtag;2022-05-15;GEOLK4;Landkreise u. krsfr. Städte (Stand 15.05.22);09463;Coburg, Kreisfreie Stadt;WHGRM2;Räume;RAUM03;3 Räume;6,39;€/m²;WHG012;Durchschnittliche Nettokaltmiete;e
4000W;Wohnungen (Gebietsstand 15.05.2022);STAG;Stichtag;2022-05-15;GEOLK4;Landkreise u. krsfr. Städte (Stand 15.05.22);14522;Mittelsachsen;WHGRM2;Räume;RAUM03;3 Räume;5,04;€/m²;WHG012;Durchschnittliche Nettokaltmiete;e
4000W;Wohnungen (Gebietsstand 15.05.2022);STAG;Stichtag;2022-05-15;GEOLK4;Landkreise u. krsfr. Städte (Stand 15.05.22);05374;Oberbergischer Kreis;WHGRM2;Räume;RAUM04;4 Räume;5,65;€/m²;WHG012;Durchschnittliche Nettokaltmiete;e
4000W;Wohnungen (Gebietsstand 15.05.2022);STAG;Stichtag;2022-05-15;GEOLK4;Landkreise u. krsfr. Städte (Stand 15.05.22);08121;Heilbronn, Stadtkreis;WHGRM2;Räume;RAUM07UM;7 und mehr Räume;7,68;€/m²;WHG012;Durchschnittliche Nettokaltmiete;e
4000W;Wohnungen (Gebietsstand 15.05.2022);STAG;Stichtag;2022-05-15;GEOLK4;Landkreise u. krsfr. Städte (Stand 15.05.22);09278;Straubing-Bogen;WHGRM2;Räume;RAUM04;4 Räume;5,51;€/m²;WHG012;Durchschnittliche Nettokaltmiete;e
4000W;Wohnungen (Gebietsstand 15.05.2022);STAG;Stichtag;2022-05-15;GEOLK4;Landkreise u. krsfr. Städte (Stand 15.05.22);07143;Westerwaldkreis;WHGRM2;Räume;;Insgesamt;5,66;€/m²;WHG012;Durchschnittliche Nettokaltmiete;e
4000W;Wohnungen (Gebietsstand 15.05.2022);STAG;Stichtag;2022-05-15;GEOLK4;Landkreise u. krsfr. Städte (Stand 15.05.22);16068;Sömmerda;WHGRM2;Räume;RAUM04;4 Räume;5,20;€/m²;WHG012;Durchschnittliche Nettokaltmiete;e
4000W;Wohnungen (Gebietsstand 15.05.2022);STAG;Stichtag;2022-05-15;GEOLK4;Landkreise u. krsfr. Städte (Stand 15.05.22);05762;Höxter;WHGRM2;Räume;RAUM06;6 Räume;4,18;€/m²;WHG012;Durchschnittliche Nettokaltmiete;e
4000W;Wohnungen (Gebietsstand 15.05.2022);STAG;Stichtag;2022-05-15;GEOLK4;Landkreise u. krsfr. Städte (Stand 15.05.22);08436;Ravensburg;WHGRM2;Räume;RAUM01;1 Raum;10,70;€/m²;WHG012;Durchschnittliche Nettokaltmiete;e
4000W;Wohnungen (Gebietsstand 15.05.2022);STAG;Stichtag;2022-05-15;GEOLK4;Landkreise u. krsfr. Städte (Stand 15.05.22);09675;Kitzingen;WHGRM2;Räume;RAUM02;2 Räume;6,53;€/m²;WHG012;Durchschnittliche Nettokaltmiete;e
4000W;Wohnungen (Gebietsstand 15.05.2022);STAG;Stichtag;2022-05-15;GEOLK4;Landkreise u. krsfr. Städte (Stand 15.05.22);15086;Jerichower Land;WHGRM2;Räume;RAUM03;3 Räume;5,21;€/m²;WHG012;Durchschnittliche Nettokaltmiete;e
4000W;Wohnungen (Gebietsstand 15.05.2022);STAG;Stichtag;2022-05-15;GEOLK4;Landkreise u. krsfr. Städte (Stand 15.05.22);08211;Baden-Baden, Stadtkreis;WHGRM2;Räume;;Insgesamt;7,83;€/m²;WHG012;Durchschnittliche Nettokaltmiete;e
4000W;Wohnungen (Gebietsstand 15.05.2022);STAG;Stichtag;2022-05-15;GEOLK4;Landkreise u. krsfr. Städte (Stand 15.05.22);09462;Bayreuth, Kreisfreie Stadt;WHGRM2;Räume;RAUM07UM;7 und mehr Räume;6,71;€/m²;WHG012;Durchschnittliche Nettokaltmiete;e
4000W;Wohnungen (Gebietsstand 15.05.2022);STAG;Stichtag;2022-05-15;GEOLK4;Landkreise u. krsfr. Städte (Stand 15.05.22);01054;Nordfriesland;WHGRM2;Räume;RAUM07UM;7 und mehr Räume;6,45;€/m²;WHG012;Durchschnittliche Nettokaltmiete;e
4000W;Wohnungen (Gebietsstand 15.05.2022);STAG;Stichtag;2022-05-15;GEOLK4;Landkreise u. krsfr. Städte (Stand 15.05.22);05166;Viersen;WHGRM2;Räume;RAUM03;3 Räume;6,41;€/m²;WHG012;Durchschnittliche Nettokaltmiete;e
4000W;Wohnungen (Gebietsstand 15.05.2022);STAG;Stichtag;2022-05-15;GEOLK4;Landkreise u. krsfr. Städte (Stand 15.05.22);05974;Soest;WHGRM2;Räume;RAUM05;5 Räume;5,34;€/m²;WHG012;Durchschnittliche Nettokaltmiete;e
4000W;Wohnungen (Gebietsstand 15.05.2022);STAG;Stichtag;2022-05-15;GEOLK4;Landkreise u. krsfr. Städte (Stand 15.05.22);07339;Mainz-Bingen;WHGRM2;Räume;RAUM03;3 Räume;7,71;€/m²;WHG012;Durchschnittliche Nettokaltmiete;e
4000W;Wohnungen (Gebietsstand 15.05.2022);STAG;Stichtag;2022-05-15;GEOLK4;Landkreise u. krsfr. Städte (Stand 15.05.22);08215;Karlsruhe, Landkreis;WHGRM2;Räume;RAUM04;4 Räume;7,03;€/m²;WHG012;Durchschnittliche Nettokaltmiete;e
4000W;Wohnungen (Gebietsstand 15.05.2022);STAG;Stichtag;2022-05-15;GEOLK4;Landkreise u. krsfr. Städte (Stand 15.05.22);05124;Wuppertal, Stadt;WHGRM2;Räume;RAUM03;3 Räume;6,03;€/m²;WHG012;Durchschnittliche Nettokaltmiete;e
4000W;Wohnungen (Gebietsstand 15.05.2022);STAG;Stichtag;2022-05-15;GEOLK4;Landkreise u. krsfr. Städte (Stand 15.05.22);09772;Augsburg, Landkreis;WHGRM2;Räume;RAUM05;5 Räume;6,94;€/m²;WHG012;Durchschnittliche Nettokaltmiete;e
4000W;Wohnungen (Gebietsstand 15.05.2022);STAG;Stichtag;2022-05-15;GEOLK4;Landkreise u. krsfr. Städte (Stand 15.05.22);13076;Ludwigslust-Parchim;WHGRM2;Räume;RAUM07UM;7 und mehr Räume;4,35;€/m²;WHG012;Durchschnittliche Nettokaltmiete;e
4000W;Wohnungen (Gebietsstand 15.05.2022);STAG;Stichtag;2022-05-15;GEOLK4;Landkreise u. krsfr. Städte (Stand 15.05.22);05378;Rheinisch-Bergischer Kreis;WHGRM2;Räume;RAUM02;2 Räume;7,87;€/m²;WHG012;Durchschnittliche Nettokaltmiete;e
4000W;Wohnungen (Gebietsstand 15.05.2022);STAG;Stichtag;2022-05-15;GEOLK4;Landkreise u. krsfr. Städte (Stand 15.05.22);09679;Würzburg, Landkreis;WHGRM2;Räume;RAUM02;2 Räume;7,66;€/m²;WHG012;Durchschnittliche Nettokaltmiete;e
4000W;Wohnungen (Gebietsstand 15.05.2022);STAG;Stichtag;2022-05-15;GEOLK4;Landkreise u. krsfr. Städte (Stand 15.05.22);03153;Goslar;WHGRM2;Räume;RAUM07UM;7 und mehr Räume;4,24;€/m²;WHG012;Durchschnittliche Nettokaltmiete;e
4000W;Wohnungen (Gebietsstand 15.05.2022);STAG;Stichtag;2022-05-15;GEOLK4;Landkreise u. krsfr. Städte (Stand 15.05.22);07320;Zweibrücken, kreisfreie Stadt;WHGRM2;Räume;RAUM04;4 Räume;4,91;€/m²;WHG012;Durchschnittliche Nettokaltmiete;e
4000W;Wohnungen (Gebietsstand 15.05.2022);STAG;Stichtag;2022-05-15;GEOLK4;Landkreise u. krsfr. Städte (Stand 15.05.22);07233;Vulkaneifel;WHGRM2;Räume;RAUM03;3 Räume;5,40;€/m²;WHG012;Durchschnittliche Nettokaltmiete;e
4000W;Wohnungen (Gebietsstand 15.05.2022);STAG;Stichtag;2022-05-15;GEOLK4;Landkreise u. krsfr. Städte (Stand 15.05.22);06435;Main-Kinzig-Kreis;WHGRM2;Räume;RAUM05;5 Räume;6,64;€/m²;WHG012;Durchschnittliche Nettokaltmiete;e
4000W;Wohnungen (Gebietsstand 15.05.2022);STAG;Stichtag;2022-05-15;GEOLK4;Landkreise u. krsfr. Städte (Stand 15.05.22);08315;Breisgau-Hochschwarzwald;WHGRM2;Räume;RAUM01;1 Raum;10,16;€/m²;WHG012;Durchschnittliche Nettokaltmiete;e
4000W;Wohnungen (Gebietsstand 15.05.2022);STAG;Stichtag;2022-05-15;GEOLK4;Landkreise u. krsfr. Städte (Stand 15.05.22);15087;Mansfeld-Südharz;WHGRM2;Räume;RAUM07UM;7 und mehr Räume;4,24;€/m²;WHG012;Durchschnittliche Nettokaltmiete;e
4000W;Wohnungen (Gebietsstand 15.05.2022);STAG;Stichtag;2022-05-15;GEOLK4;Landkreise u. krsfr. Städte (Stand 15.05.22);05119;Oberhausen, Stadt;WHGRM2;Räume;RAUM05;5 Räume;5,51;€/m²;WHG012;Durchschnittliche Nettokaltmiete;e
4000W;Wohnungen (Gebietsstand 15.05.2022);STAG;Stichtag;2022-05-15;GEOLK4;Landkreise u. krsfr. Städte (Stand 15.05.22);03361;Verden;WHGRM2;Räume;RAUM01;1 Raum;9,09;€/m²;WHG012;Durchschnittliche Nettokaltmiete;e
4000W;Wohnungen (Gebietsstand 15.05.2022);STAG;Stichtag;2022-05-15;GEOLK4;Landkreise u. krsfr. Städte (Stand 15.05.22);05124;Wuppertal, Stadt;WHGRM2;Räume;;Insgesamt;6,10;€/m²;WHG012;Durchschnittliche Nettokaltmiete;e
4000W;Wohnungen (Gebietsstand 15.05.2022);STAG;Stichtag;2022-05-15;GEOLK4;Landkreise u. krsfr. Städte (Stand 15.05.22);05162;Rhein-Kreis Neuss;WHGRM2;Räume;RAUM05;5 Räume;7,28;€/m²;WHG012;Durchschnittliche Nettokaltmiete;e
4000W;Wohnungen (Gebietsstand 15.05.2022);STAG;Stichtag;2022-05-15;GEOLK4;Landkreise u. krsfr. Städte (Stand 15.05.22);16069;Hildburghausen;WHGRM2;Räume;RAUM01;1 Raum;5,88;€/m²;WHG012;Durchschnittliche Nettokaltmiete;e
4000W;Wohnungen (Gebietsstand 15.05.2022);STAG;Stichtag;2022-05-15;GEOLK4;Landkreise u. krsfr. Städte (Stand 15.05.22);08211;Baden-Baden, Stadtkreis;WHGRM2;Räume;RAUM06;6 Räume;7,15;€/m²;WHG012;Durchschnittliche Nettokaltmiete;e
4000W;Wohnungen (Gebietsstand 15.05.2022);STAG;Stichtag;2022-05-15;GEOLK4;Landkreise u. krsfr. Städte (Stand 15.05.22);03453;Cloppenburg;WHGRM2;Räume;RAUM06;6 Räume;5,00;€/m²;WHG012;Durchschnittliche Nettokaltmiete;e
4000W;Wohnungen (Gebietsstand 15.05.2022);STAG;Stichtag;2022-05-15;GEOLK4;Landkreise u. krsfr. Städte (Stand 15.05.22);16070;Ilm-Kreis;WHGRM2;Räume;;Insgesamt;5,60;€/m²;WHG012;Durchschnittliche Nettokaltmiete;e
4000W;Wohnungen (Gebietsstand 15.05.2022);STAG;Stichtag;2022-05-15;GEOLK4;Landkreise u. krsfr. Städte (Stand 15.05.22);03154;Helmstedt;WHGRM2;Räume;;Insgesamt;5,42;€/m²;WHG012;Durchschnittliche Nettokaltmiete;e
4000W;Wohnungen (Gebietsstand 15.05.2022);STAG;Stichtag;2022-05-15;GEOLK4;Landkreise u. krsfr. Städte (Stand 15.05.22);09274;Landshut, Landkreis;WHGRM2;Räume;;Insgesamt;6,91;€/m²;WHG012;Durchschnittliche Nettokaltmiete;e
4000W;Wohnungen (Gebietsstand 15.05.2022);STAG;Stichtag;2022-05-15;GEOLK4;Landkreise u. krsfr. Städte (Stand 15.05.22);05170;Wesel;WHGRM2;Räume;RAUM04;4 Räume;5,98;€/m²;WHG012;Durchschnittliche Nettokaltmiete;e
4000W;Wohnungen (Gebietsstand 15.05.2022);STAG;Stichtag;2022-05-15;GEOLK4;Landkreise u. krsfr. Städte (Stand 15.05.22);03151;Gifhorn;WHGRM2;Räume;RAUM07UM;7 und mehr Räume;5,48;€/m²;WHG012;Durchschnittliche Nettokaltmiete;e
4000W;Wohnungen (Gebietsstand 15.05.2022);STAG;Stichtag;2022-05-15;GEOLK4;Landkreise u. krsfr. Städte (Stand 15.05.22);08126;Hohenlohekreis;WHGRM2;Räume;RAUM02;2 Räume;7,68;€/m²;WHG012;Durchschnittliche Nettokaltmiete;e
4000W;Wohnungen (Gebietsstand 15.05.2022);STAG;Stichtag;2022-05-15;GEOLK4;Landkreise u. krsfr. Städte (Stand 15.05.22);15089;Salzlandkreis;WHGRM2;Räume;RAUM07UM;7 und mehr Räume;4,17;€/m²;WHG012;Durchschnittliche Nettokaltmiete;e
4000W;Wohnungen (Gebietsstand 15.05.2022);STAG;Stichtag;2022-05-15;GEOLK4;Landkreise u. krsfr. Städte (Stand 15.05.22);15090;Stendal;WHGRM2;Räume;RAUM04;4 Räume;4,82;€/m²;WHG012;Durchschnittliche Nettokaltmiete;e
4000W;Wohnungen (Gebietsstand 15.05.2022);STAG;Stichtag;2022-05-15;GEOLK4;Landkreise u. krsfr. Städte (Stand 15.05.22);07131;Ahrweiler;WHGRM2;Räume;RAUM05;5 Räume;5,73;€/m²;WHG012;Durchschnittliche Nettokaltmiete;e
4000W;Wohnungen (Gebietsstand 15.05.2022);STAG;Stichtag;2022-05-15;GEOLK4;Landkreise u. krsfr. Städte (Stand 15.05.22);06632;Hersfeld-Rotenburg;WHGRM2;Räume;RAUM03;3 Räume;5,54;€/m²;WHG012;Durchschnittliche Nettokaltmiete;e
4000W;Wohnungen (Gebietsstand 15.05.2022);STAG;Stichtag;2022-05-15;GEOLK4;Landkreise u. krsfr. Städte (Stand 15.05.22);05911;Bochum, Stadt;WHGRM2;Räume;RAUM07UM;7 und mehr Räume;6,04;€/m²;WHG012;Durchschnittliche Nettokaltmiete;e
4000W;Wohnungen (Gebietsstand 15.05.2022);STAG;Stichtag;2022-05-15;GEOLK4;Landkreise u. krsfr. Städte (Stand 15.05.22);09471;Bamberg, Landkreis;WHGRM2;Räume;RAUM04;4 Räume;5,79;€/m²;WHG012;Durchschnittliche Nettokaltmiete;e
4000W;Wohnungen (Gebietsstand 15.05.2022);STAG;Stichtag;2022-05-15;GEOLK4;Landkreise u. krsfr. Städte (Stand 15.05.22);05758;Herford;WHGRM2;Räume;RAUM05;5 Räume;5,17;€/m²;WHG012;Durchschnittliche Nettokaltmiete;e
4000W;Wohnungen (Gebietsstand 15.05.2022);STAG;Stichtag;2022-05-15;GEOLK4;Landkreise u. krsfr. Städte (Stand 15.05.22);09361;Amberg;WHGRM2;Räume;RAUM05;5 Räume;5,96;€/m²;WHG012;Durchschnittliche Nettokaltmiete;e
4000W;Wohnungen (Gebietsstand 15.05.2022);STAG;Stichtag;2022-05-15;GEOLK4;Landkreise u. krsfr. Städte (Stand 15.05.22);07135;Cochem-Zell;WHGRM2;Räume;RAUM03;3 Räume;5,31;€/m²;WHG012;Durchschnittliche Nettokaltmiete;e
4000W;Wohnungen (Gebietsstand 15.05.2022);STAG;Stichtag;2022-05-15;GEOLK4;Landkreise u. krsfr. Städte (Stand 15.05.22);16064;Unstrut-Hainich-Kreis;WHGRM2;Räume;RAUM04;4 Räume;4,92;€/m²;WHG012;Durchschnittliche Nettokaltmiete;e
4000W;Wohnungen (Gebietsstand 15.05.2022);STAG;Stichtag;2022-05-15;GEOLK4;Landkreise u. krsfr. Städte (Stand 15.05.22);05116;Mönchengladbach, Stadt;WHGRM2;Räume;RAUM07UM;7 und mehr Räume;6,04;€/m²;WHG012;Durchschnittliche Nettokaltmiete;e
4000W;Wohnungen (Gebietsstand 15.05.2022);STAG;Stichtag;2022-05-15;GEOLK4;Landkreise u. krsfr. Städte (Stand 15.05.22);05113;Essen, Stadt;WHGRM2;Räume;RAUM04;4 Räume;6,48;€/m²;WHG012;Durchschnittliche Nettokaltmiete;e
4000W;Wohnungen (Gebietsstand 15.05.2022);STAG;Stichtag;2022-05-15;GEOLK4;Landkreise u. krsfr. Städte (Stand 15.05.22);16051;Erfurt, Stadt;WHGRM2;Räume;RAUM07UM;7 und mehr Räume;6,33;€/m²;WHG012;Durchschnittliche Nettokaltmiete;e
4000W;Wohnungen (Gebietsstand 15.05.2022);STAG;Stichtag;2022-05-15;GEOLK4;Landkreise u. krsfr. Städte (Stand 15.05.22);13074;Nordwestmecklenburg;WHGRM2;Räume;RAUM06;6 Räume;5,60;€/m²;WHG012;Durchschnittliche Nettokaltmiete;e
4000W;Wohnungen (Gebietsstand 15.05.2022);STAG;Stichtag;2022-05-15;GEOLK4;Landkreise u. krsfr. Städte (Stand 15.05.22);03401;Delmenhorst, Stadt;WHGRM2;Räume;RAUM02;2 Räume;6,82;€/m²;WHG012;Durchschnittliche Nettokaltmiete;e
4000W;Wohnungen (Gebietsstand 15.05.2022);STAG;Stichtag;2022-05-15;GEOLK4;Landkreise u. krsfr. Städte (Stand 15.05.22);12067;Oder-Spree;WHGRM2;Räume;RAUM01;1 Raum;7,53;€/m²;WHG012;Durchschnittliche Nettokaltmiete;e
4000W;Wohnungen (Gebietsstand 15.05.2022);STAG;Stichtag;2022-05-15;GEOLK4;Landkreise u. krsfr. Städte (Stand 15.05.22);06439;Rheingau-Taunus-Kreis;WHGRM2;Räume;RAUM03;3 Räume;7,60;€/m²;WHG012;Durchschnittliche Nettokaltmiete;e
4000W;Wohnungen (Gebietsstand 15.05.2022);STAG;Stichtag;2022-05-15;GEOLK4;Landkreise u. krsfr. Städte (Stand 15.05.22);07137;Mayen-Koblenz;WHGRM2;Räume;RAUM06;6 Räume;5,22;€/m²;WHG012;Durchschnittliche Nettokaltmiete;e
4000W;Wohnungen (Gebietsstand 15.05.2022);STAG;Stichtag;2022-05-15;GEOLK4;Landkreise u. krsfr. Städte (Stand 15.05.22);09272;Freyung-Grafenau;WHGRM2;Räume;RAUM01;1 Raum;5,93;€/m²;WHG012;Durchschnittliche Nettokaltmiete;e
4000W;Wohnungen (Gebietsstand 15.05.2022);STAG;Stichtag;2022-05-15;GEOLK4;Landkreise u. krsfr. Städte (Stand 15.05.22);03154;Helmstedt;WHGRM2;Räume;RAUM06;6 Räume;4,68;€/m²;WHG012;Durchschnittliche Nettokaltmiete;e
4000W;Wohnungen (Gebietsstand 15.05.2022);STAG;Stichtag;2022-05-15;GEOLK4;Landkreise u. krsfr. Städte (Stand 15.05.22);07140;Rhein-Hunsrück-Kreis;WHGRM2;Räume;RAUM01;1 Raum;8,28;€/m²;WHG012;Durchschnittliche Nettokaltmiete;e
4000W;Wohnungen (Gebietsstand 15.05.2022);STAG;Stichtag;2022-05-15;GEOLK4;Landkreise u. krsfr. Städte (Stand 15.05.22);09274;Landshut, Landkreis;WHGRM2;Räume;RAUM07UM;7 und mehr Räume;5,91;€/m²;WHG012;Durchschnittliche Nettokaltmiete;e
4000W;Wohnungen (Gebietsstand 15.05.2022);STAG;Stichtag;2022-05-15;GEOLK4;Landkreise u. krsfr. Städte (Stand 15.05.22);05970;Siegen-Wittgenstein;WHGRM2;Räume;RAUM05;5 Räume;5,66;€/m²;WHG012;Durchschnittliche Nettokaltmiete;e
4000W;Wohnungen (Gebietsstand 15.05.2022);STAG;Stichtag;2022-05-15;GEOLK4;Landkreise u. krsfr. Städte (Stand 15.05.22);09274;Landshut, Landkreis;WHGRM2;Räume;RAUM04;4 Räume;6,63;€/m²;WHG012;Durchschnittliche Nettokaltmiete;e
4000W;Wohnungen (Gebietsstand 15.05.2022);STAG;Stichtag;2022-05-15;GEOLK4;Landkreise u. krsfr. Städte (Stand 15.05.22);03458;Oldenburg;WHGRM2;Räume;RAUM01;1 Raum;10,14;€/m²;WHG012;Durchschnittliche Nettokaltmiete;e
4000W;Wohnungen (Gebietsstand 15.05.2022);STAG;Stichtag;2022-05-15;GEOLK4;Landkreise u. krsfr. Städte (Stand 15.05.22);14511;Chemnitz, Stadt;WHGRM2;Räume;RAUM02;2 Räume;5,39;€/m²;WHG012;Durchschnittliche Nettokaltmiete;e
4000W;Wohnungen (Gebietsstand 15.05.2022);STAG;Stichtag;2022-05-15;GEOLK4;Landkreise u. krsfr. Städte (Stand 15.05.22);03352;Cuxhaven;WHGRM2;Räume;RAUM03;3 Räume;6,10;€/m²;WHG012;Durchschnittliche Nettokaltmiete;e
4000W;Wohnungen (Gebietsstand 15.05.2022);STAG;Stichtag;2022-05-15;GEOLK4;Landkreise u. krsfr. Städte (Stand 15.05.22);09662;Schweinfurt, Kreisfreie Stadt;WHGRM2;Räume;RAUM06;6 Räume;5,81;€/m²;WHG012;Durchschnittliche Nettokaltmiete;e
4000W;Wohnungen (Gebietsstand 15.05.2022);STAG;Stichtag;2022-05-15;GEOLK4;Landkreise u. krsfr. Städte (Stand 15.05.22);08118;Ludwigsburg;WHGRM2;Räume;RAUM01;1 Raum;11,84;€/m²;WHG012;Durchschnittliche Nettokaltmiete;e
4000W;Wohnungen (Gebietsstand 15.05.2022);STAG;Stichtag;2022-05-15;GEOLK4;Landkreise u. krsfr. Städte (Stand 15.05.22);05911;Bochum, Stadt;WHGRM2;Räume;RAUM02;2 Räume;6,69;€/m²;WHG012;Durchschnittliche Nettokaltmiete;e
4000W;Wohnungen (Gebietsstand 15.05.2022);STAG;Stichtag;2022-05-15;GEOLK4;Landkreise u. krsfr. Städte (Stand 15.05.22);07315;Mainz, kreisfreie Stadt;WHGRM2;Räume;RAUM06;6 Räume;9,10;€/m²;WHG012;Durchschnittliche Nettokaltmiete;e
4000W;Wohnungen (Gebietsstand 15.05.2022);STAG;Stichtag;2022-05-15;GEOLK4;Landkreise u. krsfr. Städte (Stand 15.05.22);08121;Heilbronn, Stadtkreis;WHGRM2;Räume;;Insgesamt;8,49;€/m²;WHG012;Durchschnittliche Nettokaltmiete;e
4000W;Wohnungen (Gebietsstand 15.05.2022);STAG;Stichtag;2022-05-15;GEOLK4;Landkreise u. krsfr. Städte (Stand 15.05.22);03358;Heidekreis;WHGRM2;Räume;RAUM06;6 Räume;5,08;€/m²;WHG012;Durchschnittliche Nettokaltmiete;e
4000W;Wohnungen (Gebietsstand 15.05.2022);STAG;Stichtag;2022-05-15;GEOLK4;Landkreise u. krsfr. Städte (Stand 15.05.22);09181;Landsberg am Lech;WHGRM2;Räume;RAUM02;2 Räume;9,39;€/m²;WHG012;Durchschnittliche Nettokaltmiete;e
4000W;Wohnungen (Gebietsstand 15.05.2022);STAG;Stichtag;2022-05-15;GEOLK4;Landkreise u. krsfr. Städte (Stand 15.05.22);09172;Berchtesgadener Land;WHGRM2;Räume;RAUM04;4 Räume;6,93;€/m²;WHG012;Durchschnittliche Nettokaltmiete;e
4000W;Wohnungen (Gebietsstand 15.05.2022);STAG;Stichtag;2022-05-15;GEOLK4;Landkreise u. krsfr. Städte (Stand 15.05.22);01059;Schleswig-Flensburg;WHGRM2;Räume;;Insgesamt;6,45;€/m²;WHG012;Durchschnittliche Nettokaltmiete;e
4000W;Wohnungen (Gebietsstand 15.05.2022);STAG;Stichtag;2022-05-15;GEOLK4;Landkreise u. krsfr. Städte (Stand 15.05.22);03356;Osterholz;WHGRM2;Räume;RAUM03;3 Räume;6,82;€/m²;WHG012;Durchschnittliche Nettokaltmiete;e
4000W;Wohnungen (Gebietsstand 15.05.2022);STAG;Stichtag;2022-05-15;GEOLK4;Landkreise u. krsfr. Städte (Stand 15.05.22);16073;Saalfeld-Rudolstadt;WHGRM2;Räume;RAUM02;2 Räume;5,51;€/m²;WHG012;Durchschnittliche Nettokaltmiete;e
4000W;Wohnungen (Gebietsstand 15.05.2022);STAG;Stichtag;2022-05-15;GEOLK4;Landkreise u. krsfr. Städte (Stand 15.05.22);05554;Borken;WHGRM2;Räume;RAUM05;5 Räume;5,74;€/m²;WHG012;Durchschnittliche Nettokaltmiete;e
4000W;Wohnungen (Gebietsstand 15.05.2022);STAG;Stichtag;2022-05-15;GEOLK4;Landkreise u. krsfr. Städte (Stand 15.05.22);01001;Flensburg, Stadt;WHGRM2;Räume;RAUM03;3 Räume;6,93;€/m²;WHG012;Durchschnittliche Nettokaltmiete;e
4000W;Wohnungen (Gebietsstand 15.05.2022);STAG;Stichtag;2022-05-15;GEOLK4;Landkreise u. krsfr. Städte (Stand 15.05.22);09374;Neustadt a.d.Waldnaab;WHGRM2;Räume;RAUM01;1 Raum;6,84;€/m²;WHG012;Durchschnittliche Nettokaltmiete;e
4000W;Wohnungen (Gebietsstand 15.05.2022);STAG;Stichtag;2022-05-15;GEOLK4;Landkreise u. krsfr. Städte (Stand 15.05.22);08135;Heidenheim;WHGRM2;Räume;;Insgesamt;6,83;€/m²;WHG012;Durchschnittliche Nettokaltmiete;e
4000W;Wohnungen (Gebietsstand 15.05.2022);STAG;Stichtag;2022-05-15;GEOLK4;Landkreise u. krsfr. Städte (Stand 15.05.22);08317;Ortenaukreis;WHGRM2;Räume;RAUM04;4 Räume;6,40;€/m²;WHG012;Durchschnittliche Nettokaltmiete;e
4000W;Wohnungen (Gebietsstand 15.05.2022);STAG;Stichtag;2022-05-15;GEOLK4;Landkreise u. krsfr. Städte (Stand 15.05.22);15082;Anhalt-Bitterfeld;WHGRM2;Räume;RAUM03;3 Räume;5,24;€/m²;WHG012;Durchschnittliche Nettokaltmiete;e
4000W;Wohnungen (Gebietsstand 15.05.2022);STAG;Stichtag;2022-05-15;GEOLK4;Landkreise u. krsfr. Städte (Stand 15.05.22);03405;Wilhelmshaven, Stadt;WHGRM2;Räume;RAUM02;2 Räume;6,17;€/m²;WHG012;Durchschnittliche Nettokaltmiete;e
4000W;Wohnungen (Gebietsstand 15.05.2022);STAG;Stichtag;2022-05-15;GEOLK4;Landkreise u. krsfr. Städte (Stand 15.05.22);09573;Fürth, Landkreis;WHGRM2;Räume;RAUM04;4 Räume;6,82;€/m²;WHG012;Durchschnittliche Nettokaltmiete;e
4000W;Wohnungen (Gebietsstand 15.05.2022);STAG;Stichtag;2022-05-15;GEOLK4;Landkreise u. krsfr. Städte (Stand 15.05.22);15001;Dessau-Roßlau, Stadt;WHGRM2;Räume;RAUM06;6 Räume;5,27;€/m²;WHG012;Durchschnittliche Nettokaltmiete;e
4000W;Wohnungen (Gebietsstand 15.05.2022);STAG;Stichtag;2022-05-15;GEOLK4;Landkreise u. krsfr. Städte (Stand 15.05.22);08336;Lörrach;WHGRM2;Räume;RAUM04;4 Räume;7,78;€/m²;WHG012;Durchschnittliche Nettokaltmiete;e
4000W;Wohnungen (Gebietsstand 15.05.2022);STAG;Stichtag;2022-05-15;GEOLK4;Landkreise u. krsfr. Städte (Stand 15.05.22);08417;Zollernalbkreis;WHGRM2;Räume;RAUM01;1 Raum;9,22;€/m²;WHG012;Durchschnittliche Nettokaltmiete;e
4000W;Wohnungen (Gebietsstand 15.05.2022);STAG;Stichtag;2022-05-15;GEOLK4;Landkreise u. krsfr. Städte (Stand 15.05.22);08311;Freiburg im Breisgau, Stadtkreis;WHGRM2;Räume;RAUM01;1 Raum;12,86;€/m²;WHG012;Durchschnittliche Nettokaltmiete;e
4000W;Wohnungen (Gebietsstand 15.05.2022);STAG;Stichtag;2022-05-15;GEOLK4;Landkreise u. krsfr. Städte (Stand 15.05.22);05974;Soest;WHGRM2;Räume;;Insgesamt;5,75;€/m²;WHG012;Durchschnittliche Nettokaltmiete;e
4000W;Wohnungen (Gebietsstand 15.05.2022);STAG;Stichtag;2022-05-15;GEOLK4;Landkreise u. krsfr. Städte (Stand 15.05.22);03256;Nienburg (Weser);WHGRM2;Räume;RAUM06;6 Räume;4,82;€/m²;WHG012;Durchschnittliche Nettokaltmiete;e
4000W;Wohnungen (Gebietsstand 15.05.2022);STAG;Stichtag;2022-05-15;GEOLK4;Landkreise u. krsfr. Städte (Stand 15.05.22);09762;Kaufbeuren;WHGRM2;Räume;RAUM03;3 Räume;6,85;€/m²;WHG012;Durchschnittliche Nettokaltmiete;e
4000W;Wohnungen (Gebietsstand 15.05.2022);STAG;Stichtag;2022-05-15;GEOLK4;Landkreise u. krsfr. Städte (Stand 15.05.22);09190;Weilheim-Schongau;WHGRM2;Räume;;Insgesamt;8,06;€/m²;WHG012;Durchschnittliche Nettokaltmiete;e
4000W;Wohnungen (Gebietsstand 15.05.2022);STAG;Stichtag;2022-05-15;GEOLK4;Landkreise u. krsfr. Städte (Stand 15.05.22);08128;Main-Tauber-Kreis;WHGRM2;Räume;RAUM05;5 Räume;5,25;€/m²;WHG012;Durchschnittliche Nettokaltmiete;e
4000W;Wohnungen (Gebietsstand 15.05.2022);STAG;Stichtag;2022-05-15;GEOLK4;Landkreise u. krsfr. Städte (Stand 15.05.22);15002;Halle (Saale), Stadt;WHGRM2;Räume;RAUM05;5 Räume;5,70;€/m²;WHG012;Durchschnittliche Nettokaltmiete;e
4000W;Wohnungen (Gebietsstand 15.05.2022);STAG;Stichtag;2022-05-15;GEOLK4;Landkreise u. krsfr. Städte (Stand 15.05.22);05113;Essen, Stadt;WHGRM2;Räume;RAUM02;2 Räume;7,12;€/m²;WHG012;Durchschnittliche Nettokaltmiete;e
4000W;Wohnungen (Gebietsstand 15.05.2022);STAG;Stichtag;2022-05-15;GEOLK4;Landkreise u. krsfr. Städte (Stand 15.05.22);16067;Gotha;WHGRM2;Räume;RAUM05;5 Räume;4,99;€/m²;WHG012;Durchschnittliche Nettokaltmiete;e
4000W;Wohnungen (Gebietsstand 15.05.2022);STAG;Stichtag;2022-05-15;GEOLK4;Landkreise u. krsfr. Städte (Stand 15.05.22);06413;Offenbach am Main, Stadt;WHGRM2;Räume;RAUM02;2 Räume;9,86;€/m²;WHG012;Durchschnittliche Nettokaltmiete;e
4000W;Wohnungen (Gebietsstand 15.05.2022);STAG;Stichtag;2022-05-15;GEOLK4;Landkreise u. krsfr. Städte (Stand 15.05.22);05913;Dortmund, Stadt;WHGRM2;Räume;RAUM04;4 Räume;6,22;€/m²;WHG012;Durchschnittliche Nettokaltmiete;e
4000W;Wohnungen (Gebietsstand 15.05.2022);STAG;Stichtag;2022-05-15;GEOLK4;Landkreise u. krsfr. Städte (Stand 15.05.22);14627;Meißen;WHGRM2;Räume;RAUM06;6 Räume;5,37;€/m²;WHG012;Durchschnittliche Nettokaltmiete;e
4000W;Wohnungen (Gebietsstand 15.05.2022);STAG;Stichtag;2022-05-15;GEOLK4;Landkreise u. krsfr. Städte (Stand 15.05.22);01051;Dithmarschen;WHGRM2;Räume;;Insgesamt;6,12;€/m²;WHG012;Durchschnittliche Nettokaltmiete;e
4000W;Wohnungen (Gebietsstand 15.05.2022);STAG;Stichtag;2022-05-15;GEOLK4;Landkreise u. krsfr. Städte (Stand 15.05.22);16066;Schmalkalden-Meiningen;WHGRM2;Räume;RAUM01;1 Raum;5,68;€/m²;WHG012;Durchschnittliche Nettokaltmiete;e
4000W;Wohnungen (Gebietsstand 15.05.2022);STAG;Stichtag;2022-05-15;GEOLK4;Landkreise u. krsfr. Städte (Stand 15.05.22);05315;Köln, Stadt;WHGRM2;Räume;RAUM07UM;7 und mehr Räume;9,09;€/m²;WHG012;Durchschnittliche Nettokaltmiete;e
4000W;Wohnungen (Gebietsstand 15.05.2022);STAG;Stichtag;2022-05-15;GEOLK4;Landkreise u. krsfr. Städte (Stand 15.05.22);07338;Rhein-Pfalz-Kreis;WHGRM2;Räume;RAUM04;4 Räume;6,71;€/m²;WHG012;Durchschnittliche Nettokaltmiete;e
4000W;Wohnungen (Gebietsstand 15.05.2022);STAG;Stichtag;2022-05-15;GEOLK4;Landkreise u. krsfr. Städte (Stand 15.05.22);16072;Sonneberg;WHGRM2;Räume;RAUM03;3 Räume;5,29;€/m²;WHG012;Durchschnittliche Nettokaltmiete;e
4000W;Wohnungen (Gebietsstand 15.05.2022);STAG;Stichtag;2022-05-15;GEOLK4;Landkreise u. krsfr. Städte (Stand 15.05.22);14511;Chemnitz, Stadt;WHGRM2;Räume;RAUM04;4 Räume;5,18;€/m²;WHG012;Durchschnittliche Nettokaltmiete;e
4000W;Wohnungen (Gebietsstand 15.05.2022);STAG;Stichtag;2022-05-15;GEOLK4;Landkreise u. krsfr. Städte (Stand 15.05.22);10044;Saarlouis;WHGRM2;Räume;RAUM04;4 Räume;5,67;€/m²;WHG012;Durchschnittliche Nettokaltmiete;e
4000W;Wohnungen (Gebietsstand 15.05.2022);STAG;Stichtag;2022-05-15;GEOLK4;Landkreise u. krsfr. Städte (Stand 15.05.22);09477;Kulmbach;WHGRM2;Räume;RAUM05;5 Räume;4,80;€/m²;WHG012;Durchschnittliche Nettokaltmiete;e
4000W;Wohnungen (Gebietsstand 15.05.2022);STAG;Stichtag;2022-05-15;GEOLK4;Landkreise u. krsfr. Städte (Stand 15.05.22);12072;Teltow-Fläming;WHGRM2;Räume;RAUM06;6 Räume;6,57;€/m²;WHG012;Durchschnittliche Nettokaltmiete;e
4000W;Wohnungen (Gebietsstand 15.05.2022);STAG;Stichtag;2022-05-15;GEOLK4;Landkreise u. krsfr. Städte (Stand 15.05.22);04011;Bremen, Stadt;WHGRM2;Räume;RAUM07UM;7 und mehr Räume;7,23;€/m²;WHG012;Durchschnittliche Nettokaltmiete;e
4000W;Wohnungen (Gebietsstand 15.05.2022);STAG;Stichtag;2022-05-15;GEOLK4;Landkreise u. krsfr. Städte (Stand 15.05.22);09676;Miltenberg;WHGRM2;Räume;RAUM07UM;7 und mehr Räume;5,19;€/m²;WHG012;Durchschnittliche Nettokaltmiete;e
4000W;Wohnungen (Gebietsstand 15.05.2022);STAG;Stichtag;2022-05-15;GEOLK4;Landkreise u. krsfr. Städte (Stand 15.05.22);09175;Ebersberg;WHGRM2;Räume;;Insgesamt;10,56;€/m²;WHG012;Durchschnittliche Nettokaltmiete;e
4000W;Wohnungen (Gebietsstand 15.05.2022);STAG;Stichtag;2022-05-15;GEOLK4;Landkreise u. krsfr. Städte (Stand 15.05.22);13003;Rostock;WHGRM2;Räume;RAUM02;2 Räume;7,45;€/m²;WHG012;Durchschnittliche Nettokaltmiete;e
4000W;Wohnungen (Gebietsstand 15.05.2022);STAG;Stichtag;2022-05-15;GEOLK4;Landkreise u. krsfr. Städte (Stand 15.05.22);12071;Spree-Neiße;WHGRM2;Räume;RAUM02;2 Räume;5,50;€/m²;WHG012;Durchschnittliche Nettokaltmiete;e
4000W;Wohnungen (Gebietsstand 15.05.2022);STAG;Stichtag;2022-05-15;GEOLK4;Landkreise u. krsfr. Städte (Stand 15.05.22);03155;Northeim;WHGRM2;Räume;RAUM03;3 Räume;5,26;€/m²;WHG012;Durchschnittliche Nettokaltmiete;e
4000W;Wohnungen (Gebietsstand 15.05.2022);STAG;Stichtag;2022-05-15;GEOLK4;Landkreise u. krsfr. Städte (Stand 15.05.22);09577;Weißenburg-Gunzenhausen;WHGRM2;Räume;RAUM01;1 Raum;7,10;€/m²;WHG012;Durchschnittliche Nettokaltmiete;e
4000W;Wohnungen (Gebietsstand 15.05.2022);STAG;Stichtag;2022-05-15;GEOLK4;Landkreise u. krsfr. Städte (Stand 15.05.22);16076;Greiz;WHGRM2;Räume;RAUM02;2 Räume;4,88;€/m²;WHG012;Durchschnittliche Nettokaltmiete;e
4000W;Wohnungen (Gebietsstand 15.05.2022);STAG;Stichtag;2022-05-15;GEOLK4;Landkreise u. krsfr. Städte (Stand 15.05.22);03460;Vechta;WHGRM2;Räume;RAUM06;6 Räume;5,36;€/m²;WHG012;Durchschnittliche Nettokaltmiete;e
4000W;Wohnungen (Gebietsstand 15.05.2022);STAG;Stichtag;2022-05-15;GEOLK4;Landkreise u. krsfr. Städte (Stand 15.05.22);09173;Bad Tölz-Wolfratshausen;WHGRM2;Räume;RAUM03;3 Räume;9,23;€/m²;WHG012;Durchschnittliche Nettokaltmiete;e
4000W;Wohnungen (Gebietsstand 15.05.2022);STAG;Stichtag;2022-05-15;GEOLK4;Landkreise u. krsfr. Städte (Stand 15.05.22);09373;Neumarkt i.d.OPf.;WHGRM2;Räume;RAUM07UM;7 und mehr Räume;5,71;€/m²;WHG012;Durchschnittliche Nettokaltmiete;e
4000W;Wohnungen (Gebietsstand 15.05.2022);STAG;Stichtag;2022-05-15;GEOLK4;Landkreise u. krsfr. Städte (Stand 15.05.22);09573;Fürth, Landkreis;WHGRM2;Räume;RAUM02;2 Räume;7,54;€/m²;WHG012;Durchschnittliche Nettokaltmiete;e
4000W;Wohnungen (Gebietsstand 15.05.2022);STAG;Stichtag;2022-05-15;GEOLK4;Landkreise u. krsfr. Städte (Stand 15.05.22);03255;Holzminden;WHGRM2;Räume;;Insgesamt;4,56;€/m²;WHG012;Durchschnittliche Nettokaltmiete;e
4000W;Wohnungen (Gebietsstand 15.05.2022);STAG;Stichtag;2022-05-15;GEOLK4;Landkreise u. krsfr. Städte (Stand 15.05.22);09372;Cham;WHGRM2;Räume;RAUM06;6 Räume;4,30;€/m²;WHG012;Durchschnittliche Nettokaltmiete;e
4000W;Wohnungen (Gebietsstand 15.05.2022);STAG;Stichtag;2022-05-15;GEOLK4;Landkreise u. krsfr. Städte (Stand 15.05.22);01051;Dithmarschen;WHGRM2;Räume;RAUM03;3 Räume;6,28;€/m²;WHG012;Durchschnittliche Nettokaltmiete;e
4000W;Wohnungen (Gebietsstand 15.05.2022);STAG;Stichtag;2022-05-15;GEOLK4;Landkreise u. krsfr. Städte (Stand 15.05.22);15089;Salzlandkreis;WHGRM2;Räume;RAUM03;3 Räume;5,00;€/m²;WHG012;Durchschnittliche Nettokaltmiete;e
4000W;Wohnungen (Gebietsstand 15.05.2022);STAG;Stichtag;2022-05-15;GEOLK4;Landkreise u. krsfr. Städte (Stand 15.05.22);03255;Holzminden;WHGRM2;Räume;RAUM07UM;7 und mehr Räume;3,55;€/m²;WHG012;Durchschnittliche Nettokaltmiete;e
4000W;Wohnungen (Gebietsstand 15.05.2022);STAG;Stichtag;2022-05-15;GEOLK4;Landkreise u. krsfr. Städte (Stand 15.05.22);03151;Gifhorn;WHGRM2;Räume;RAUM04;4 Räume;6,22;€/m²;WHG012;Durchschnittliche Nettokaltmiete;e
4000W;Wohnungen (Gebietsstand 15.05.2022);STAG;Stichtag;2022-05-15;GEOLK4;Landkreise u. krsfr. Städte (Stand 15.05.22);08126;Hohenlohekreis;WHGRM2;Räume;;Insgesamt;6,86;€/m²;WHG012;Durchschnittliche Nettokaltmiete;e
4000W;Wohnungen (Gebietsstand 15.05.2022);STAG;Stichtag;2022-05-15;GEOLK4;Landkreise u. krsfr. Städte (Stand 15.05.22);09173;Bad Tölz-Wolfratshausen;WHGRM2;Räume;;Insgesamt;9,18;€/m²;WHG012;Durchschnittliche Nettokaltmiete;e
4000W;Wohnungen (Gebietsstand 15.05.2022);STAG;Stichtag;2022-05-15;GEOLK4;Landkreise u. krsfr. Städte (Stand 15.05.22);03404;Osnabrück, Stadt;WHGRM2;Räume;RAUM05;5 Räume;6,59;€/m²;WHG012;Durchschnittliche Nettokaltmiete;e
4000W;Wohnungen (Gebietsstand 15.05.2022);STAG;Stichtag;2022-05-15;GEOLK4;Landkreise u. krsfr. Städte (Stand 15.05.22);03102;Salzgitter, Stadt;WHGRM2;Räume;RAUM05;5 Räume;5,31;€/m²;WHG012;Durchschnittliche Nettokaltmiete;e
4000W;Wohnungen (Gebietsstand 15.05.2022);STAG;Stichtag;2022-05-15;GEOLK4;Landkreise u. krsfr. Städte (Stand 15.05.22);07320;Zweibrücken, kreisfreie Stadt;WHGRM2;Räume;RAUM05;5 Räume;4,77;€/m²;WHG012;Durchschnittliche Nettokaltmiete;e
4000W;Wohnungen (Gebietsstand 15.05.2022);STAG;Stichtag;2022-05-15;GEOLK4;Landkreise u. krsfr. Städte (Stand 15.05.22);05378;Rheinisch-Bergischer Kreis;WHGRM2;Räume;RAUM01;1 Raum;8,81;€/m²;WHG012;Durchschnittliche Nettokaltmiete;e
4000W;Wohnungen (Gebietsstand 15.05.2022);STAG;Stichtag;2022-05-15;GEOLK4;Landkreise u. krsfr. Städte (Stand 15.05.22);05711;Bielefeld, Stadt;WHGRM2;Räume;RAUM02;2 Räume;7,41;€/m²;WHG012;Durchschnittliche Nettokaltmiete;e
4000W;Wohnungen (Gebietsstand 15.05.2022);STAG;Stichtag;2022-05-15;GEOLK4;Landkreise u. krsfr. Städte (Stand 15.05.22);09475;Hof, Landkreis;WHGRM2;Räume;;Insgesamt;4,48;€/m²;WHG012;Durchschnittliche Nettokaltmiete;e
4000W;Wohnungen (Gebietsstand 15.05.2022);STAG;Stichtag;2022-05-15;GEOLK4;Landkreise u. krsfr. Städte (Stand 15.05.22);12062;Elbe-Elster;WHGRM2;Räume;RAUM03;3 Räume;4,97;€/m²;WHG012;Durchschnittliche Nettokaltmiete;e
4000W;Wohnungen (Gebietsstand 15.05.2022);STAG;Stichtag;2022-05-15;GEOLK4;Landkreise u. krsfr. Städte (Stand 15.05.22);09462;Bayreuth, Kreisfreie Stadt;WHGRM2;Räume;RAUM05;5 Räume;6,33;€/m²;WHG012;Durchschnittliche Nettokaltmiete;e
4000W;Wohnungen (Gebietsstand 15.05.2022);STAG;Stichtag;2022-05-15;GEOLK4;Landkreise u. krsfr. Städte (Stand 15.05.22);09761;Augsburg, Kreisfreie Stadt;WHGRM2;Räume;RAUM06;6 Räume;7,93;€/m²;WHG012;Durchschnittliche Nettokaltmiete;e
4000W;Wohnungen (Gebietsstand 15.05.2022);STAG;Stichtag;2022-05-15;GEOLK4;Landkreise u. krsfr. Städte (Stand 15.05.22);05162;Rhein-Kreis Neuss;WHGRM2;Räume;RAUM07UM;7 und mehr Räume;7,43;€/m²;WHG012;Durchschnittliche Nettokaltmiete;e
4000W;Wohnungen (Gebietsstand 15.05.2022);STAG;Stichtag;2022-05-15;GEOLK4;Landkreise u. krsfr. Städte (Stand 15.05.22);12053;Frankfurt (Oder), Stadt;WHGRM2;Räume;RAUM06;6 Räume;5,16;€/m²;WHG012;Durchschnittliche Nettokaltmiete;e
4000W;Wohnungen (Gebietsstand 15.05.2022);STAG;Stichtag;2022-05-15;GEOLK4;Landkreise u. krsfr. Städte (Stand 15.05.22);13004;Schwerin;WHGRM2;Räume;RAUM07UM;7 und mehr Räume;6,10;€/m²;WHG012;Durchschnittliche Nettokaltmiete;e
4000W;Wohnungen (Gebietsstand 15.05.2022);STAG;Stichtag;2022-05-15;GEOLK4;Landkreise u. krsfr. Städte (Stand 15.05.22);07313;Landau in der Pfalz, kreisfreie Stadt;WHGRM2;Räume;RAUM03;3 Räume;7,72;€/m²;WHG012;Durchschnittliche Nettokaltmiete;e
4000W;Wohnungen (Gebietsstand 15.05.2022);STAG;Stichtag;2022-05-15;GEOLK4;Landkreise u. krsfr. Städte (Stand 15.05.22);06611;Kassel, documenta-Stadt;WHGRM2;Räume;RAUM01;1 Raum;9,59;€/m²;WHG012;Durchschnittliche Nettokaltmiete;e
4000W;Wohnungen (Gebietsstand 15.05.2022);STAG;Stichtag;2022-05-15;GEOLK4;Landkreise u. krsfr. Städte (Stand 15.05.22);03159;Göttingen;WHGRM2;Räume;RAUM04;4 Räume;6,12;€/m²;WHG012;Durchschnittliche Nettokaltmiete;e
4000W;Wohnungen (Gebietsstand 15.05.2022);STAG;Stichtag;2022-05-15;GEOLK4;Landkreise u. krsfr. Städte (Stand 15.05.22);08437;Sigmaringen;WHGRM2;Räume;RAUM06;6 Räume;5,25;€/m²;WHG012;Durchschnittliche Nettokaltmiete;e
4000W;Wohnungen (Gebietsstand 15.05.2022);STAG;Stichtag;2022-05-15;GEOLK4;Landkreise u. krsfr. Städte (Stand 15.05.22);09279;Dingolfing-Landau;WHGRM2;Räume;RAUM02;2 Räume;7,39;€/m²;WHG012;Durchschnittliche Nettokaltmiete;e
4000W;Wohnungen (Gebietsstand 15.05.2022);STAG;Stichtag;2022-05-15;GEOLK4;Landkreise u. krsfr. Städte (Stand 15.05.22);03101;Braunschweig, Stadt;WHGRM2;Räume;RAUM05;5 Räume;6,92;€/m²;WHG012;Durchschnittliche Nettokaltmiete;e
4000W;Wohnungen (Gebietsstand 15.05.2022);STAG;Stichtag;2022-05-15;GEOLK4;Landkreise u. krsfr. Städte (Stand 15.05.22);07318;Speyer, kreisfreie Stadt;WHGRM2;Räume;RAUM06;6 Räume;6,94;€/m²;WHG012;Durchschnittliche Nettokaltmiete;e
4000W;Wohnungen (Gebietsstand 15.05.2022);STAG;Stichtag;2022-05-15;GEOLK4;Landkreise u. krsfr. Städte (Stand 15.05.22);09463;Coburg, Kreisfreie Stadt;WHGRM2;Räume;RAUM05;5 Räume;5,66;€/m²;WHG012;Durchschnittliche Nettokaltmiete;e
4000W;Wohnungen (Gebietsstand 15.05.2022);STAG;Stichtag;2022-05-15;GEOLK4;Landkreise u. krsfr. Städte (Stand 15.05.22);09776;Lindau (Bodensee);WHGRM2;Räume;RAUM04;4 Räume;7,49;€/m²;WHG012;Durchschnittliche Nettokaltmiete;e
4000W;Wohnungen (Gebietsstand 15.05.2022);STAG;Stichtag;2022-05-15;GEOLK4;Landkreise u. krsfr. Städte (Stand 15.05.22);09278;Straubing-Bogen;WHGRM2;Räume;RAUM02;2 Räume;6,89;€/m²;WHG012;Durchschnittliche Nettokaltmiete;e
4000W;Wohnungen (Gebietsstand 15.05.2022);STAG;Stichtag;2022-05-15;GEOLK4;Landkreise u. krsfr. Städte (Stand 15.05.22);05316;Leverkusen, Stadt;WHGRM2;Räume;RAUM04;4 Räume;6,77;€/m²;WHG012;Durchschnittliche Nettokaltmiete;e
4000W;Wohnungen (Gebietsstand 15.05.2022);STAG;Stichtag;2022-05-15;GEOLK4;Landkreise u. krsfr. Städte (Stand 15.05.22);05114;Krefeld, Stadt;WHGRM2;Räume;RAUM07UM;7 und mehr Räume;6,69;€/m²;WHG012;Durchschnittliche Nettokaltmiete;e
4000W;Wohnungen (Gebietsstand 15.05.2022);STAG;Stichtag;2022-05-15;GEOLK4;Landkreise u. krsfr. Städte (Stand 15.05.22);05158;Mettmann;WHGRM2;Räume;RAUM03;3 Räume;7,19;€/m²;WHG012;Durchschnittliche Nettokaltmiete;e
4000W;Wohnungen (Gebietsstand 15.05.2022);STAG;Stichtag;2022-05-15;GEOLK4;Landkreise u. krsfr. Städte (Stand 15.05.22);16052;Gera, Stadt;WHGRM2;Räume;RAUM05;5 Räume;5,03;€/m²;WHG012;Durchschnittliche Nettokaltmiete;e
4000W;Wohnungen (Gebietsstand 15.05.2022);STAG;Stichtag;2022-05-15;GEOLK4;Landkreise u. krsfr. Städte (Stand 15.05.22);09185;Neuburg-Schrobenhausen;WHGRM2;Räume;RAUM07UM;7 und mehr Räume;6,13;€/m²;WHG012;Durchschnittliche Nettokaltmiete;e
4000W;Wohnungen (Gebietsstand 15.05.2022);STAG;Stichtag;2022-05-15;GEOLK4;Landkreise u. krsfr. Städte (Stand 15.05.22);03354;Lüchow-Dannenberg;WHGRM2;Räume;RAUM06;6 Räume;4,37;€/m²;WHG012;Durchschnittliche Nettokaltmiete;e
4000W;Wohnungen (Gebietsstand 15.05.2022);STAG;Stichtag;2022-05-15;GEOLK4;Landkreise u. krsfr. Städte (Stand 15.05.22);05966;Olpe;WHGRM2;Räume;;Insgesamt;5,75;€/m²;WHG012;Durchschnittliche Nettokaltmiete;e
4000W;Wohnungen (Gebietsstand 15.05.2022);STAG;Stichtag;2022-05-15;GEOLK4;Landkreise u. krsfr. Städte (Stand 15.05.22);08337;Waldshut;WHGRM2;Räume;RAUM07UM;7 und mehr Räume;5,77;€/m²;WHG012;Durchschnittliche Nettokaltmiete;e
4000W;Wohnungen (Gebietsstand 15.05.2022);STAG;Stichtag;2022-05-15;GEOLK4;Landkreise u. krsfr. Städte (Stand 15.05.22);08117;Göppingen;WHGRM2;Räume;RAUM05;5 Räume;6,58;€/m²;WHG012;Durchschnittliche Nettokaltmiete;e
4000W;Wohnungen (Gebietsstand 15.05.2022);STAG;Stichtag;2022-05-15;GEOLK4;Landkreise u. krsfr. Städte (Stand 15.05.22);09272;Freyung-Grafenau;WHGRM2;Räume;RAUM07UM;7 und mehr Räume;4,00;€/m²;WHG012;Durchschnittliche Nettokaltmiete;e
4000W;Wohnungen (Gebietsstand 15.05.2022);STAG;Stichtag;2022-05-15;GEOLK4;Landkreise u. krsfr. Städte (Stand 15.05.22);09764;Memmingen;WHGRM2;Räume;RAUM07UM;7 und mehr Räume;6,60;€/m²;WHG012;Durchschnittliche Nettokaltmiete;e
4000W;Wohnungen (Gebietsstand 15.05.2022);STAG;Stichtag;2022-05-15;GEOLK4;Landkreise u. krsfr. Städte (Stand 15.05.22);03454;Emsland;WHGRM2;Räume;RAUM04;4 Räume;5,62;€/m²;WHG012;Durchschnittliche Nettokaltmiete;e
4000W;Wohnungen (Gebietsstand 15.05.2022);STAG;Stichtag;2022-05-15;GEOLK4;Landkreise u. krsfr. Städte (Stand 15.05.22);01002;Kiel, Landeshauptstadt;WHGRM2;Räume;;Insgesamt;7,64;€/m²;WHG012;Durchschnittliche Nettokaltmiete;e
4000W;Wohnungen (Gebietsstand 15.05.2022);STAG;Stichtag;2022-05-15;GEOLK4;Landkreise u. krsfr. Städte (Stand 15.05.22);05370;Heinsberg;WHGRM2;Räume;RAUM05;5 Räume;5,76;€/m²;WHG012;Durchschnittliche Nettokaltmiete;e
4000W;Wohnungen (Gebietsstand 15.05.2022);STAG;Stichtag;2022-05-15;GEOLK4;Landkreise u. krsfr. Städte (Stand 15.05.22);07233;Vulkaneifel;WHGRM2;Räume;RAUM05;5 Räume;4,79;€/m²;WHG012;Durchschnittliche Nettokaltmiete;e
4000W;Wohnungen (Gebietsstand 15.05.2022);STAG;Stichtag;2022-05-15;GEOLK4;Landkreise u. krsfr. Städte (Stand 15.05.22);03462;Wittmund;WHGRM2;Räume;RAUM01;1 Raum;10,47;€/m²;WHG012;Durchschnittliche Nettokaltmiete;e
4000W;Wohnungen (Gebietsstand 15.05.2022);STAG;Stichtag;2022-05-15;GEOLK4;Landkreise u. krsfr. Städte (Stand 15.05.22);09574;Nürnberger Land;WHGRM2;Räume;;Insgesamt;6,84;€/m²;WHG012;Durchschnittliche Nettokaltmiete;e
4000W;Wohnungen (Gebietsstand 15.05.2022);STAG;Stichtag;2022-05-15;GEOLK4;Landkreise u. krsfr. Städte (Stand 15.05.22);03255;Holzminden;WHGRM2;Räume;RAUM01;1 Raum;6,07;€/m²;WHG012;Durchschnittliche Nettokaltmiete;e
4000W;Wohnungen (Gebietsstand 15.05.2022);STAG;Stichtag;2022-05-15;GEOLK4;Landkreise u. krsfr. Städte (Stand 15.05.22);09674;Haßberge;WHGRM2;Räume;RAUM06;6 Räume;4,66;€/m²;WHG012;Durchschnittliche Nettokaltmiete;e
4000W;Wohnungen (Gebietsstand 15.05.2022);STAG;Stichtag;2022-05-15;GEOLK4;Landkreise u. krsfr. Städte (Stand 15.05.22);14628;Sächsische Schweiz-Osterzgebirge;WHGRM2;Räume;RAUM07UM;7 und mehr Räume;5,04;€/m²;WHG012;Durchschnittliche Nettokaltmiete;e
4000W;Wohnungen (Gebietsstand 15.05.2022);STAG;Stichtag;2022-05-15;GEOLK4;Landkreise u. krsfr. Städte (Stand 15.05.22);05558;Coesfeld;WHGRM2;Räume;RAUM04;4 Räume;6,01;€/m²;WHG012;Durchschnittliche Nettokaltmiete;e
4000W;Wohnungen (Gebietsstand 15.05.2022);STAG;Stichtag;2022-05-15;GEOLK4;Landkreise u. krsfr. Städte (Stand 15.05.22);03453;Cloppenburg;WHGRM2;Räume;RAUM04;4 Räume;5,68;€/m²;WHG012;Durchschnittliche Nettokaltmiete;e
4000W;Wohnungen (Gebietsstand 15.05.2022);STAG;Stichtag;2022-05-15;GEOLK4;Landkreise u. krsfr. Städte (Stand 15.05.22);15091;Wittenberg;WHGRM2;Räume;RAUM07UM;7 und mehr Räume;4,50;€/m²;WHG012;Durchschnittliche Nettokaltmiete;e
4000W;Wohnungen (Gebietsstand 15.05.2022);STAG;Stichtag;2022-05-15;GEOLK4;Landkreise u. krsfr. Städte (Stand 15.05.22);15091;Wittenberg;WHGRM2;Räume;RAUM02;2 Räume;5,48;€/m²;WHG012;Durchschnittliche Nettokaltmiete;e
4000W;Wohnungen (Gebietsstand 15.05.2022);STAG;Stichtag;2022-05-15;GEOLK4;Landkreise u. krsfr. Städte (Stand 15.05.22);07232;Eifelkreis Bitburg-Prüm;WHGRM2;Räume;RAUM05;5 Räume;5,76;€/m²;WHG012;Durchschnittliche Nettokaltmiete;e
4000W;Wohnungen (Gebietsstand 15.05.2022);STAG;Stichtag;2022-05-15;GEOLK4;Landkreise u. krsfr. Städte (Stand 15.05.22);05117;Mülheim an der Ruhr, Stadt;WHGRM2;Räume;RAUM01;1 Raum;7,95;€/m²;WHG012;Durchschnittliche Nettokaltmiete;e
4000W;Wohnungen (Gebietsstand 15.05.2022);STAG;Stichtag;2022-05-15;GEOLK4;Landkreise u. krsfr. Städte (Stand 15.05.22);08325;Rottweil;WHGRM2;Räume;RAUM03;3 Räume;6,40;€/m²;WHG012;Durchschnittliche Nettokaltmiete;e
4000W;Wohnungen (Gebietsstand 15.05.2022);STAG;Stichtag;2022-05-15;GEOLK4;Landkreise u. krsfr. Städte (Stand 15.05.22);12066;Oberspreewald-Lausitz;WHGRM2;Räume;RAUM04;4 Räume;4,99;€/m²;WHG012;Durchschnittliche Nettokaltmiete;e
4000W;Wohnungen (Gebietsstand 15.05.2022);STAG;Stichtag;2022-05-15;GEOLK4;Landkreise u. krsfr. Städte (Stand 15.05.22);06435;Main-Kinzig-Kreis;WHGRM2;Räume;RAUM07UM;7 und mehr Räume;6,14;€/m²;WHG012;Durchschnittliche Nettokaltmiete;e
4000W;Wohnungen (Gebietsstand 15.05.2022);STAG;Stichtag;2022-05-15;GEOLK4;Landkreise u. krsfr. Städte (Stand 15.05.22);14612;Dresden, Stadt;WHGRM2;Räume;RAUM06;6 Räume;7,00;€/m²;WHG012;Durchschnittliche Nettokaltmiete;e
4000W;Wohnungen (Gebietsstand 15.05.2022);STAG;Stichtag;2022-05-15;GEOLK4;Landkreise u. krsfr. Städte (Stand 15.05.22);15090;Stendal;WHGRM2;Räume;RAUM02;2 Räume;5,33;€/m²;WHG012;Durchschnittliche Nettokaltmiete;e
4000W;Wohnungen (Gebietsstand 15.05.2022);STAG;Stichtag;2022-05-15;GEOLK4;Landkreise u. krsfr. Städte (Stand 15.05.22);13072;Landkreis Rostock;WHGRM2;Räume;RAUM03;3 Räume;5,89;€/m²;WHG012;Durchschnittliche Nettokaltmiete;e
4000W;Wohnungen (Gebietsstand 15.05.2022);STAG;Stichtag;2022-05-15;GEOLK4;Landkreise u. krsfr. Städte (Stand 15.05.22);06534;Marburg-Biedenkopf;WHGRM2;Räume;RAUM04;4 Räume;6,38;€/m²;WHG012;Durchschnittliche Nettokaltmiete;e
4000W;Wohnungen (Gebietsstand 15.05.2022);STAG;Stichtag;2022-05-15;GEOLK4;Landkreise u. krsfr. Städte (Stand 15.05.22);09183;Mühldorf a.Inn;WHGRM2;Räume;RAUM06;6 Räume;6,26;€/m²;WHG012;Durchschnittliche Nettokaltmiete;e
4000W;Wohnungen (Gebietsstand 15.05.2022);STAG;Stichtag;2022-05-15;GEOLK4;Landkreise u. krsfr. Städte (Stand 15.05.22);01057;Plön;WHGRM2;Räume;RAUM04;4 Räume;6,74;€/m²;WHG012;Durchschnittliche Nettokaltmiete;e
4000W;Wohnungen (Gebietsstand 15.05.2022);STAG;Stichtag;2022-05-15;GEOLK4;Landkreise u. krsfr. Städte (Stand 15.05.22);09263;Straubing;WHGRM2;Räume;RAUM02;2 Räume;7,08;€/m²;WHG012;Durchschnittliche Nettokaltmiete;e
4000W;Wohnungen (Gebietsstand 15.05.2022);STAG;Stichtag;2022-05-15;GEOLK4;Landkreise u. krsfr. Städte (Stand 15.05.22);09663;Würzburg, Kreisfreie Stadt;WHGRM2;Räume;RAUM03;3 Räume;8,27;€/m²;WHG012;Durchschnittliche Nettokaltmiete;e
4000W;Wohnungen (Gebietsstand 15.05.2022);STAG;Stichtag;2022-05-15;GEOLK4;Landkreise u. krsfr. Städte (Stand 15.05.22);09473;Coburg, Landkreis;WHGRM2;Räume;RAUM07UM;7 und mehr Räume;4,63;€/m²;WHG012;Durchschnittliche Nettokaltmiete;e
4000W;Wohnungen (Gebietsstand 15.05.2022);STAG;Stichtag;2022-05-15;GEOLK4;Landkreise u. krsfr. Städte (Stand 15.05.22);14730;Nordsachsen;WHGRM2;Räume;RAUM05;5 Räume;5,08;€/m²;WHG012;Durchschnittliche Nettokaltmiete;e
4000W;Wohnungen (Gebietsstand 15.05.2022);STAG;Stichtag;2022-05-15;GEOLK4;Landkreise u. krsfr. Städte (Stand 15.05.22);09184;München, Landkreis;WHGRM2;Räume;RAUM02;2 Räume;12,17;€/m²;WHG012;Durchschnittliche Nettokaltmiete;e
4000W;Wohnungen (Gebietsstand 15.05.2022);STAG;Stichtag;2022-05-15;GEOLK4;Landkreise u. krsfr. Städte (Stand 15.05.22);09478;Lichtenfels;WHGRM2;Räume;RAUM05;5 Räume;4,92;€/m²;WHG012;Durchschnittliche Nettokaltmiete;e
4000W;Wohnungen (Gebietsstand 15.05.2022);STAG;Stichtag;2022-05-15;GEOLK4;Landkreise u. krsfr. Städte (Stand 15.05.22);09179;Fürstenfeldbruck;WHGRM2;Räume;RAUM04;4 Räume;9,99;€/m²;WHG012;Durchschnittliche Nettokaltmiete;e
4000W;Wohnungen (Gebietsstand 15.05.2022);STAG;Stichtag;2022-05-15;GEOLK4;Landkreise u. krsfr. Städte (Stand 15.05.22);13071;Mecklenburgische Seenplatte;WHGRM2;Räume;;Insgesamt;5,36;€/m²;WHG012;Durchschnittliche Nettokaltmiete;e
4000W;Wohnungen (Gebietsstand 15.05.2022);STAG;Stichtag;2022-05-15;GEOLK4;Landkreise u. krsfr. Städte (Stand 15.05.22);06636;Werra-Meißner-Kreis;WHGRM2;Räume;RAUM02;2 Räume;5,51;€/m²;WHG012;Durchschnittliche Nettokaltmiete;e
4000W;Wohnungen (Gebietsstand 15.05.2022);STAG;Stichtag;2022-05-15;GEOLK4;Landkreise u. krsfr. Städte (Stand 15.05.22);09562;Erlangen;WHGRM2;Räume;RAUM03;3 Räume;8,01;€/m²;WHG012;Durchschnittliche Nettokaltmiete;e
4000W;Wohnungen (Gebietsstand 15.05.2022);STAG;Stichtag;2022-05-15;GEOLK4;Landkreise u. krsfr. Städte (Stand 15.05.22);09576;Roth;WHGRM2;Räume;RAUM07UM;7 und mehr Räume;5,81;€/m²;WHG012;Durchschnittliche Nettokaltmiete;e
4000W;Wohnungen (Gebietsstand 15.05.2022);STAG;Stichtag;2022-05-15;GEOLK4;Landkreise u. krsfr. Städte (Stand 15.05.22);01062;Stormarn;WHGRM2;Räume;RAUM02;2 Räume;9,00;€/m²;WHG012;Durchschnittliche Nettokaltmiete;e
4000W;Wohnungen (Gebietsstand 15.05.2022);STAG;Stichtag;2022-05-15;GEOLK4;Landkreise u. krsfr. Städte (Stand 15.05.22);01053;Herzogtum Lauenburg;WHGRM2;Räume;RAUM05;5 Räume;6,86;€/m²;WHG012;Durchschnittliche Nettokaltmiete;e
4000W;Wohnungen (Gebietsstand 15.05.2022);STAG;Stichtag;2022-05-15;GEOLK4;Landkreise u. krsfr. Städte (Stand 15.05.22);05120;Remscheid, Stadt;WHGRM2;Räume;RAUM04;4 Räume;5,68;€/m²;WHG012;Durchschnittliche Nettokaltmiete;e
4000W;Wohnungen (Gebietsstand 15.05.2022);STAG;Stichtag;2022-05-15;GEOLK4;Landkreise u. krsfr. Städte (Stand 15.05.22);09175;Ebersberg;WHGRM2;Räume;RAUM05;5 Räume;10,00;€/m²;WHG012;Durchschnittliche Nettokaltmiete;e
4000W;Wohnungen (Gebietsstand 15.05.2022);STAG;Stichtag;2022-05-15;GEOLK4;Landkreise u. krsfr. Städte (Stand 15.05.22);05914;Hagen, Stadt der FernUniversität;WHGRM2;Räume;RAUM04;4 Räume;5,29;€/m²;WHG012;Durchschnittliche Nettokaltmiete;e
4000W;Wohnungen (Gebietsstand 15.05.2022);STAG;Stichtag;2022-05-15;GEOLK4;Landkreise u. krsfr. Städte (Stand 15.05.22);09574;Nürnberger Land;WHGRM2;Räume;RAUM02;2 Räume;7,56;€/m²;WHG012;Durchschnittliche Nettokaltmiete;e
4000W;Wohnungen (Gebietsstand 15.05.2022);STAG;Stichtag;2022-05-15;GEOLK4;Landkreise u. krsfr. Städte (Stand 15.05.22);09463;Coburg, Kreisfreie Stadt;WHGRM2;Räume;;Insgesamt;6,38;€/m²;WHG012;Durchschnittliche Nettokaltmiete;e
4000W;Wohnungen (Gebietsstand 15.05.2022);STAG;Stichtag;2022-05-15;GEOLK4;Landkreise u. krsfr. Städte (Stand 15.05.22);03457;Leer;WHGRM2;Räume;RAUM03;3 Räume;6,48;€/m²;WHG012;Durchschnittliche Nettokaltmiete;e
4000W;Wohnungen (Gebietsstand 15.05.2022);STAG;Stichtag;2022-05-15;GEOLK4;Landkreise u. krsfr. Städte (Stand 15.05.22);07319;Worms, kreisfreie Stadt;WHGRM2;Räume;RAUM04;4 Räume;6,60;€/m²;WHG012;Durchschnittliche Nettokaltmiete;e
4000W;Wohnungen (Gebietsstand 15.05.2022);STAG;Stichtag;2022-05-15;GEOLK4;Landkreise u. krsfr. Städte (Stand 15.05.22);09275;Passau, Landkreis;WHGRM2;Räume;RAUM01;1 Raum;8,10;€/m²;WHG012;Durchschnittliche Nettokaltmiete;e
4000W;Wohnungen (Gebietsstand 15.05.2022);STAG;Stichtag;2022-05-15;GEOLK4;Landkreise u. krsfr. Städte (Stand 15.05.22);10043;Neunkirchen;WHGRM2;Räume;RAUM04;4 Räume;5,31;€/m²;WHG012;Durchschnittliche Nettokaltmiete;e
4000W;Wohnungen (Gebietsstand 15.05.2022);STAG;Stichtag;2022-05-15;GEOLK4;Landkreise u. krsfr. Städte (Stand 15.05.22);11000;Berlin, Stadt;WHGRM2;Räume;RAUM04;4 Räume;7,11;€/m²;WHG012;Durchschnittliche Nettokaltmiete;e
4000W;Wohnungen (Gebietsstand 15.05.2022);STAG;Stichtag;2022-05-15;GEOLK4;Landkreise u. krsfr. Städte (Stand 15.05.22);05954;Ennepe-Ruhr-Kreis;WHGRM2;Räume;RAUM06;6 Räume;5,76;€/m²;WHG012;Durchschnittliche Nettokaltmiete;e
4000W;Wohnungen (Gebietsstand 15.05.2022);STAG;Stichtag;2022-05-15;GEOLK4;Landkreise u. krsfr. Städte (Stand 15.05.22);03401;Delmenhorst, Stadt;WHGRM2;Räume;RAUM07UM;7 und mehr Räume;5,58;€/m²;WHG012;Durchschnittliche Nettokaltmiete;e
4000W;Wohnungen (Gebietsstand 15.05.2022);STAG;Stichtag;2022-05-15;GEOLK4;Landkreise u. krsfr. Städte (Stand 15.05.22);07132;Altenkirchen (Westerwald);WHGRM2;Räume;RAUM01;1 Raum;6,56;€/m²;WHG012;Durchschnittliche Nettokaltmiete;e
4000W;Wohnungen (Gebietsstand 15.05.2022);STAG;Stichtag;2022-05-15;GEOLK4;Landkreise u. krsfr. Städte (Stand 15.05.22);07336;Kusel;WHGRM2;Räume;RAUM02;2 Räume;5,80;€/m²;WHG012;Durchschnittliche Nettokaltmiete;e
4000W;Wohnungen (Gebietsstand 15.05.2022);STAG;Stichtag;2022-05-15;GEOLK4;Landkreise u. krsfr. Städte (Stand 15.05.22);12051;Brandenburg an der Havel, Stadt;WHGRM2;Räume;RAUM04;4 Räume;5,68;€/m²;WHG012;Durchschnittliche Nettokaltmiete;e
4000W;Wohnungen (Gebietsstand 15.05.2022);STAG;Stichtag;2022-05-15;GEOLK4;Landkreise u. krsfr. Städte (Stand 15.05.22);16053;Jena, Stadt;WHGRM2;Räume;RAUM03;3 Räume;6,94;€/m²;WHG012;Durchschnittliche Nettokaltmiete;e
4000W;Wohnungen (Gebietsstand 15.05.2022);STAG;Stichtag;2022-05-15;GEOLK4;Landkreise u. krsfr. Städte (Stand 15.05.22);07211;Trier, kreisfreie Stadt;WHGRM2;Räume;RAUM01;1 Raum;11,52;€/m²;WHG012;Durchschnittliche Nettokaltmiete;e
4000W;Wohnungen (Gebietsstand 15.05.2022);STAG;Stichtag;2022-05-15;GEOLK4;Landkreise u. krsfr. Städte (Stand 15.05.22);10045;Saarpfalz-Kreis;WHGRM2;Räume;RAUM07UM;7 und mehr Räume;5,25;€/m²;WHG012;Durchschnittliche Nettokaltmiete;e
4000W;Wohnungen (Gebietsstand 15.05.2022);STAG;Stichtag;2022-05-15;GEOLK4;Landkreise u. krsfr. Städte (Stand 15.05.22);08212;Karlsruhe, Stadtkreis;WHGRM2;Räume;RAUM02;2 Räume;9,04;€/m²;WHG012;Durchschnittliche Nettokaltmiete;e
4000W;Wohnungen (Gebietsstand 15.05.2022);STAG;Stichtag;2022-05-15;GEOLK4;Landkreise u. krsfr. Städte (Stand 15.05.22);09180;Garmisch-Partenkirchen;WHGRM2;Räume;RAUM03;3 Räume;8,70;€/m²;WHG012;Durchschnittliche Nettokaltmiete;e
4000W;Wohnungen (Gebietsstand 15.05.2022);STAG;Stichtag;2022-05-15;GEOLK4;Landkreise u. krsfr. Städte (Stand 15.05.22);03155;Northeim;WHGRM2;Räume;RAUM07UM;7 und mehr Räume;3,95;€/m²;WHG012;Durchschnittliche Nettokaltmiete;e
4000W;Wohnungen (Gebietsstand 15.05.2022);STAG;Stichtag;2022-05-15;GEOLK4;Landkreise u. krsfr. Städte (Stand 15.05.22);05958;Hochsauerlandkreis;WHGRM2;Räume;RAUM05;5 Räume;4,78;€/m²;WHG012;Durchschnittliche Nettokaltmiete;e
4000W;Wohnungen (Gebietsstand 15.05.2022);STAG;Stichtag;2022-05-15;GEOLK4;Landkreise u. krsfr. Städte (Stand 15.05.22);09780;Oberallgäu;WHGRM2;Räume;RAUM06;6 Räume;6,29;€/m²;WHG012;Durchschnittliche Nettokaltmiete;e
4000W;Wohnungen (Gebietsstand 15.05.2022);STAG;Stichtag;2022-05-15;GEOLK4;Landkreise u. krsfr. Städte (Stand 15.05.22);13076;Ludwigslust-Parchim;WHGRM2;Räume;RAUM02;2 Räume;5,67;€/m²;WHG012;Durchschnittliche Nettokaltmiete;e
4000W;Wohnungen (Gebietsstand 15.05.2022);STAG;Stichtag;2022-05-15;GEOLK4;Landkreise u. krsfr. Städte (Stand 15.05.22);03461;Wesermarsch;WHGRM2;Räume;RAUM06;6 Räume;4,71;€/m²;WHG012;Durchschnittliche Nettokaltmiete;e
4000W;Wohnungen (Gebietsstand 15.05.2022);STAG;Stichtag;2022-05-15;GEOLK4;Landkreise u. krsfr. Städte (Stand 15.05.22);08115;Böblingen;WHGRM2;Räume;RAUM01;1 Raum;11,34;€/m²;WHG012;Durchschnittliche Nettokaltmiete;e
4000W;Wohnungen (Gebietsstand 15.05.2022);STAG;Stichtag;2022-05-15;GEOLK4;Landkreise u. krsfr. Städte (Stand 15.05.22);08426;Biberach;WHGRM2;Räume;RAUM07UM;7 und mehr Räume;5,63;€/m²;WHG012;Durchschnittliche Nettokaltmiete;e
4000W;Wohnungen (Gebietsstand 15.05.2022);STAG;Stichtag;2022-05-15;GEOLK4;Landkreise u. krsfr. Städte (Stand 15.05.22);01058;Rendsburg-Eckernförde;WHGRM2;Räume;RAUM07UM;7 und mehr Räume;5,85;€/m²;WHG012;Durchschnittliche Nettokaltmiete;e
4000W;Wohnungen (Gebietsstand 15.05.2022);STAG;Stichtag;2022-05-15;GEOLK4;Landkreise u. krsfr. Städte (Stand 15.05.22);08235;Calw;WHGRM2;Räume;RAUM04;4 Räume;6,61;€/m²;WHG012;Durchschnittliche Nettokaltmiete;e
4000W;Wohnungen (Gebietsstand 15.05.2022);STAG;Stichtag;2022-05-15;GEOLK4;Landkreise u. krsfr. Städte (Stand 15.05.22);05114;Krefeld, Stadt;WHGRM2;Räume;RAUM02;2 Räume;6,89;€/m²;WHG012;Durchschnittliche Nettokaltmiete;e
4000W;Wohnungen (Gebietsstand 15.05.2022);STAG;Stichtag;2022-05-15;GEOLK4;Landkreise u. krsfr. Städte (Stand 15.05.22);05362;Rhein-Erft-Kreis;WHGRM2;Räume;RAUM04;4 Räume;7,26;€/m²;WHG012;Durchschnittliche Nettokaltmiete;e
4000W;Wohnungen (Gebietsstand 15.05.2022);STAG;Stichtag;2022-05-15;GEOLK4;Landkreise u. krsfr. Städte (Stand 15.05.22);05566;Steinfurt;WHGRM2;Räume;RAUM05;5 Räume;5,50;€/m²;WHG012;Durchschnittliche Nettokaltmiete;e
4000W;Wohnungen (Gebietsstand 15.05.2022);STAG;Stichtag;2022-05-15;GEOLK4;Landkreise u. krsfr. Städte (Stand 15.05.22);01004;Neumünster, Stadt;WHGRM2;Räume;RAUM06;6 Räume;6,00;€/m²;WHG012;Durchschnittliche Nettokaltmiete;e
4000W;Wohnungen (Gebietsstand 15.05.2022);STAG;Stichtag;2022-05-15;GEOLK4;Landkreise u. krsfr. Städte (Stand 15.05.22);07317;Pirmasens, kreisfreie Stadt;WHGRM2;Räume;RAUM02;2 Räume;5,08;€/m²;WHG012;Durchschnittliche Nettokaltmiete;e
4000W;Wohnungen (Gebietsstand 15.05.2022);STAG;Stichtag;2022-05-15;GEOLK4;Landkreise u. krsfr. Städte (Stand 15.05.22);03459;Osnabrück;WHGRM2;Räume;RAUM01;1 Raum;8,10;€/m²;WHG012;Durchschnittliche Nettokaltmiete;e
4000W;Wohnungen (Gebietsstand 15.05.2022);STAG;Stichtag;2022-05-15;GEOLK4;Landkreise u. krsfr. Städte (Stand 15.05.22);07235;Trier-Saarburg;WHGRM2;Räume;RAUM07UM;7 und mehr Räume;5,42;€/m²;WHG012;Durchschnittliche Nettokaltmiete;e
4000W;Wohnungen (Gebietsstand 15.05.2022);STAG;Stichtag;2022-05-15;GEOLK4;Landkreise u. krsfr. Städte (Stand 15.05.22);16062;Nordhausen;WHGRM2;Räume;;Insgesamt;5,21;€/m²;WHG012;Durchschnittliche Nettokaltmiete;e
4000W;Wohnungen (Gebietsstand 15.05.2022);STAG;Stichtag;2022-05-15;GEOLK4;Landkreise u. krsfr. Städte (Stand 15.05.22);12064;Märkisch-Oderland;WHGRM2;Räume;RAUM07UM;7 und mehr Räume;6,15;€/m²;WHG012;Durchschnittliche Nettokaltmiete;e
4000W;Wohnungen (Gebietsstand 15.05.2022);STAG;Stichtag;2022-05-15;GEOLK4;Landkreise u. krsfr. Städte (Stand 15.05.22);09181;Landsberg am Lech;WHGRM2;Räume;;Insgesamt;8,54;€/m²;WHG012;Durchschnittliche Nettokaltmiete;e
4000W;Wohnungen (Gebietsstand 15.05.2022);STAG;Stichtag;2022-05-15;GEOLK4;Landkreise u. krsfr. Städte (Stand 15.05.22);08125;Heilbronn, Landkreis;WHGRM2;Räume;RAUM02;2 Räume;8,60;€/m²;WHG012;Durchschnittliche Nettokaltmiete;e
4000W;Wohnungen (Gebietsstand 15.05.2022);STAG;Stichtag;2022-05-15;GEOLK4;Landkreise u. krsfr. Städte (Stand 15.05.22);08426;Biberach;WHGRM2;Räume;;Insgesamt;7,04;€/m²;WHG012;Durchschnittliche Nettokaltmiete;e
4000W;Wohnungen (Gebietsstand 15.05.2022);STAG;Stichtag;2022-05-15;GEOLK4;Landkreise u. krsfr. Städte (Stand 15.05.22);12070;Prignitz;WHGRM2;Räume;RAUM04;4 Räume;4,74;€/m²;WHG012;Durchschnittliche Nettokaltmiete;e
4000W;Wohnungen (Gebietsstand 15.05.2022);STAG;Stichtag;2022-05-15;GEOLK4;Landkreise u. krsfr. Städte (Stand 15.05.22);05112;Duisburg, Stadt;WHGRM2;Räume;RAUM04;4 Räume;5,70;€/m²;WHG012;Durchschnittliche Nettokaltmiete;e
4000W;Wohnungen (Gebietsstand 15.05.2022);STAG;Stichtag;2022-05-15;GEOLK4;Landkreise u. krsfr. Städte (Stand 15.05.22);03257;Schaumburg;WHGRM2;Räume;RAUM05;5 Räume;5,05;€/m²;WHG012;Durchschnittliche Nettokaltmiete;e
4000W;Wohnungen (Gebietsstand 15.05.2022);STAG;Stichtag;2022-05-15;GEOLK4;Landkreise u. krsfr. Städte (Stand 15.05.22);05774;Paderborn;WHGRM2;Räume;RAUM03;3 Räume;6,30;€/m²;WHG012;Durchschnittliche Nettokaltmiete;e
4000W;Wohnungen (Gebietsstand 15.05.2022);STAG;Stichtag;2022-05-15;GEOLK4;Landkreise u. krsfr. Städte (Stand 15.05.22);09377;Tirschenreuth;WHGRM2;Räume;RAUM03;3 Räume;4,69;€/m²;WHG012;Durchschnittliche Nettokaltmiete;e
4000W;Wohnungen (Gebietsstand 15.05.2022);STAG;Stichtag;2022-05-15;GEOLK4;Landkreise u. krsfr. Städte (Stand 15.05.22);08121;Heilbronn, Stadtkreis;WHGRM2;Räume;RAUM03;3 Räume;8,18;€/m²;WHG012;Durchschnittliche Nettokaltmiete;e
4000W;Wohnungen (Gebietsstand 15.05.2022);STAG;Stichtag;2022-05-15;GEOLK4;Landkreise u. krsfr. Städte (Stand 15.05.22);02000;Hamburg, Freie und Hansestadt;WHGRM2;Räume;;Insgesamt;9,16;€/m²;WHG012;Durchschnittliche Nettokaltmiete;e
4000W;Wohnungen (Gebietsstand 15.05.2022);STAG;Stichtag;2022-05-15;GEOLK4;Landkreise u. krsfr. Städte (Stand 15.05.22);09678;Schweinfurt, Landkreis;WHGRM2;Räume;RAUM03;3 Räume;5,76;€/m²;WHG012;Durchschnittliche Nettokaltmiete;e
4000W;Wohnungen (Gebietsstand 15.05.2022);STAG;Stichtag;2022-05-15;GEOLK4;Landkreise u. krsfr. Städte (Stand 15.05.22);12073;Uckermark;WHGRM2;Räume;;Insgesamt;5,22;€/m²;WHG012;Durchschnittliche Nettokaltmiete;e
4000W;Wohnungen (Gebietsstand 15.05.2022);STAG;Stichtag;2022-05-15;GEOLK4;Landkreise u. krsfr. Städte (Stand 15.05.22);05570;Warendorf;WHGRM2;Räume;RAUM04;4 Räume;5,75;€/m²;WHG012;Durchschnittliche Nettokaltmiete;e
4000W;Wohnungen (Gebietsstand 15.05.2022);STAG;Stichtag;2022-05-15;GEOLK4;Landkreise u. krsfr. Städte (Stand 15.05.22);03361;Verden;WHGRM2;Räume;RAUM07UM;7 und mehr Räume;5,30;€/m²;WHG012;Durchschnittliche Nettokaltmiete;e
4000W;Wohnungen (Gebietsstand 15.05.2022);STAG;Stichtag;2022-05-15;GEOLK4;Landkreise u. krsfr. Städte (Stand 15.05.22);16051;Erfurt, Stadt;WHGRM2;Räume;RAUM01;1 Raum;6,66;€/m²;WHG012;Durchschnittliche Nettokaltmiete;e
4000W;Wohnungen (Gebietsstand 15.05.2022);STAG;Stichtag;2022-05-15;GEOLK4;Landkreise u. krsfr. Städte (Stand 15.05.22);15083;Börde;WHGRM2;Räume;RAUM02;2 Räume;5,51;€/m²;WHG012;Durchschnittliche Nettokaltmiete;e
4000W;Wohnungen (Gebietsstand 15.05.2022);STAG;Stichtag;2022-05-15;GEOLK4;Landkreise u. krsfr. Städte (Stand 15.05.22);09188;Starnberg;WHGRM2;Räume;RAUM03;3 Räume;10,60;€/m²;WHG012;Durchschnittliche Nettokaltmiete;e
4000W;Wohnungen (Gebietsstand 15.05.2022);STAG;Stichtag;2022-05-15;GEOLK4;Landkreise u. krsfr. Städte (Stand 15.05.22);08416;Tübingen;WHGRM2;Räume;RAUM02;2 Räume;10,15;€/m²;WHG012;Durchschnittliche Nettokaltmiete;e
4000W;Wohnungen (Gebietsstand 15.05.2022);STAG;Stichtag;2022-05-15;GEOLK4;Landkreise u. krsfr. Städte (Stand 15.05.22);07143;Westerwaldkreis;WHGRM2;Räume;RAUM01;1 Raum;7,70;€/m²;WHG012;Durchschnittliche Nettokaltmiete;e
4000W;Wohnungen (Gebietsstand 15.05.2022);STAG;Stichtag;2022-05-15;GEOLK4;Landkreise u. krsfr. Städte (Stand 15.05.22);15085;Harz;WHGRM2;Räume;RAUM04;4 Räume;5,01;€/m²;WHG012;Durchschnittliche Nettokaltmiete;e
4000W;Wohnungen (Gebietsstand 15.05.2022);STAG;Stichtag;2022-05-15;GEOLK4;Landkreise u. krsfr. Städte (Stand 15.05.22);06435;Main-Kinzig-Kreis;WHGRM2;Räume;;Insgesamt;7,31;€/m²;WHG012;Durchschnittliche Nettokaltmiete;e
4000W;Wohnungen (Gebietsstand 15.05.2022);STAG;Stichtag;2022-05-15;GEOLK4;Landkreise u. krsfr. Städte (Stand 15.05.22);05116;Mönchengladbach, Stadt;WHGRM2;Räume;RAUM06;6 Räume;5,85;€/m²;WHG012;Durchschnittliche Nettokaltmiete;e
4000W;Wohnungen (Gebietsstand 15.05.2022);STAG;Stichtag;2022-05-15;GEOLK4;Landkreise u. krsfr. Städte (Stand 15.05.22);03353;Harburg;WHGRM2;Räume;RAUM02;2 Räume;8,94;€/m²;WHG012;Durchschnittliche Nettokaltmiete;e
4000W;Wohnungen (Gebietsstand 15.05.2022);STAG;Stichtag;2022-05-15;GEOLK4;Landkreise u. krsfr. Städte (Stand 15.05.22);08435;Bodenseekreis;WHGRM2;Räume;RAUM02;2 Räume;9,33;€/m²;WHG012;Durchschnittliche Nettokaltmiete;e
4000W;Wohnungen (Gebietsstand 15.05.2022);STAG;Stichtag;2022-05-15;GEOLK4;Landkreise u. krsfr. Städte (Stand 15.05.22);09271;Deggendorf;WHGRM2;Räume;RAUM02;2 Räume;7,46;€/m²;WHG012;Durchschnittliche Nettokaltmiete;e
4000W;Wohnungen (Gebietsstand 15.05.2022);STAG;Stichtag;2022-05-15;GEOLK4;Landkreise u. krsfr. Städte (Stand 15.05.22);09277;Rottal-Inn;WHGRM2;Räume;RAUM04;4 Räume;5,35;€/m²;WHG012;Durchschnittliche Nettokaltmiete;e
4000W;Wohnungen (Gebietsstand 15.05.2022);STAG;Stichtag;2022-05-15;GEOLK4;Landkreise u. krsfr. Städte (Stand 15.05.22);09576;Roth;WHGRM2;Räume;RAUM05;5 Räume;6,05;€/m²;WHG012;Durchschnittliche Nettokaltmiete;e
4000W;Wohnungen (Gebietsstand 15.05.2022);STAG;Stichtag;2022-05-15;GEOLK4;Landkreise u. krsfr. Städte (Stand 15.05.22);05774;Paderborn;WHGRM2;Räume;;Insgesamt;6,27;€/m²;WHG012;Durchschnittliche Nettokaltmiete;e
4000W;Wohnungen (Gebietsstand 15.05.2022);STAG;Stichtag;2022-05-15;GEOLK4;Landkreise u. krsfr. Städte (Stand 15.05.22);06635;Waldeck-Frankenberg;WHGRM2;Räume;RAUM06;6 Räume;4,44;€/m²;WHG012;Durchschnittliche Nettokaltmiete;e
4000W;Wohnungen (Gebietsstand 15.05.2022);STAG;Stichtag;2022-05-15;GEOLK4;Landkreise u. krsfr. Städte (Stand 15.05.22);06631;Fulda;WHGRM2;Räume;RAUM05;5 Räume;5,43;€/m²;WHG012;Durchschnittliche Nettokaltmiete;e
4000W;Wohnungen (Gebietsstand 15.05.2022);STAG;Stichtag;2022-05-15;GEOLK4;Landkreise u. krsfr. Städte (Stand 15.05.22);16061;Eichsfeld;WHGRM2;Räume;RAUM04;4 Räume;5,09;€/m²;WHG012;Durchschnittliche Nettokaltmiete;e
4000W;Wohnungen (Gebietsstand 15.05.2022);STAG;Stichtag;2022-05-15;GEOLK4;Landkreise u. krsfr. Städte (Stand 15.05.22);05154;Kleve;WHGRM2;Räume;RAUM06;6 Räume;5,76;€/m²;WHG012;Durchschnittliche Nettokaltmiete;e
4000W;Wohnungen (Gebietsstand 15.05.2022);STAG;Stichtag;2022-05-15;GEOLK4;Landkreise u. krsfr. Städte (Stand 15.05.22);09464;Hof, Kreisfreie Stadt;WHGRM2;Räume;RAUM03;3 Räume;5,01;€/m²;WHG012;Durchschnittliche Nettokaltmiete;e
4000W;Wohnungen (Gebietsstand 15.05.2022);STAG;Stichtag;2022-05-15;GEOLK4;Landkreise u. krsfr. Städte (Stand 15.05.22);16070;Ilm-Kreis;WHGRM2;Räume;RAUM01;1 Raum;6,78;€/m²;WHG012;Durchschnittliche Nettokaltmiete;e
4000W;Wohnungen (Gebietsstand 15.05.2022);STAG;Stichtag;2022-05-15;GEOLK4;Landkreise u. krsfr. Städte (Stand 15.05.22);07134;Birkenfeld;WHGRM2;Räume;RAUM04;4 Räume;4,56;€/m²;WHG012;Durchschnittliche Nettokaltmiete;e
4000W;Wohnungen (Gebietsstand 15.05.2022);STAG;Stichtag;2022-05-15;GEOLK4;Landkreise u. krsfr. Städte (Stand 15.05.22);06432;Darmstadt-Dieburg;WHGRM2;Räume;RAUM02;2 Räume;8,81;€/m²;WHG012;Durchschnittliche Nettokaltmiete;e
4000W;Wohnungen (Gebietsstand 15.05.2022);STAG;Stichtag;2022-05-15;GEOLK4;Landkreise u. krsfr. Städte (Stand 15.05.22);08225;Neckar-Odenwald-Kreis;WHGRM2;Räume;RAUM01;1 Raum;9,62;€/m²;WHG012;Durchschnittliche Nettokaltmiete;e
4000W;Wohnungen (Gebietsstand 15.05.2022);STAG;Stichtag;2022-05-15;GEOLK4;Landkreise u. krsfr. Städte (Stand 15.05.22);09572;Erlangen-Höchstadt;WHGRM2;Räume;RAUM04;4 Räume;7,17;€/m²;WHG012;Durchschnittliche Nettokaltmiete;e
4000W;Wohnungen (Gebietsstand 15.05.2022);STAG;Stichtag;2022-05-15;GEOLK4;Landkreise u. krsfr. Städte (Stand 15.05.22);07131;Ahrweiler;WHGRM2;Räume;;Insgesamt;6,34;€/m²;WHG012;Durchschnittliche Nettokaltmiete;e
4000W;Wohnungen (Gebietsstand 15.05.2022);STAG;Stichtag;2022-05-15;GEOLK4;Landkreise u. krsfr. Städte (Stand 15.05.22);07211;Trier, kreisfreie Stadt;WHGRM2;Räume;;Insgesamt;7,92;€/m²;WHG012;Durchschnittliche Nettokaltmiete;e
4000W;Wohnungen (Gebietsstand 15.05.2022);STAG;Stichtag;2022-05-15;GEOLK4;Landkreise u. krsfr. Städte (Stand 15.05.22);09672;Bad Kissingen;WHGRM2;Räume;RAUM02;2 Räume;6,13;€/m²;WHG012;Durchschnittliche Nettokaltmiete;e
4000W;Wohnungen (Gebietsstand 15.05.2022);STAG;Stichtag;2022-05-15;GEOLK4;Landkreise u. krsfr. Städte (Stand 15.05.22);06436;Main-Taunus-Kreis;WHGRM2;Räume;RAUM03;3 Räume;9,09;€/m²;WHG012;Durchschnittliche Nettokaltmiete;e
4000W;Wohnungen (Gebietsstand 15.05.2022);STAG;Stichtag;2022-05-15;GEOLK4;Landkreise u. krsfr. Städte (Stand 15.05.22);08221;Heidelberg, Stadtkreis;WHGRM2;Räume;RAUM07UM;7 und mehr Räume;9,65;€/m²;WHG012;Durchschnittliche Nettokaltmiete;e
4000W;Wohnungen (Gebietsstand 15.05.2022);STAG;Stichtag;2022-05-15;GEOLK4;Landkreise u. krsfr. Städte (Stand 15.05.22);01061;Steinburg;WHGRM2;Räume;RAUM06;6 Räume;5,53;€/m²;WHG012;Durchschnittliche Nettokaltmiete;e
4000W;Wohnungen (Gebietsstand 15.05.2022);STAG;Stichtag;2022-05-15;GEOLK4;Landkreise u. krsfr. Städte (Stand 15.05.22);09373;Neumarkt i.d.OPf.;WHGRM2;Räume;RAUM01;1 Raum;10,03;€/m²;WHG012;Durchschnittliche Nettokaltmiete;e
4000W;Wohnungen (Gebietsstand 15.05.2022);STAG;Stichtag;2022-05-15;GEOLK4;Landkreise u. krsfr. Städte (Stand 15.05.22);07138;Neuwied;WHGRM2;Räume;RAUM06;6 Räume;5,26;€/m²;WHG012;Durchschnittliche Nettokaltmiete;e
4000W;Wohnungen (Gebietsstand 15.05.2022);STAG;Stichtag;2022-05-15;GEOLK4;Landkreise u. krsfr. Städte (Stand 15.05.22);09561;Ansbach, Kreisfreie Stadt;WHGRM2;Räume;RAUM07UM;7 und mehr Räume;5,56;€/m²;WHG012;Durchschnittliche Nettokaltmiete;e
4000W;Wohnungen (Gebietsstand 15.05.2022);STAG;Stichtag;2022-05-15;GEOLK4;Landkreise u. krsfr. Städte (Stand 15.05.22);05513;Gelsenkirchen, Stadt;WHGRM2;Räume;RAUM03;3 Räume;5,45;€/m²;WHG012;Durchschnittliche Nettokaltmiete;e
4000W;Wohnungen (Gebietsstand 15.05.2022);STAG;Stichtag;2022-05-15;GEOLK4;Landkreise u. krsfr. Städte (Stand 15.05.22);09565;Schwabach;WHGRM2;Räume;RAUM02;2 Räume;7,67;€/m²;WHG012;Durchschnittliche Nettokaltmiete;e
4000W;Wohnungen (Gebietsstand 15.05.2022);STAG;Stichtag;2022-05-15;GEOLK4;Landkreise u. krsfr. Städte (Stand 15.05.22);01054;Nordfriesland;WHGRM2;Räume;RAUM05;5 Räume;6,50;€/m²;WHG012;Durchschnittliche Nettokaltmiete;e
4000W;Wohnungen (Gebietsstand 15.05.2022);STAG;Stichtag;2022-05-15;GEOLK4;Landkreise u. krsfr. Städte (Stand 15.05.22);16075;Saale-Orla-Kreis;WHGRM2;Räume;RAUM06;6 Räume;4,58;€/m²;WHG012;Durchschnittliche Nettokaltmiete;e
4000W;Wohnungen (Gebietsstand 15.05.2022);STAG;Stichtag;2022-05-15;GEOLK4;Landkreise u. krsfr. Städte (Stand 15.05.22);03451;Ammerland;WHGRM2;Räume;RAUM02;2 Räume;8,34;€/m²;WHG012;Durchschnittliche Nettokaltmiete;e
4000W;Wohnungen (Gebietsstand 15.05.2022);STAG;Stichtag;2022-05-15;GEOLK4;Landkreise u. krsfr. Städte (Stand 15.05.22);09576;Roth;WHGRM2;Räume;RAUM06;6 Räume;6,32;€/m²;WHG012;Durchschnittliche Nettokaltmiete;e
4000W;Wohnungen (Gebietsstand 15.05.2022);STAG;Stichtag;2022-05-15;GEOLK4;Landkreise u. krsfr. Städte (Stand 15.05.22);08317;Ortenaukreis;WHGRM2;Räume;RAUM03;3 Räume;6,87;€/m²;WHG012;Durchschnittliche Nettokaltmiete;e
4000W;Wohnungen (Gebietsstand 15.05.2022);STAG;Stichtag;2022-05-15;GEOLK4;Landkreise u. krsfr. Städte (Stand 15.05.22);07134;Birkenfeld;WHGRM2;Räume;RAUM05;5 Räume;4,50;€/m²;WHG012;Durchschnittliche Nettokaltmiete;e
4000W;Wohnungen (Gebietsstand 15.05.2022);STAG;Stichtag;2022-05-15;GEOLK4;Landkreise u. krsfr. Städte (Stand 15.05.22);09176;Eichstätt;WHGRM2;Räume;RAUM05;5 Räume;7,22;€/m²;WHG012;Durchschnittliche Nettokaltmiete;e
4000W;Wohnungen (Gebietsstand 15.05.2022);STAG;Stichtag;2022-05-15;GEOLK4;Landkreise u. krsfr. Städte (Stand 15.05.22);06633;Kassel;WHGRM2;Räume;RAUM03;3 Räume;5,90;€/m²;WHG012;Durchschnittliche Nettokaltmiete;e
4000W;Wohnungen (Gebietsstand 15.05.2022);STAG;Stichtag;2022-05-15;GEOLK4;Landkreise u. krsfr. Städte (Stand 15.05.22);08231;Pforzheim, Stadtkreis;WHGRM2;Räume;RAUM02;2 Räume;7,92;€/m²;WHG012;Durchschnittliche Nettokaltmiete;e
4000W;Wohnungen (Gebietsstand 15.05.2022);STAG;Stichtag;2022-05-15;GEOLK4;Landkreise u. krsfr. Städte (Stand 15.05.22);08216;Rastatt;WHGRM2;Räume;RAUM04;4 Räume;6,59;€/m²;WHG012;Durchschnittliche Nettokaltmiete;e
4000W;Wohnungen (Gebietsstand 15.05.2022);STAG;Stichtag;2022-05-15;GEOLK4;Landkreise u. krsfr. Städte (Stand 15.05.22);14628;Sächsische Schweiz-Osterzgebirge;WHGRM2;Räume;RAUM02;2 Räume;5,67;€/m²;WHG012;Durchschnittliche Nettokaltmiete;e
4000W;Wohnungen (Gebietsstand 15.05.2022);STAG;Stichtag;2022-05-15;GEOLK4;Landkreise u. krsfr. Städte (Stand 15.05.22);09273;Kelheim;WHGRM2;Räume;RAUM06;6 Räume;6,20;€/m²;WHG012;Durchschnittliche Nettokaltmiete;e
4000W;Wohnungen (Gebietsstand 15.05.2022);STAG;Stichtag;2022-05-15;GEOLK4;Landkreise u. krsfr. Städte (Stand 15.05.22);01058;Rendsburg-Eckernförde;WHGRM2;Räume;RAUM03;3 Räume;7,02;€/m²;WHG012;Durchschnittliche Nettokaltmiete;e
4000W;Wohnungen (Gebietsstand 15.05.2022);STAG;Stichtag;2022-05-15;GEOLK4;Landkreise u. krsfr. Städte (Stand 15.05.22);03354;Lüchow-Dannenberg;WHGRM2;Räume;RAUM07UM;7 und mehr Räume;3,81;€/m²;WHG012;Durchschnittliche Nettokaltmiete;e
4000W;Wohnungen (Gebietsstand 15.05.2022);STAG;Stichtag;2022-05-15;GEOLK4;Landkreise u. krsfr. Städte (Stand 15.05.22);08135;Heidenheim;WHGRM2;Räume;RAUM05;5 Räume;6,04;€/m²;WHG012;Durchschnittliche Nettokaltmiete;e
4000W;Wohnungen (Gebietsstand 15.05.2022);STAG;Stichtag;2022-05-15;GEOLK4;Landkreise u. krsfr. Städte (Stand 15.05.22);09561;Ansbach, Kreisfreie Stadt;WHGRM2;Räume;RAUM04;4 Räume;6,19;€/m²;WHG012;Durchschnittliche Nettokaltmiete;e
4000W;Wohnungen (Gebietsstand 15.05.2022);STAG;Stichtag;2022-05-15;GEOLK4;Landkreise u. krsfr. Städte (Stand 15.05.22);10041;Regionalverband Saarbrücken;WHGRM2;Räume;RAUM01;1 Raum;9,20;€/m²;WHG012;Durchschnittliche Nettokaltmiete;e
4000W;Wohnungen (Gebietsstand 15.05.2022);STAG;Stichtag;2022-05-15;GEOLK4;Landkreise u. krsfr. Städte (Stand 15.05.22);12071;Spree-Neiße;WHGRM2;Räume;RAUM07UM;7 und mehr Räume;4,67;€/m²;WHG012;Durchschnittliche Nettokaltmiete;e
4000W;Wohnungen (Gebietsstand 15.05.2022);STAG;Stichtag;2022-05-15;GEOLK4;Landkreise u. krsfr. Städte (Stand 15.05.22);03359;Stade;WHGRM2;Räume;RAUM02;2 Räume;8,09;€/m²;WHG012;Durchschnittliche Nettokaltmiete;e
4000W;Wohnungen (Gebietsstand 15.05.2022);STAG;Stichtag;2022-05-15;GEOLK4;Landkreise u. krsfr. Städte (Stand 15.05.22);09672;Bad Kissingen;WHGRM2;Räume;RAUM03;3 Räume;5,63;€/m²;WHG012;Durchschnittliche Nettokaltmiete;e
4000W;Wohnungen (Gebietsstand 15.05.2022);STAG;Stichtag;2022-05-15;GEOLK4;Landkreise u. krsfr. Städte (Stand 15.05.22);03360;Uelzen;WHGRM2;Räume;RAUM03;3 Räume;5,90;€/m²;WHG012;Durchschnittliche Nettokaltmiete;e
4000W;Wohnungen (Gebietsstand 15.05.2022);STAG;Stichtag;2022-05-15;GEOLK4;Landkreise u. krsfr. Städte (Stand 15.05.22);03402;Emden, Stadt;WHGRM2;Räume;;Insgesamt;6,13;€/m²;WHG012;Durchschnittliche Nettokaltmiete;e
4000W;Wohnungen (Gebietsstand 15.05.2022);STAG;Stichtag;2022-05-15;GEOLK4;Landkreise u. krsfr. Städte (Stand 15.05.22);07133;Bad Kreuznach;WHGRM2;Räume;RAUM01;1 Raum;7,21;€/m²;WHG012;Durchschnittliche Nettokaltmiete;e
4000W;Wohnungen (Gebietsstand 15.05.2022);STAG;Stichtag;2022-05-15;GEOLK4;Landkreise u. krsfr. Städte (Stand 15.05.22);16064;Unstrut-Hainich-Kreis;WHGRM2;Räume;RAUM03;3 Räume;5,11;€/m²;WHG012;Durchschnittliche Nettokaltmiete;e
4000W;Wohnungen (Gebietsstand 15.05.2022);STAG;Stichtag;2022-05-15;GEOLK4;Landkreise u. krsfr. Städte (Stand 15.05.22);09777;Ostallgäu;WHGRM2;Räume;RAUM03;3 Räume;7,16;€/m²;WHG012;Durchschnittliche Nettokaltmiete;e
4000W;Wohnungen (Gebietsstand 15.05.2022);STAG;Stichtag;2022-05-15;GEOLK4;Landkreise u. krsfr. Städte (Stand 15.05.22);14523;Vogtlandkreis;WHGRM2;Räume;RAUM02;2 Räume;4,79;€/m²;WHG012;Durchschnittliche Nettokaltmiete;e
4000W;Wohnungen (Gebietsstand 15.05.2022);STAG;Stichtag;2022-05-15;GEOLK4;Landkreise u. krsfr. Städte (Stand 15.05.22);06531;Gießen;WHGRM2;Räume;RAUM01;1 Raum;10,84;€/m²;WHG012;Durchschnittliche Nettokaltmiete;e
4000W;Wohnungen (Gebietsstand 15.05.2022);STAG;Stichtag;2022-05-15;GEOLK4;Landkreise u. krsfr. Städte (Stand 15.05.22);07331;Alzey-Worms;WHGRM2;Räume;RAUM04;4 Räume;6,30;€/m²;WHG012;Durchschnittliche Nettokaltmiete;e
4000W;Wohnungen (Gebietsstand 15.05.2022);STAG;Stichtag;2022-05-15;GEOLK4;Landkreise u. krsfr. Städte (Stand 15.05.22);08115;Böblingen;WHGRM2;Räume;RAUM07UM;7 und mehr Räume;9,03;€/m²;WHG012;Durchschnittliche Nettokaltmiete;e
4000W;Wohnungen (Gebietsstand 15.05.2022);STAG;Stichtag;2022-05-15;GEOLK4;Landkreise u. krsfr. Städte (Stand 15.05.22);09362;Regensburg, Kreisfreie Stadt;WHGRM2;Räume;;Insgesamt;9,38;€/m²;WHG012;Durchschnittliche Nettokaltmiete;e
4000W;Wohnungen (Gebietsstand 15.05.2022);STAG;Stichtag;2022-05-15;GEOLK4;Landkreise u. krsfr. Städte (Stand 15.05.22);16068;Sömmerda;WHGRM2;Räume;RAUM07UM;7 und mehr Räume;5,01;€/m²;WHG012;Durchschnittliche Nettokaltmiete;e
4000W;Wohnungen (Gebietsstand 15.05.2022);STAG;Stichtag;2022-05-15;GEOLK4;Landkreise u. krsfr. Städte (Stand 15.05.22);09185;Neuburg-Schrobenhausen;WHGRM2;Räume;RAUM01;1 Raum;9,67;€/m²;WHG012;Durchschnittliche Nettokaltmiete;e
4000W;Wohnungen (Gebietsstand 15.05.2022);STAG;Stichtag;2022-05-15;GEOLK4;Landkreise u. krsfr. Städte (Stand 15.05.22);09763;Kempten (Allgäu);WHGRM2;Räume;;Insgesamt;7,18;€/m²;WHG012;Durchschnittliche Nettokaltmiete;e
4000W;Wohnungen (Gebietsstand 15.05.2022);STAG;Stichtag;2022-05-15;GEOLK4;Landkreise u. krsfr. Städte (Stand 15.05.22);07335;Kaiserslautern;WHGRM2;Räume;RAUM02;2 Räume;6,37;€/m²;WHG012;Durchschnittliche Nettokaltmiete;e
4000W;Wohnungen (Gebietsstand 15.05.2022);STAG;Stichtag;2022-05-15;GEOLK4;Landkreise u. krsfr. Städte (Stand 15.05.22);08326;Schwarzwald-Baar-Kreis;WHGRM2;Räume;RAUM07UM;7 und mehr Räume;5,68;€/m²;WHG012;Durchschnittliche Nettokaltmiete;e
4000W;Wohnungen (Gebietsstand 15.05.2022);STAG;Stichtag;2022-05-15;GEOLK4;Landkreise u. krsfr. Städte (Stand 15.05.22);03355;Lüneburg;WHGRM2;Räume;RAUM05;5 Räume;6,97;€/m²;WHG012;Durchschnittliche Nettokaltmiete;e
4000W;Wohnungen (Gebietsstand 15.05.2022);STAG;Stichtag;2022-05-15;GEOLK4;Landkreise u. krsfr. Städte (Stand 15.05.22);13071;Mecklenburgische Seenplatte;WHGRM2;Räume;RAUM04;4 Räume;5,15;€/m²;WHG012;Durchschnittliche Nettokaltmiete;e
4000W;Wohnungen (Gebietsstand 15.05.2022);STAG;Stichtag;2022-05-15;GEOLK4;Landkreise u. krsfr. Städte (Stand 15.05.22);08121;Heilbronn, Stadtkreis;WHGRM2;Räume;RAUM04;4 Räume;7,97;€/m²;WHG012;Durchschnittliche Nettokaltmiete;e
4000W;Wohnungen (Gebietsstand 15.05.2022);STAG;Stichtag;2022-05-15;GEOLK4;Landkreise u. krsfr. Städte (Stand 15.05.22);09186;Pfaffenhofen a.d.Ilm;WHGRM2;Räume;RAUM05;5 Räume;7,24;€/m²;WHG012;Durchschnittliche Nettokaltmiete;e
4000W;Wohnungen (Gebietsstand 15.05.2022);STAG;Stichtag;2022-05-15;GEOLK4;Landkreise u. krsfr. Städte (Stand 15.05.22);08222;Mannheim, Stadtkreis;WHGRM2;Räume;RAUM06;6 Räume;7,68;€/m²;WHG012;Durchschnittliche Nettokaltmiete;e
4000W;Wohnungen (Gebietsstand 15.05.2022);STAG;Stichtag;2022-05-15;GEOLK4;Landkreise u. krsfr. Städte (Stand 15.05.22);06412;Frankfurt am Main, Stadt;WHGRM2;Räume;RAUM06;6 Räume;9,87;€/m²;WHG012;Durchschnittliche Nettokaltmiete;e
4000W;Wohnungen (Gebietsstand 15.05.2022);STAG;Stichtag;2022-05-15;GEOLK4;Landkreise u. krsfr. Städte (Stand 15.05.22);09261;Landshut, Kreisfreie Stadt;WHGRM2;Räume;RAUM07UM;7 und mehr Räume;7,78;€/m²;WHG012;Durchschnittliche Nettokaltmiete;e
4000W;Wohnungen (Gebietsstand 15.05.2022);STAG;Stichtag;2022-05-15;GEOLK4;Landkreise u. krsfr. Städte (Stand 15.05.22);06439;Rheingau-Taunus-Kreis;WHGRM2;Räume;RAUM02;2 Räume;8,20;€/m²;WHG012;Durchschnittliche Nettokaltmiete;e
4000W;Wohnungen (Gebietsstand 15.05.2022);STAG;Stichtag;2022-05-15;GEOLK4;Landkreise u. krsfr. Städte (Stand 15.05.22);05570;Warendorf;WHGRM2;Räume;RAUM03;3 Räume;6,06;€/m²;WHG012;Durchschnittliche Nettokaltmiete;e
4000W;Wohnungen (Gebietsstand 15.05.2022);STAG;Stichtag;2022-05-15;GEOLK4;Landkreise u. krsfr. Städte (Stand 15.05.22);16064;Unstrut-Hainich-Kreis;WHGRM2;Räume;RAUM07UM;7 und mehr Räume;4,46;€/m²;WHG012;Durchschnittliche Nettokaltmiete;e
4000W;Wohnungen (Gebietsstand 15.05.2022);STAG;Stichtag;2022-05-15;GEOLK4;Landkreise u. krsfr. Städte (Stand 15.05.22);05358;Düren;WHGRM2;Räume;RAUM06;6 Räume;5,55;€/m²;WHG012;Durchschnittliche Nettokaltmiete;e
4000W;Wohnungen (Gebietsstand 15.05.2022);STAG;Stichtag;2022-05-15;GEOLK4;Landkreise u. krsfr. Städte (Stand 15.05.22);07312;Kaiserslautern, kreisfreie Stadt;WHGRM2;Räume;RAUM04;4 Räume;5,95;€/m²;WHG012;Durchschnittliche Nettokaltmiete;e
4000W;Wohnungen (Gebietsstand 15.05.2022);STAG;Stichtag;2022-05-15;GEOLK4;Landkreise u. krsfr. Städte (Stand 15.05.22);09181;Landsberg am Lech;WHGRM2;Räume;RAUM03;3 Räume;8,48;€/m²;WHG012;Durchschnittliche Nettokaltmiete;e
4000W;Wohnungen (Gebietsstand 15.05.2022);STAG;Stichtag;2022-05-15;GEOLK4;Landkreise u. krsfr. Städte (Stand 15.05.22);08226;Rhein-Neckar-Kreis;WHGRM2;Räume;RAUM04;4 Räume;7,20;€/m²;WHG012;Durchschnittliche Nettokaltmiete;e
4000W;Wohnungen (Gebietsstand 15.05.2022);STAG;Stichtag;2022-05-15;GEOLK4;Landkreise u. krsfr. Städte (Stand 15.05.22);16054;Suhl, Stadt;WHGRM2;Räume;RAUM03;3 Räume;5,21;€/m²;WHG012;Durchschnittliche Nettokaltmiete;e
4000W;Wohnungen (Gebietsstand 15.05.2022);STAG;Stichtag;2022-05-15;GEOLK4;Landkreise u. krsfr. Städte (Stand 15.05.22);05554;Borken;WHGRM2;Räume;;Insgesamt;6,26;€/m²;WHG012;Durchschnittliche Nettokaltmiete;e
4000W;Wohnungen (Gebietsstand 15.05.2022);STAG;Stichtag;2022-05-15;GEOLK4;Landkreise u. krsfr. Städte (Stand 15.05.22);13075;Vorpommern-Greifswald;WHGRM2;Räume;RAUM02;2 Räume;6,19;€/m²;WHG012;Durchschnittliche Nettokaltmiete;e
4000W;Wohnungen (Gebietsstand 15.05.2022);STAG;Stichtag;2022-05-15;GEOLK4;Landkreise u. krsfr. Städte (Stand 15.05.22);07134;Birkenfeld;WHGRM2;Räume;;Insgesamt;4,78;€/m²;WHG012;Durchschnittliche Nettokaltmiete;e
4000W;Wohnungen (Gebietsstand 15.05.2022);STAG;Stichtag;2022-05-15;GEOLK4;Landkreise u. krsfr. Städte (Stand 15.05.22);07315;Mainz, kreisfreie Stadt;WHGRM2;Räume;;Insgesamt;9,73;€/m²;WHG012;Durchschnittliche Nettokaltmiete;e
4000W;Wohnungen (Gebietsstand 15.05.2022);STAG;Stichtag;2022-05-15;GEOLK4;Landkreise u. krsfr. Städte (Stand 15.05.22);08337;Waldshut;WHGRM2;Räume;RAUM02;2 Räume;7,77;€/m²;WHG012;Durchschnittliche Nettokaltmiete;e
4000W;Wohnungen (Gebietsstand 15.05.2022);STAG;Stichtag;2022-05-15;GEOLK4;Landkreise u. krsfr. Städte (Stand 15.05.22);02000;Hamburg, Freie und Hansestadt;WHGRM2;Räume;RAUM02;2 Räume;10,10;€/m²;WHG012;Durchschnittliche Nettokaltmiete;e
4000W;Wohnungen (Gebietsstand 15.05.2022);STAG;Stichtag;2022-05-15;GEOLK4;Landkreise u. krsfr. Städte (Stand 15.05.22);12053;Frankfurt (Oder), Stadt;WHGRM2;Räume;RAUM07UM;7 und mehr Räume;5,62;€/m²;WHG012;Durchschnittliche Nettokaltmiete;e
4000W;Wohnungen (Gebietsstand 15.05.2022);STAG;Stichtag;2022-05-15;GEOLK4;Landkreise u. krsfr. Städte (Stand 15.05.22);07316;Neustadt an der Weinstraße, kreisfreie Stadt;WHGRM2;Räume;RAUM02;2 Räume;7,20;€/m²;WHG012;Durchschnittliche Nettokaltmiete;e
4000W;Wohnungen (Gebietsstand 15.05.2022);STAG;Stichtag;2022-05-15;GEOLK4;Landkreise u. krsfr. Städte (Stand 15.05.22);05162;Rhein-Kreis Neuss;WHGRM2;Räume;RAUM06;6 Räume;7,58;€/m²;WHG012;Durchschnittliche Nettokaltmiete;e
4000W;Wohnungen (Gebietsstand 15.05.2022);STAG;Stichtag;2022-05-15;GEOLK4;Landkreise u. krsfr. Städte (Stand 15.05.22);08116;Esslingen;WHGRM2;Räume;RAUM05;5 Räume;8,21;€/m²;WHG012;Durchschnittliche Nettokaltmiete;e
4000W;Wohnungen (Gebietsstand 15.05.2022);STAG;Stichtag;2022-05-15;GEOLK4;Landkreise u. krsfr. Städte (Stand 15.05.22);09763;Kempten (Allgäu);WHGRM2;Räume;RAUM01;1 Raum;9,08;€/m²;WHG012;Durchschnittliche Nettokaltmiete;e
4000W;Wohnungen (Gebietsstand 15.05.2022);STAG;Stichtag;2022-05-15;GEOLK4;Landkreise u. krsfr. Städte (Stand 15.05.22);05170;Wesel;WHGRM2;Räume;RAUM03;3 Räume;6,18;€/m²;WHG012;Durchschnittliche Nettokaltmiete;e
4000W;Wohnungen (Gebietsstand 15.05.2022);STAG;Stichtag;2022-05-15;GEOLK4;Landkreise u. krsfr. Städte (Stand 15.05.22);03254;Hildesheim;WHGRM2;Räume;RAUM02;2 Räume;6,52;€/m²;WHG012;Durchschnittliche Nettokaltmiete;e
4000W;Wohnungen (Gebietsstand 15.05.2022);STAG;Stichtag;2022-05-15;GEOLK4;Landkreise u. krsfr. Städte (Stand 15.05.22);12063;Havelland;WHGRM2;Räume;RAUM02;2 Räume;7,23;€/m²;WHG012;Durchschnittliche Nettokaltmiete;e
4000W;Wohnungen (Gebietsstand 15.05.2022);STAG;Stichtag;2022-05-15;GEOLK4;Landkreise u. krsfr. Städte (Stand 15.05.22);09771;Aichach-Friedberg;WHGRM2;Räume;RAUM07UM;7 und mehr Räume;6,71;€/m²;WHG012;Durchschnittliche Nettokaltmiete;e
4000W;Wohnungen (Gebietsstand 15.05.2022);STAG;Stichtag;2022-05-15;GEOLK4;Landkreise u. krsfr. Städte (Stand 15.05.22);08115;Böblingen;WHGRM2;Räume;RAUM02;2 Räume;9,83;€/m²;WHG012;Durchschnittliche Nettokaltmiete;e
4000W;Wohnungen (Gebietsstand 15.05.2022);STAG;Stichtag;2022-05-15;GEOLK4;Landkreise u. krsfr. Städte (Stand 15.05.22);06440;Wetteraukreis;WHGRM2;Räume;RAUM02;2 Räume;8,68;€/m²;WHG012;Durchschnittliche Nettokaltmiete;e
4000W;Wohnungen (Gebietsstand 15.05.2022);STAG;Stichtag;2022-05-15;GEOLK4;Landkreise u. krsfr. Städte (Stand 15.05.22);07332;Bad Dürkheim;WHGRM2;Räume;RAUM04;4 Räume;6,48;€/m²;WHG012;Durchschnittliche Nettokaltmiete;e
4000W;Wohnungen (Gebietsstand 15.05.2022);STAG;Stichtag;2022-05-15;GEOLK4;Landkreise u. krsfr. Städte (Stand 15.05.22);07132;Altenkirchen (Westerwald);WHGRM2;Räume;;Insgesamt;5,22;€/m²;WHG012;Durchschnittliche Nettokaltmiete;e
4000W;Wohnungen (Gebietsstand 15.05.2022);STAG;Stichtag;2022-05-15;GEOLK4;Landkreise u. krsfr. Städte (Stand 15.05.22);09773;Dillingen a.d.Donau;WHGRM2;Räume;RAUM05;5 Räume;5,62;€/m²;WHG012;Durchschnittliche Nettokaltmiete;e
4000W;Wohnungen (Gebietsstand 15.05.2022);STAG;Stichtag;2022-05-15;GEOLK4;Landkreise u. krsfr. Städte (Stand 15.05.22);06431;Bergstraße;WHGRM2;Räume;RAUM06;6 Räume;6,47;€/m²;WHG012;Durchschnittliche Nettokaltmiete;e
4000W;Wohnungen (Gebietsstand 15.05.2022);STAG;Stichtag;2022-05-15;GEOLK4;Landkreise u. krsfr. Städte (Stand 15.05.22);12065;Oberhavel;WHGRM2;Räume;RAUM05;5 Räume;6,21;€/m²;WHG012;Durchschnittliche Nettokaltmiete;e
4000W;Wohnungen (Gebietsstand 15.05.2022);STAG;Stichtag;2022-05-15;GEOLK4;Landkreise u. krsfr. Städte (Stand 15.05.22);03103;Wolfsburg, Stadt;WHGRM2;Räume;;Insgesamt;7,21;€/m²;WHG012;Durchschnittliche Nettokaltmiete;e
4000W;Wohnungen (Gebietsstand 15.05.2022);STAG;Stichtag;2022-05-15;GEOLK4;Landkreise u. krsfr. Städte (Stand 15.05.22);09362;Regensburg, Kreisfreie Stadt;WHGRM2;Räume;RAUM01;1 Raum;12,99;€/m²;WHG012;Durchschnittliche Nettokaltmiete;e
4000W;Wohnungen (Gebietsstand 15.05.2022);STAG;Stichtag;2022-05-15;GEOLK4;Landkreise u. krsfr. Städte (Stand 15.05.22);05378;Rheinisch-Bergischer Kreis;WHGRM2;Räume;RAUM07UM;7 und mehr Räume;6,92;€/m²;WHG012;Durchschnittliche Nettokaltmiete;e
4000W;Wohnungen (Gebietsstand 15.05.2022);STAG;Stichtag;2022-05-15;GEOLK4;Landkreise u. krsfr. Städte (Stand 15.05.22);05382;Rhein-Sieg-Kreis;WHGRM2;Räume;RAUM04;4 Räume;6,86;€/m²;WHG012;Durchschnittliche Nettokaltmiete;e
4000W;Wohnungen (Gebietsstand 15.05.2022);STAG;Stichtag;2022-05-15;GEOLK4;Landkreise u. krsfr. Städte (Stand 15.05.22);12054;Potsdam, Stadt;WHGRM2;Räume;RAUM06;6 Räume;7,93;€/m²;WHG012;Durchschnittliche Nettokaltmiete;e
4000W;Wohnungen (Gebietsstand 15.05.2022);STAG;Stichtag;2022-05-15;GEOLK4;Landkreise u. krsfr. Städte (Stand 15.05.22);05758;Herford;WHGRM2;Räume;RAUM06;6 Räume;5,03;€/m²;WHG012;Durchschnittliche Nettokaltmiete;e
4000W;Wohnungen (Gebietsstand 15.05.2022);STAG;Stichtag;2022-05-15;GEOLK4;Landkreise u. krsfr. Städte (Stand 15.05.22);09179;Fürstenfeldbruck;WHGRM2;Räume;RAUM03;3 Räume;10,49;€/m²;WHG012;Durchschnittliche Nettokaltmiete;e
4000W;Wohnungen (Gebietsstand 15.05.2022);STAG;Stichtag;2022-05-15;GEOLK4;Landkreise u. krsfr. Städte (Stand 15.05.22);08136;Ostalbkreis;WHGRM2;Räume;RAUM05;5 Räume;6,14;€/m²;WHG012;Durchschnittliche Nettokaltmiete;e
4000W;Wohnungen (Gebietsstand 15.05.2022);STAG;Stichtag;2022-05-15;GEOLK4;Landkreise u. krsfr. Städte (Stand 15.05.22);09661;Aschaffenburg, Kreisfreie Stadt;WHGRM2;Räume;;Insgesamt;7,75;€/m²;WHG012;Durchschnittliche Nettokaltmiete;e
4000W;Wohnungen (Gebietsstand 15.05.2022);STAG;Stichtag;2022-05-15;GEOLK4;Landkreise u. krsfr. Städte (Stand 15.05.22);08326;Schwarzwald-Baar-Kreis;WHGRM2;Räume;RAUM03;3 Räume;6,70;€/m²;WHG012;Durchschnittliche Nettokaltmiete;e
4000W;Wohnungen (Gebietsstand 15.05.2022);STAG;Stichtag;2022-05-15;GEOLK4;Landkreise u. krsfr. Städte (Stand 15.05.22);05766;Lippe;WHGRM2;Räume;RAUM03;3 Räume;5,76;€/m²;WHG012;Durchschnittliche Nettokaltmiete;e
4000W;Wohnungen (Gebietsstand 15.05.2022);STAG;Stichtag;2022-05-15;GEOLK4;Landkreise u. krsfr. Städte (Stand 15.05.22);06533;Limburg-Weilburg;WHGRM2;Räume;RAUM04;4 Räume;5,76;€/m²;WHG012;Durchschnittliche Nettokaltmiete;e
4000W;Wohnungen (Gebietsstand 15.05.2022);STAG;Stichtag;2022-05-15;GEOLK4;Landkreise u. krsfr. Städte (Stand 15.05.22);09363;Weiden i.d.OPf.;WHGRM2;Räume;RAUM01;1 Raum;8,66;€/m²;WHG012;Durchschnittliche Nettokaltmiete;e
4000W;Wohnungen (Gebietsstand 15.05.2022);STAG;Stichtag;2022-05-15;GEOLK4;Landkreise u. krsfr. Städte (Stand 15.05.22);09562;Erlangen;WHGRM2;Räume;RAUM04;4 Räume;8,26;€/m²;WHG012;Durchschnittliche Nettokaltmiete;e
4000W;Wohnungen (Gebietsstand 15.05.2022);STAG;Stichtag;2022-05-15;GEOLK4;Landkreise u. krsfr. Städte (Stand 15.05.22);09464;Hof, Kreisfreie Stadt;WHGRM2;Räume;;Insgesamt;5,05;€/m²;WHG012;Durchschnittliche Nettokaltmiete;e
4000W;Wohnungen (Gebietsstand 15.05.2022);STAG;Stichtag;2022-05-15;GEOLK4;Landkreise u. krsfr. Städte (Stand 15.05.22);09779;Donau-Ries;WHGRM2;Räume;RAUM06;6 Räume;5,59;€/m²;WHG012;Durchschnittliche Nettokaltmiete;e
4000W;Wohnungen (Gebietsstand 15.05.2022);STAG;Stichtag;2022-05-15;GEOLK4;Landkreise u. krsfr. Städte (Stand 15.05.22);09475;Hof, Landkreis;WHGRM2;Räume;RAUM03;3 Räume;4,54;€/m²;WHG012;Durchschnittliche Nettokaltmiete;e
4000W;Wohnungen (Gebietsstand 15.05.2022);STAG;Stichtag;2022-05-15;GEOLK4;Landkreise u. krsfr. Städte (Stand 15.05.22);09673;Rhön-Grabfeld;WHGRM2;Räume;RAUM06;6 Räume;4,35;€/m²;WHG012;Durchschnittliche Nettokaltmiete;e
4000W;Wohnungen (Gebietsstand 15.05.2022);STAG;Stichtag;2022-05-15;GEOLK4;Landkreise u. krsfr. Städte (Stand 15.05.22);09474;Forchheim;WHGRM2;Räume;RAUM03;3 Räume;6,77;€/m²;WHG012;Durchschnittliche Nettokaltmiete;e
4000W;Wohnungen (Gebietsstand 15.05.2022);STAG;Stichtag;2022-05-15;GEOLK4;Landkreise u. krsfr. Städte (Stand 15.05.22);05978;Unna;WHGRM2;Räume;RAUM04;4 Räume;5,59;€/m²;WHG012;Durchschnittliche Nettokaltmiete;e
4000W;Wohnungen (Gebietsstand 15.05.2022);STAG;Stichtag;2022-05-15;GEOLK4;Landkreise u. krsfr. Städte (Stand 15.05.22);03403;Oldenburg (Oldenburg), Stadt;WHGRM2;Räume;RAUM06;6 Räume;6,93;€/m²;WHG012;Durchschnittliche Nettokaltmiete;e
4000W;Wohnungen (Gebietsstand 15.05.2022);STAG;Stichtag;2022-05-15;GEOLK4;Landkreise u. krsfr. Städte (Stand 15.05.22);03358;Heidekreis;WHGRM2;Räume;RAUM07UM;7 und mehr Räume;4,76;€/m²;WHG012;Durchschnittliche Nettokaltmiete;e
4000W;Wohnungen (Gebietsstand 15.05.2022);STAG;Stichtag;2022-05-15;GEOLK4;Landkreise u. krsfr. Städte (Stand 15.05.22);03158;Wolfenbüttel;WHGRM2;Räume;RAUM05;5 Räume;5,67;€/m²;WHG012;Durchschnittliche Nettokaltmiete;e
4000W;Wohnungen (Gebietsstand 15.05.2022);STAG;Stichtag;2022-05-15;GEOLK4;Landkreise u. krsfr. Städte (Stand 15.05.22);05374;Oberbergischer Kreis;WHGRM2;Räume;RAUM07UM;7 und mehr Räume;5,13;€/m²;WHG012;Durchschnittliche Nettokaltmiete;e
4000W;Wohnungen (Gebietsstand 15.05.2022);STAG;Stichtag;2022-05-15;GEOLK4;Landkreise u. krsfr. Städte (Stand 15.05.22);09161;Ingolstadt;WHGRM2;Räume;RAUM04;4 Räume;7,90;€/m²;WHG012;Durchschnittliche Nettokaltmiete;e
4000W;Wohnungen (Gebietsstand 15.05.2022);STAG;Stichtag;2022-05-15;GEOLK4;Landkreise u. krsfr. Städte (Stand 15.05.22);16065;Kyffhäuserkreis;WHGRM2;Räume;RAUM02;2 Räume;5,25;€/m²;WHG012;Durchschnittliche Nettokaltmiete;e
4000W;Wohnungen (Gebietsstand 15.05.2022);STAG;Stichtag;2022-05-15;GEOLK4;Landkreise u. krsfr. Städte (Stand 15.05.22);08237;Freudenstadt;WHGRM2;Räume;;Insgesamt;6,49;€/m²;WHG012;Durchschnittliche Nettokaltmiete;e
4000W;Wohnungen (Gebietsstand 15.05.2022);STAG;Stichtag;2022-05-15;GEOLK4;Landkreise u. krsfr. Städte (Stand 15.05.22);03356;Osterholz;WHGRM2;Räume;RAUM04;4 Räume;6,37;€/m²;WHG012;Durchschnittliche Nettokaltmiete;e
4000W;Wohnungen (Gebietsstand 15.05.2022);STAG;Stichtag;2022-05-15;GEOLK4;Landkreise u. krsfr. Städte (Stand 15.05.22);05124;Wuppertal, Stadt;WHGRM2;Räume;RAUM02;2 Räume;6,39;€/m²;WHG012;Durchschnittliche Nettokaltmiete;e
4000W;Wohnungen (Gebietsstand 15.05.2022);STAG;Stichtag;2022-05-15;GEOLK4;Landkreise u. krsfr. Städte (Stand 15.05.22);05974;Soest;WHGRM2;Räume;RAUM06;6 Räume;5,22;€/m²;WHG012;Durchschnittliche Nettokaltmiete;e
4000W;Wohnungen (Gebietsstand 15.05.2022);STAG;Stichtag;2022-05-15;GEOLK4;Landkreise u. krsfr. Städte (Stand 15.05.22);03359;Stade;WHGRM2;Räume;;Insgesamt;7,33;€/m²;WHG012;Durchschnittliche Nettokaltmiete;e
4000W;Wohnungen (Gebietsstand 15.05.2022);STAG;Stichtag;2022-05-15;GEOLK4;Landkreise u. krsfr. Städte (Stand 15.05.22);03451;Ammerland;WHGRM2;Räume;;Insgesamt;6,65;€/m²;WHG012;Durchschnittliche Nettokaltmiete;e
4000W;Wohnungen (Gebietsstand 15.05.2022);STAG;Stichtag;2022-05-15;GEOLK4;Landkreise u. krsfr. Städte (Stand 15.05.22);16073;Saalfeld-Rudolstadt;WHGRM2;Räume;RAUM03;3 Räume;5,29;€/m²;WHG012;Durchschnittliche Nettokaltmiete;e
4000W;Wohnungen (Gebietsstand 15.05.2022);STAG;Stichtag;2022-05-15;GEOLK4;Landkreise u. krsfr. Städte (Stand 15.05.22);05566;Steinfurt;WHGRM2;Räume;RAUM07UM;7 und mehr Räume;5,22;€/m²;WHG012;Durchschnittliche Nettokaltmiete;e
4000W;Wohnungen (Gebietsstand 15.05.2022);STAG;Stichtag;2022-05-15;GEOLK4;Landkreise u. krsfr. Städte (Stand 15.05.22);01001;Flensburg, Stadt;WHGRM2;Räume;RAUM04;4 Räume;6,47;€/m²;WHG012;Durchschnittliche Nettokaltmiete;e
4000W;Wohnungen (Gebietsstand 15.05.2022);STAG;Stichtag;2022-05-15;GEOLK4;Landkreise u. krsfr. Städte (Stand 15.05.22);03361;Verden;WHGRM2;Räume;RAUM02;2 Räume;7,74;€/m²;WHG012;Durchschnittliche Nettokaltmiete;e
4000W;Wohnungen (Gebietsstand 15.05.2022);STAG;Stichtag;2022-05-15;GEOLK4;Landkreise u. krsfr. Städte (Stand 15.05.22);05966;Olpe;WHGRM2;Räume;RAUM05;5 Räume;5,31;€/m²;WHG012;Durchschnittliche Nettokaltmiete;e
4000W;Wohnungen (Gebietsstand 15.05.2022);STAG;Stichtag;2022-05-15;GEOLK4;Landkreise u. krsfr. Städte (Stand 15.05.22);05119;Oberhausen, Stadt;WHGRM2;Räume;RAUM04;4 Räume;5,56;€/m²;WHG012;Durchschnittliche Nettokaltmiete;e
4000W;Wohnungen (Gebietsstand 15.05.2022);STAG;Stichtag;2022-05-15;GEOLK4;Landkreise u. krsfr. Städte (Stand 15.05.22);16077;Altenburger Land;WHGRM2;Räume;RAUM01;1 Raum;6,07;€/m²;WHG012;Durchschnittliche Nettokaltmiete;e
4000W;Wohnungen (Gebietsstand 15.05.2022);STAG;Stichtag;2022-05-15;GEOLK4;Landkreise u. krsfr. Städte (Stand 15.05.22);15001;Dessau-Roßlau, Stadt;WHGRM2;Räume;RAUM05;5 Räume;5,31;€/m²;WHG012;Durchschnittliche Nettokaltmiete;e
4000W;Wohnungen (Gebietsstand 15.05.2022);STAG;Stichtag;2022-05-15;GEOLK4;Landkreise u. krsfr. Städte (Stand 15.05.22);03453;Cloppenburg;WHGRM2;Räume;RAUM05;5 Räume;5,22;€/m²;WHG012;Durchschnittliche Nettokaltmiete;e
4000W;Wohnungen (Gebietsstand 15.05.2022);STAG;Stichtag;2022-05-15;GEOLK4;Landkreise u. krsfr. Städte (Stand 15.05.22);08118;Ludwigsburg;WHGRM2;Räume;;Insgesamt;8,88;€/m²;WHG012;Durchschnittliche Nettokaltmiete;e
4000W;Wohnungen (Gebietsstand 15.05.2022);STAG;Stichtag;2022-05-15;GEOLK4;Landkreise u. krsfr. Städte (Stand 15.05.22);08311;Freiburg im Breisgau, Stadtkreis;WHGRM2;Räume;RAUM02;2 Räume;9,96;€/m²;WHG012;Durchschnittliche Nettokaltmiete;e
4000W;Wohnungen (Gebietsstand 15.05.2022);STAG;Stichtag;2022-05-15;GEOLK4;Landkreise u. krsfr. Städte (Stand 15.05.22);09575;Neustadt a.d.Aisch-Bad Windsheim;WHGRM2;Räume;RAUM06;6 Räume;4,97;€/m²;WHG012;Durchschnittliche Nettokaltmiete;e
4000W;Wohnungen (Gebietsstand 15.05.2022);STAG;Stichtag;2022-05-15;GEOLK4;Landkreise u. krsfr. Städte (Stand 15.05.22);07131;Ahrweiler;WHGRM2;Räume;RAUM06;6 Räume;5,48;€/m²;WHG012;Durchschnittliche Nettokaltmiete;e
4000W;Wohnungen (Gebietsstand 15.05.2022);STAG;Stichtag;2022-05-15;GEOLK4;Landkreise u. krsfr. Städte (Stand 15.05.22);09565;Schwabach;WHGRM2;Räume;RAUM07UM;7 und mehr Räume;6,62;€/m²;WHG012;Durchschnittliche Nettokaltmiete;e
4000W;Wohnungen (Gebietsstand 15.05.2022);STAG;Stichtag;2022-05-15;GEOLK4;Landkreise u. krsfr. Städte (Stand 15.05.22);03452;Aurich;WHGRM2;Räume;RAUM01;1 Raum;9,89;€/m²;WHG012;Durchschnittliche Nettokaltmiete;e
4000W;Wohnungen (Gebietsstand 15.05.2022);STAG;Stichtag;2022-05-15;GEOLK4;Landkreise u. krsfr. Städte (Stand 15.05.22);06632;Hersfeld-Rotenburg;WHGRM2;Räume;RAUM04;4 Räume;5,13;€/m²;WHG012;Durchschnittliche Nettokaltmiete;e
4000W;Wohnungen (Gebietsstand 15.05.2022);STAG;Stichtag;2022-05-15;GEOLK4;Landkreise u. krsfr. Städte (Stand 15.05.22);13072;Landkreis Rostock;WHGRM2;Räume;RAUM04;4 Räume;5,70;€/m²;WHG012;Durchschnittliche Nettokaltmiete;e
4000W;Wohnungen (Gebietsstand 15.05.2022);STAG;Stichtag;2022-05-15;GEOLK4;Landkreise u. krsfr. Städte (Stand 15.05.22);03458;Oldenburg;WHGRM2;Räume;RAUM07UM;7 und mehr Räume;5,40;€/m²;WHG012;Durchschnittliche Nettokaltmiete;e
4000W;Wohnungen (Gebietsstand 15.05.2022);STAG;Stichtag;2022-05-15;GEOLK4;Landkreise u. krsfr. Städte (Stand 15.05.22);09772;Augsburg, Landkreis;WHGRM2;Räume;;Insgesamt;7,50;€/m²;WHG012;Durchschnittliche Nettokaltmiete;e
4000W;Wohnungen (Gebietsstand 15.05.2022);STAG;Stichtag;2022-05-15;GEOLK4;Landkreise u. krsfr. Städte (Stand 15.05.22);12073;Uckermark;WHGRM2;Räume;RAUM06;6 Räume;4,65;€/m²;WHG012;Durchschnittliche Nettokaltmiete;e
4000W;Wohnungen (Gebietsstand 15.05.2022);STAG;Stichtag;2022-05-15;GEOLK4;Landkreise u. krsfr. Städte (Stand 15.05.22);09477;Kulmbach;WHGRM2;Räume;RAUM07UM;7 und mehr Räume;4,54;€/m²;WHG012;Durchschnittliche Nettokaltmiete;e
4000W;Wohnungen (Gebietsstand 15.05.2022);STAG;Stichtag;2022-05-15;GEOLK4;Landkreise u. krsfr. Städte (Stand 15.05.22);09361;Amberg;WHGRM2;Räume;RAUM06;6 Räume;6,34;€/m²;WHG012;Durchschnittliche Nettokaltmiete;e
4000W;Wohnungen (Gebietsstand 15.05.2022);STAG;Stichtag;2022-05-15;GEOLK4;Landkreise u. krsfr. Städte (Stand 15.05.22);05770;Minden-Lübbecke;WHGRM2;Räume;RAUM06;6 Räume;4,93;€/m²;WHG012;Durchschnittliche Nettokaltmiete;e
4000W;Wohnungen (Gebietsstand 15.05.2022);STAG;Stichtag;2022-05-15;GEOLK4;Landkreise u. krsfr. Städte (Stand 15.05.22);07334;Germersheim;WHGRM2;Räume;RAUM07UM;7 und mehr Räume;6,08;€/m²;WHG012;Durchschnittliche Nettokaltmiete;e
4000W;Wohnungen (Gebietsstand 15.05.2022);STAG;Stichtag;2022-05-15;GEOLK4;Landkreise u. krsfr. Städte (Stand 15.05.22);09572;Erlangen-Höchstadt;WHGRM2;Räume;RAUM07UM;7 und mehr Räume;7,11;€/m²;WHG012;Durchschnittliche Nettokaltmiete;e
4000W;Wohnungen (Gebietsstand 15.05.2022);STAG;Stichtag;2022-05-15;GEOLK4;Landkreise u. krsfr. Städte (Stand 15.05.22);03401;Delmenhorst, Stadt;WHGRM2;Räume;RAUM03;3 Räume;6,45;€/m²;WHG012;Durchschnittliche Nettokaltmiete;e
4000W;Wohnungen (Gebietsstand 15.05.2022);STAG;Stichtag;2022-05-15;GEOLK4;Landkreise u. krsfr. Städte (Stand 15.05.22);07141;Rhein-Lahn-Kreis;WHGRM2;Räume;RAUM06;6 Räume;4,81;€/m²;WHG012;Durchschnittliche Nettokaltmiete;e
4000W;Wohnungen (Gebietsstand 15.05.2022);STAG;Stichtag;2022-05-15;GEOLK4;Landkreise u. krsfr. Städte (Stand 15.05.22);07140;Rhein-Hunsrück-Kreis;WHGRM2;Räume;RAUM02;2 Räume;6,31;€/m²;WHG012;Durchschnittliche Nettokaltmiete;e
4000W;Wohnungen (Gebietsstand 15.05.2022);STAG;Stichtag;2022-05-15;GEOLK4;Landkreise u. krsfr. Städte (Stand 15.05.22);09162;München, Landeshauptstadt;WHGRM2;Räume;RAUM03;3 Räume;12,20;€/m²;WHG012;Durchschnittliche Nettokaltmiete;e
4000W;Wohnungen (Gebietsstand 15.05.2022);STAG;Stichtag;2022-05-15;GEOLK4;Landkreise u. krsfr. Städte (Stand 15.05.22);12069;Potsdam-Mittelmark;WHGRM2;Räume;RAUM03;3 Räume;6,86;€/m²;WHG012;Durchschnittliche Nettokaltmiete;e
4000W;Wohnungen (Gebietsstand 15.05.2022);STAG;Stichtag;2022-05-15;GEOLK4;Landkreise u. krsfr. Städte (Stand 15.05.22);05915;Hamm, Stadt;WHGRM2;Räume;;Insgesamt;5,75;€/m²;WHG012;Durchschnittliche Nettokaltmiete;e
4000W;Wohnungen (Gebietsstand 15.05.2022);STAG;Stichtag;2022-05-15;GEOLK4;Landkreise u. krsfr. Städte (Stand 15.05.22);09671;Aschaffenburg, Landkreis;WHGRM2;Räume;RAUM03;3 Räume;6,95;€/m²;WHG012;Durchschnittliche Nettokaltmiete;e
4000W;Wohnungen (Gebietsstand 15.05.2022);STAG;Stichtag;2022-05-15;GEOLK4;Landkreise u. krsfr. Städte (Stand 15.05.22);07313;Landau in der Pfalz, kreisfreie Stadt;WHGRM2;Räume;RAUM04;4 Räume;7,14;€/m²;WHG012;Durchschnittliche Nettokaltmiete;e
4000W;Wohnungen (Gebietsstand 15.05.2022);STAG;Stichtag;2022-05-15;GEOLK4;Landkreise u. krsfr. Städte (Stand 15.05.22);09274;Landshut, Landkreis;WHGRM2;Räume;RAUM05;5 Räume;6,40;€/m²;WHG012;Durchschnittliche Nettokaltmiete;e
4000W;Wohnungen (Gebietsstand 15.05.2022);STAG;Stichtag;2022-05-15;GEOLK4;Landkreise u. krsfr. Städte (Stand 15.05.22);05366;Euskirchen;WHGRM2;Räume;RAUM02;2 Räume;6,83;€/m²;WHG012;Durchschnittliche Nettokaltmiete;e
4000W;Wohnungen (Gebietsstand 15.05.2022);STAG;Stichtag;2022-05-15;GEOLK4;Landkreise u. krsfr. Städte (Stand 15.05.22);03101;Braunschweig, Stadt;WHGRM2;Räume;RAUM06;6 Räume;6,86;€/m²;WHG012;Durchschnittliche Nettokaltmiete;e
4000W;Wohnungen (Gebietsstand 15.05.2022);STAG;Stichtag;2022-05-15;GEOLK4;Landkreise u. krsfr. Städte (Stand 15.05.22);09463;Coburg, Kreisfreie Stadt;WHGRM2;Räume;RAUM04;4 Räume;5,91;€/m²;WHG012;Durchschnittliche Nettokaltmiete;e
4000W;Wohnungen (Gebietsstand 15.05.2022);STAG;Stichtag;2022-05-15;GEOLK4;Landkreise u. krsfr. Städte (Stand 15.05.22);09172;Berchtesgadener Land;WHGRM2;Räume;RAUM03;3 Räume;7,32;€/m²;WHG012;Durchschnittliche Nettokaltmiete;e
4000W;Wohnungen (Gebietsstand 15.05.2022);STAG;Stichtag;2022-05-15;GEOLK4;Landkreise u. krsfr. Städte (Stand 15.05.22);14522;Mittelsachsen;WHGRM2;Räume;RAUM02;2 Räume;5,36;€/m²;WHG012;Durchschnittliche Nettokaltmiete;e
4000W;Wohnungen (Gebietsstand 15.05.2022);STAG;Stichtag;2022-05-15;GEOLK4;Landkreise u. krsfr. Städte (Stand 15.05.22);09278;Straubing-Bogen;WHGRM2;Räume;RAUM03;3 Räume;6,18;€/m²;WHG012;Durchschnittliche Nettokaltmiete;e
4000W;Wohnungen (Gebietsstand 15.05.2022);STAG;Stichtag;2022-05-15;GEOLK4;Landkreise u. krsfr. Städte (Stand 15.05.22);09371;Amberg-Sulzbach;WHGRM2;Räume;RAUM06;6 Räume;5,19;€/m²;WHG012;Durchschnittliche Nettokaltmiete;e
4000W;Wohnungen (Gebietsstand 15.05.2022);STAG;Stichtag;2022-05-15;GEOLK4;Landkreise u. krsfr. Städte (Stand 15.05.22);03460;Vechta;WHGRM2;Räume;RAUM07UM;7 und mehr Räume;5,18;€/m²;WHG012;Durchschnittliche Nettokaltmiete;e
4000W;Wohnungen (Gebietsstand 15.05.2022);STAG;Stichtag;2022-05-15;GEOLK4;Landkreise u. krsfr. Städte (Stand 15.05.22);16068;Sömmerda;WHGRM2;Räume;RAUM05;5 Räume;5,15;€/m²;WHG012;Durchschnittliche Nettokaltmiete;e
4000W;Wohnungen (Gebietsstand 15.05.2022);STAG;Stichtag;2022-05-15;GEOLK4;Landkreise u. krsfr. Städte (Stand 15.05.22);03354;Lüchow-Dannenberg;WHGRM2;Räume;RAUM05;5 Räume;4,41;€/m²;WHG012;Durchschnittliche Nettokaltmiete;e
4000W;Wohnungen (Gebietsstand 15.05.2022);STAG;Stichtag;2022-05-15;GEOLK4;Landkreise u. krsfr. Städte (Stand 15.05.22);07135;Cochem-Zell;WHGRM2;Räume;RAUM07UM;7 und mehr Räume;4,40;€/m²;WHG012;Durchschnittliche Nettokaltmiete;e
4000W;Wohnungen (Gebietsstand 15.05.2022);STAG;Stichtag;2022-05-15;GEOLK4;Landkreise u. krsfr. Städte (Stand 15.05.22);09576;Roth;WHGRM2;Räume;;Insgesamt;6,55;€/m²;WHG012;Durchschnittliche Nettokaltmiete;e
4000W;Wohnungen (Gebietsstand 15.05.2022);STAG;Stichtag;2022-05-15;GEOLK4;Landkreise u. krsfr. Städte (Stand 15.05.22);09771;Aichach-Friedberg;WHGRM2;Räume;;Insgesamt;7,58;€/m²;WHG012;Durchschnittliche Nettokaltmiete;e
4000W;Wohnungen (Gebietsstand 15.05.2022);STAG;Stichtag;2022-05-15;GEOLK4;Landkreise u. krsfr. Städte (Stand 15.05.22);14729;Leipzig;WHGRM2;Räume;RAUM05;5 Räume;5,30;€/m²;WHG012;Durchschnittliche Nettokaltmiete;e
4000W;Wohnungen (Gebietsstand 15.05.2022);STAG;Stichtag;2022-05-15;GEOLK4;Landkreise u. krsfr. Städte (Stand 15.05.22);09675;Kitzingen;WHGRM2;Räume;RAUM01;1 Raum;7,79;€/m²;WHG012;Durchschnittliche Nettokaltmiete;e
4000W;Wohnungen (Gebietsstand 15.05.2022);STAG;Stichtag;2022-05-15;GEOLK4;Landkreise u. krsfr. Städte (Stand 15.05.22);07339;Mainz-Bingen;WHGRM2;Räume;RAUM04;4 Räume;7,27;€/m²;WHG012;Durchschnittliche Nettokaltmiete;e
4000W;Wohnungen (Gebietsstand 15.05.2022);STAG;Stichtag;2022-05-15;GEOLK4;Landkreise u. krsfr. Städte (Stand 15.05.22);16053;Jena, Stadt;WHGRM2;Räume;;Insgesamt;7,04;€/m²;WHG012;Durchschnittliche Nettokaltmiete;e
4000W;Wohnungen (Gebietsstand 15.05.2022);STAG;Stichtag;2022-05-15;GEOLK4;Landkreise u. krsfr. Städte (Stand 15.05.22);16075;Saale-Orla-Kreis;WHGRM2;Räume;RAUM07UM;7 und mehr Räume;4,60;€/m²;WHG012;Durchschnittliche Nettokaltmiete;e
4000W;Wohnungen (Gebietsstand 15.05.2022);STAG;Stichtag;2022-05-15;GEOLK4;Landkreise u. krsfr. Städte (Stand 15.05.22);05358;Düren;WHGRM2;Räume;;Insgesamt;6,10;€/m²;WHG012;Durchschnittliche Nettokaltmiete;e
4000W;Wohnungen (Gebietsstand 15.05.2022);STAG;Stichtag;2022-05-15;GEOLK4;Landkreise u. krsfr. Städte (Stand 15.05.22);14730;Nordsachsen;WHGRM2;Räume;;Insgesamt;5,30;€/m²;WHG012;Durchschnittliche Nettokaltmiete;e
4000W;Wohnungen (Gebietsstand 15.05.2022);STAG;Stichtag;2022-05-15;GEOLK4;Landkreise u. krsfr. Städte (Stand 15.05.22);06433;Groß-Gerau;WHGRM2;Räume;RAUM01;1 Raum;11,67;€/m²;WHG012;Durchschnittliche Nettokaltmiete;e
4000W;Wohnungen (Gebietsstand 15.05.2022);STAG;Stichtag;2022-05-15;GEOLK4;Landkreise u. krsfr. Städte (Stand 15.05.22);08437;Sigmaringen;WHGRM2;Räume;RAUM07UM;7 und mehr Räume;5,03;€/m²;WHG012;Durchschnittliche Nettokaltmiete;e
4000W;Wohnungen (Gebietsstand 15.05.2022);STAG;Stichtag;2022-05-15;GEOLK4;Landkreise u. krsfr. Städte (Stand 15.05.22);03157;Peine;WHGRM2;Räume;RAUM01;1 Raum;7,48;€/m²;WHG012;Durchschnittliche Nettokaltmiete;e
4000W;Wohnungen (Gebietsstand 15.05.2022);STAG;Stichtag;2022-05-15;GEOLK4;Landkreise u. krsfr. Städte (Stand 15.05.22);09679;Würzburg, Landkreis;WHGRM2;Räume;RAUM03;3 Räume;6,99;€/m²;WHG012;Durchschnittliche Nettokaltmiete;e
4000W;Wohnungen (Gebietsstand 15.05.2022);STAG;Stichtag;2022-05-15;GEOLK4;Landkreise u. krsfr. Städte (Stand 15.05.22);03151;Gifhorn;WHGRM2;Räume;;Insgesamt;6,41;€/m²;WHG012;Durchschnittliche Nettokaltmiete;e
4000W;Wohnungen (Gebietsstand 15.05.2022);STAG;Stichtag;2022-05-15;GEOLK4;Landkreise u. krsfr. Städte (Stand 15.05.22);05554;Borken;WHGRM2;Räume;RAUM06;6 Räume;5,61;€/m²;WHG012;Durchschnittliche Nettokaltmiete;e
4000W;Wohnungen (Gebietsstand 15.05.2022);STAG;Stichtag;2022-05-15;GEOLK4;Landkreise u. krsfr. Städte (Stand 15.05.22);06435;Main-Kinzig-Kreis;WHGRM2;Räume;RAUM04;4 Räume;6,92;€/m²;WHG012;Durchschnittliche Nettokaltmiete;e
4000W;Wohnungen (Gebietsstand 15.05.2022);STAG;Stichtag;2022-05-15;GEOLK4;Landkreise u. krsfr. Städte (Stand 15.05.22);09772;Augsburg, Landkreis;WHGRM2;Räume;RAUM06;6 Räume;6,91;€/m²;WHG012;Durchschnittliche Nettokaltmiete;e
4000W;Wohnungen (Gebietsstand 15.05.2022);STAG;Stichtag;2022-05-15;GEOLK4;Landkreise u. krsfr. Städte (Stand 15.05.22);12064;Märkisch-Oderland;WHGRM2;Räume;RAUM06;6 Räume;5,83;€/m²;WHG012;Durchschnittliche Nettokaltmiete;e
4000W;Wohnungen (Gebietsstand 15.05.2022);STAG;Stichtag;2022-05-15;GEOLK4;Landkreise u. krsfr. Städte (Stand 15.05.22);09461;Bamberg, Kreisfreie Stadt;WHGRM2;Räume;RAUM01;1 Raum;10,86;€/m²;WHG012;Durchschnittliche Nettokaltmiete;e
4000W;Wohnungen (Gebietsstand 15.05.2022);STAG;Stichtag;2022-05-15;GEOLK4;Landkreise u. krsfr. Städte (Stand 15.05.22);15089;Salzlandkreis;WHGRM2;Räume;;Insgesamt;4,98;€/m²;WHG012;Durchschnittliche Nettokaltmiete;e
4000W;Wohnungen (Gebietsstand 15.05.2022);STAG;Stichtag;2022-05-15;GEOLK4;Landkreise u. krsfr. Städte (Stand 15.05.22);03405;Wilhelmshaven, Stadt;WHGRM2;Räume;RAUM01;1 Raum;7,16;€/m²;WHG012;Durchschnittliche Nettokaltmiete;e
4000W;Wohnungen (Gebietsstand 15.05.2022);STAG;Stichtag;2022-05-15;GEOLK4;Landkreise u. krsfr. Städte (Stand 15.05.22);08417;Zollernalbkreis;WHGRM2;Räume;;Insgesamt;6,63;€/m²;WHG012;Durchschnittliche Nettokaltmiete;e
4000W;Wohnungen (Gebietsstand 15.05.2022);STAG;Stichtag;2022-05-15;GEOLK4;Landkreise u. krsfr. Städte (Stand 15.05.22);15082;Anhalt-Bitterfeld;WHGRM2;Räume;RAUM02;2 Räume;5,53;€/m²;WHG012;Durchschnittliche Nettokaltmiete;e
4000W;Wohnungen (Gebietsstand 15.05.2022);STAG;Stichtag;2022-05-15;GEOLK4;Landkreise u. krsfr. Städte (Stand 15.05.22);07140;Rhein-Hunsrück-Kreis;WHGRM2;Räume;;Insgesamt;5,34;€/m²;WHG012;Durchschnittliche Nettokaltmiete;e
4000W;Wohnungen (Gebietsstand 15.05.2022);STAG;Stichtag;2022-05-15;GEOLK4;Landkreise u. krsfr. Städte (Stand 15.05.22);08336;Lörrach;WHGRM2;Räume;RAUM03;3 Räume;8,22;€/m²;WHG012;Durchschnittliche Nettokaltmiete;e
4000W;Wohnungen (Gebietsstand 15.05.2022);STAG;Stichtag;2022-05-15;GEOLK4;Landkreise u. krsfr. Städte (Stand 15.05.22);08417;Zollernalbkreis;WHGRM2;Räume;RAUM02;2 Räume;7,59;€/m²;WHG012;Durchschnittliche Nettokaltmiete;e
4000W;Wohnungen (Gebietsstand 15.05.2022);STAG;Stichtag;2022-05-15;GEOLK4;Landkreise u. krsfr. Städte (Stand 15.05.22);09376;Schwandorf;WHGRM2;Räume;RAUM03;3 Räume;6,15;€/m²;WHG012;Durchschnittliche Nettokaltmiete;e
4000W;Wohnungen (Gebietsstand 15.05.2022);STAG;Stichtag;2022-05-15;GEOLK4;Landkreise u. krsfr. Städte (Stand 15.05.22);03256;Nienburg (Weser);WHGRM2;Räume;RAUM05;5 Räume;5,01;€/m²;WHG012;Durchschnittliche Nettokaltmiete;e
4000W;Wohnungen (Gebietsstand 15.05.2022);STAG;Stichtag;2022-05-15;GEOLK4;Landkreise u. krsfr. Städte (Stand 15.05.22);06433;Groß-Gerau;WHGRM2;Räume;;Insgesamt;8,29;€/m²;WHG012;Durchschnittliche Nettokaltmiete;e
4000W;Wohnungen (Gebietsstand 15.05.2022);STAG;Stichtag;2022-05-15;GEOLK4;Landkreise u. krsfr. Städte (Stand 15.05.22);09471;Bamberg, Landkreis;WHGRM2;Räume;RAUM05;5 Räume;5,55;€/m²;WHG012;Durchschnittliche Nettokaltmiete;e
4000W;Wohnungen (Gebietsstand 15.05.2022);STAG;Stichtag;2022-05-15;GEOLK4;Landkreise u. krsfr. Städte (Stand 15.05.22);09762;Kaufbeuren;WHGRM2;Räume;RAUM02;2 Räume;7,15;€/m²;WHG012;Durchschnittliche Nettokaltmiete;e
4000W;Wohnungen (Gebietsstand 15.05.2022);STAG;Stichtag;2022-05-15;GEOLK4;Landkreise u. krsfr. Städte (Stand 15.05.22);09764;Memmingen;WHGRM2;Räume;RAUM05;5 Räume;6,01;€/m²;WHG012;Durchschnittliche Nettokaltmiete;e
4000W;Wohnungen (Gebietsstand 15.05.2022);STAG;Stichtag;2022-05-15;GEOLK4;Landkreise u. krsfr. Städte (Stand 15.05.22);08128;Main-Tauber-Kreis;WHGRM2;Räume;RAUM04;4 Räume;5,63;€/m²;WHG012;Durchschnittliche Nettokaltmiete;e
4000W;Wohnungen (Gebietsstand 15.05.2022);STAG;Stichtag;2022-05-15;GEOLK4;Landkreise u. krsfr. Städte (Stand 15.05.22);12060;Barnim;WHGRM2;Räume;RAUM07UM;7 und mehr Räume;6,04;€/m²;WHG012;Durchschnittliche Nettokaltmiete;e
4000W;Wohnungen (Gebietsstand 15.05.2022);STAG;Stichtag;2022-05-15;GEOLK4;Landkreise u. krsfr. Städte (Stand 15.05.22);08236;Enzkreis;WHGRM2;Räume;;Insgesamt;7,02;€/m²;WHG012;Durchschnittliche Nettokaltmiete;e
4000W;Wohnungen (Gebietsstand 15.05.2022);STAG;Stichtag;2022-05-15;GEOLK4;Landkreise u. krsfr. Städte (Stand 15.05.22);07135;Cochem-Zell;WHGRM2;Räume;RAUM04;4 Räume;4,87;€/m²;WHG012;Durchschnittliche Nettokaltmiete;e
4000W;Wohnungen (Gebietsstand 15.05.2022);STAG;Stichtag;2022-05-15;GEOLK4;Landkreise u. krsfr. Städte (Stand 15.05.22);05113;Essen, Stadt;WHGRM2;Räume;RAUM03;3 Räume;6,60;€/m²;WHG012;Durchschnittliche Nettokaltmiete;e
4000W;Wohnungen (Gebietsstand 15.05.2022);STAG;Stichtag;2022-05-15;GEOLK4;Landkreise u. krsfr. Städte (Stand 15.05.22);07311;Frankenthal (Pfalz), kreisfreie Stadt;WHGRM2;Räume;RAUM05;5 Räume;6,74;€/m²;WHG012;Durchschnittliche Nettokaltmiete;e
4000W;Wohnungen (Gebietsstand 15.05.2022);STAG;Stichtag;2022-05-15;GEOLK4;Landkreise u. krsfr. Städte (Stand 15.05.22);09272;Freyung-Grafenau;WHGRM2;Räume;RAUM02;2 Räume;5,69;€/m²;WHG012;Durchschnittliche Nettokaltmiete;e
4000W;Wohnungen (Gebietsstand 15.05.2022);STAG;Stichtag;2022-05-15;GEOLK4;Landkreise u. krsfr. Städte (Stand 15.05.22);05970;Siegen-Wittgenstein;WHGRM2;Räume;RAUM04;4 Räume;5,92;€/m²;WHG012;Durchschnittliche Nettokaltmiete;e
4000W;Wohnungen (Gebietsstand 15.05.2022);STAG;Stichtag;2022-05-15;GEOLK4;Landkreise u. krsfr. Städte (Stand 15.05.22);09187;Rosenheim, Landkreis;WHGRM2;Räume;RAUM04;4 Räume;7,93;€/m²;WHG012;Durchschnittliche Nettokaltmiete;e
4000W;Wohnungen (Gebietsstand 15.05.2022);STAG;Stichtag;2022-05-15;GEOLK4;Landkreise u. krsfr. Städte (Stand 15.05.22);03458;Oldenburg;WHGRM2;Räume;RAUM02;2 Räume;7,46;€/m²;WHG012;Durchschnittliche Nettokaltmiete;e
4000W;Wohnungen (Gebietsstand 15.05.2022);STAG;Stichtag;2022-05-15;GEOLK4;Landkreise u. krsfr. Städte (Stand 15.05.22);14511;Chemnitz, Stadt;WHGRM2;Räume;RAUM03;3 Räume;5,21;€/m²;WHG012;Durchschnittliche Nettokaltmiete;e
4000W;Wohnungen (Gebietsstand 15.05.2022);STAG;Stichtag;2022-05-15;GEOLK4;Landkreise u. krsfr. Städte (Stand 15.05.22);03352;Cuxhaven;WHGRM2;Räume;RAUM02;2 Räume;6,94;€/m²;WHG012;Durchschnittliche Nettokaltmiete;e
4000W;Wohnungen (Gebietsstand 15.05.2022);STAG;Stichtag;2022-05-15;GEOLK4;Landkreise u. krsfr. Städte (Stand 15.05.22);12064;Märkisch-Oderland;WHGRM2;Räume;;Insgesamt;6,15;€/m²;WHG012;Durchschnittliche Nettokaltmiete;e
4000W;Wohnungen (Gebietsstand 15.05.2022);STAG;Stichtag;2022-05-15;GEOLK4;Landkreise u. krsfr. Städte (Stand 15.05.22);05911;Bochum, Stadt;WHGRM2;Räume;RAUM01;1 Raum;8,17;€/m²;WHG012;Durchschnittliche Nettokaltmiete;e
4000W;Wohnungen (Gebietsstand 15.05.2022);STAG;Stichtag;2022-05-15;GEOLK4;Landkreise u. krsfr. Städte (Stand 15.05.22);07337;Südliche Weinstraße;WHGRM2;Räume;RAUM01;1 Raum;8,70;€/m²;WHG012;Durchschnittliche Nettokaltmiete;e
4000W;Wohnungen (Gebietsstand 15.05.2022);STAG;Stichtag;2022-05-15;GEOLK4;Landkreise u. krsfr. Städte (Stand 15.05.22);05374;Oberbergischer Kreis;WHGRM2;Räume;RAUM03;3 Räume;5,94;€/m²;WHG012;Durchschnittliche Nettokaltmiete;e
4000W;Wohnungen (Gebietsstand 15.05.2022);STAG;Stichtag;2022-05-15;GEOLK4;Landkreise u. krsfr. Städte (Stand 15.05.22);14524;Zwickau;WHGRM2;Räume;RAUM01;1 Raum;5,43;€/m²;WHG012;Durchschnittliche Nettokaltmiete;e
4000W;Wohnungen (Gebietsstand 15.05.2022);STAG;Stichtag;2022-05-15;GEOLK4;Landkreise u. krsfr. Städte (Stand 15.05.22);06414;Wiesbaden, Landeshauptstadt;WHGRM2;Räume;RAUM01;1 Raum;12,06;€/m²;WHG012;Durchschnittliche Nettokaltmiete;e
4000W;Wohnungen (Gebietsstand 15.05.2022);STAG;Stichtag;2022-05-15;GEOLK4;Landkreise u. krsfr. Städte (Stand 15.05.22);12071;Spree-Neiße;WHGRM2;Räume;RAUM03;3 Räume;5,28;€/m²;WHG012;Durchschnittliche Nettokaltmiete;e
4000W;Wohnungen (Gebietsstand 15.05.2022);STAG;Stichtag;2022-05-15;GEOLK4;Landkreise u. krsfr. Städte (Stand 15.05.22);09277;Rottal-Inn;WHGRM2;Räume;;Insgesamt;5,76;€/m²;WHG012;Durchschnittliche Nettokaltmiete;e
4000W;Wohnungen (Gebietsstand 15.05.2022);STAG;Stichtag;2022-05-15;GEOLK4;Landkreise u. krsfr. Städte (Stand 15.05.22);05762;Höxter;WHGRM2;Räume;RAUM05;5 Räume;4,39;€/m²;WHG012;Durchschnittliche Nettokaltmiete;e
4000W;Wohnungen (Gebietsstand 15.05.2022);STAG;Stichtag;2022-05-15;GEOLK4;Landkreise u. krsfr. Städte (Stand 15.05.22);08436;Ravensburg;WHGRM2;Räume;RAUM02;2 Räume;8,60;€/m²;WHG012;Durchschnittliche Nettokaltmiete;e
4000W;Wohnungen (Gebietsstand 15.05.2022);STAG;Stichtag;2022-05-15;GEOLK4;Landkreise u. krsfr. Städte (Stand 15.05.22);08215;Karlsruhe, Landkreis;WHGRM2;Räume;RAUM05;5 Räume;6,78;€/m²;WHG012;Durchschnittliche Nettokaltmiete;e
4000W;Wohnungen (Gebietsstand 15.05.2022);STAG;Stichtag;2022-05-15;GEOLK4;Landkreise u. krsfr. Städte (Stand 15.05.22);09472;Bayreuth, Landkreis;WHGRM2;Räume;;Insgesamt;5,37;€/m²;WHG012;Durchschnittliche Nettokaltmiete;e
4000W;Wohnungen (Gebietsstand 15.05.2022);STAG;Stichtag;2022-05-15;GEOLK4;Landkreise u. krsfr. Städte (Stand 15.05.22);07231;Bernkastel-Wittlich;WHGRM2;Räume;RAUM01;1 Raum;7,42;€/m²;WHG012;Durchschnittliche Nettokaltmiete;e
4000W;Wohnungen (Gebietsstand 15.05.2022);STAG;Stichtag;2022-05-15;GEOLK4;Landkreise u. krsfr. Städte (Stand 15.05.22);15086;Jerichower Land;WHGRM2;Räume;RAUM04;4 Räume;4,92;€/m²;WHG012;Durchschnittliche Nettokaltmiete;e
4000W;Wohnungen (Gebietsstand 15.05.2022);STAG;Stichtag;2022-05-15;GEOLK4;Landkreise u. krsfr. Städte (Stand 15.05.22);05166;Viersen;WHGRM2;Räume;RAUM04;4 Räume;6,28;€/m²;WHG012;Durchschnittliche Nettokaltmiete;e
4000W;Wohnungen (Gebietsstand 15.05.2022);STAG;Stichtag;2022-05-15;GEOLK4;Landkreise u. krsfr. Städte (Stand 15.05.22);05754;Gütersloh;WHGRM2;Räume;RAUM07UM;7 und mehr Räume;5,70;€/m²;WHG012;Durchschnittliche Nettokaltmiete;e
4000W;Wohnungen (Gebietsstand 15.05.2022);STAG;Stichtag;2022-05-15;GEOLK4;Landkreise u. krsfr. Städte (Stand 15.05.22);15085;Harz;WHGRM2;Räume;RAUM03;3 Räume;5,32;€/m²;WHG012;Durchschnittliche Nettokaltmiete;e
4000W;Wohnungen (Gebietsstand 15.05.2022);STAG;Stichtag;2022-05-15;GEOLK4;Landkreise u. krsfr. Städte (Stand 15.05.22);06433;Groß-Gerau;WHGRM2;Räume;RAUM03;3 Räume;8,08;€/m²;WHG012;Durchschnittliche Nettokaltmiete;e
4000W;Wohnungen (Gebietsstand 15.05.2022);STAG;Stichtag;2022-05-15;GEOLK4;Landkreise u. krsfr. Städte (Stand 15.05.22);09174;Dachau;WHGRM2;Räume;RAUM06;6 Räume;9,23;€/m²;WHG012;Durchschnittliche Nettokaltmiete;e
4000W;Wohnungen (Gebietsstand 15.05.2022);STAG;Stichtag;2022-05-15;GEOLK4;Landkreise u. krsfr. Städte (Stand 15.05.22);05770;Minden-Lübbecke;WHGRM2;Räume;RAUM03;3 Räume;5,95;€/m²;WHG012;Durchschnittliche Nettokaltmiete;e
4000W;Wohnungen (Gebietsstand 15.05.2022);STAG;Stichtag;2022-05-15;GEOLK4;Landkreise u. krsfr. Städte (Stand 15.05.22);07135;Cochem-Zell;WHGRM2;Räume;RAUM01;1 Raum;8,04;€/m²;WHG012;Durchschnittliche Nettokaltmiete;e
4000W;Wohnungen (Gebietsstand 15.05.2022);STAG;Stichtag;2022-05-15;GEOLK4;Landkreise u. krsfr. Städte (Stand 15.05.22);03252;Hameln-Pyrmont;WHGRM2;Räume;RAUM05;5 Räume;4,82;€/m²;WHG012;Durchschnittliche Nettokaltmiete;e
4000W;Wohnungen (Gebietsstand 15.05.2022);STAG;Stichtag;2022-05-15;GEOLK4;Landkreise u. krsfr. Städte (Stand 15.05.22);09472;Bayreuth, Landkreis;WHGRM2;Räume;RAUM03;3 Räume;5,48;€/m²;WHG012;Durchschnittliche Nettokaltmiete;e
4000W;Wohnungen (Gebietsstand 15.05.2022);STAG;Stichtag;2022-05-15;GEOLK4;Landkreise u. krsfr. Städte (Stand 15.05.22);06631;Fulda;WHGRM2;Räume;RAUM04;4 Räume;5,71;€/m²;WHG012;Durchschnittliche Nettokaltmiete;e
4000W;Wohnungen (Gebietsstand 15.05.2022);STAG;Stichtag;2022-05-15;GEOLK4;Landkreise u. krsfr. Städte (Stand 15.05.22);07333;Donnersbergkreis;WHGRM2;Räume;RAUM02;2 Räume;6,31;€/m²;WHG012;Durchschnittliche Nettokaltmiete;e
4000W;Wohnungen (Gebietsstand 15.05.2022);STAG;Stichtag;2022-05-15;GEOLK4;Landkreise u. krsfr. Städte (Stand 15.05.22);08426;Biberach;WHGRM2;Räume;RAUM04;4 Räume;6,68;€/m²;WHG012;Durchschnittliche Nettokaltmiete;e
4000W;Wohnungen (Gebietsstand 15.05.2022);STAG;Stichtag;2022-05-15;GEOLK4;Landkreise u. krsfr. Städte (Stand 15.05.22);09274;Landshut, Landkreis;WHGRM2;Räume;RAUM02;2 Räume;7,77;€/m²;WHG012;Durchschnittliche Nettokaltmiete;e
4000W;Wohnungen (Gebietsstand 15.05.2022);STAG;Stichtag;2022-05-15;GEOLK4;Landkreise u. krsfr. Städte (Stand 15.05.22);15089;Salzlandkreis;WHGRM2;Räume;RAUM02;2 Räume;5,37;€/m²;WHG012;Durchschnittliche Nettokaltmiete;e
4000W;Wohnungen (Gebietsstand 15.05.2022);STAG;Stichtag;2022-05-15;GEOLK4;Landkreise u. krsfr. Städte (Stand 15.05.22);03461;Wesermarsch;WHGRM2;Räume;;Insgesamt;5,28;€/m²;WHG012;Durchschnittliche Nettokaltmiete;e
4000W;Wohnungen (Gebietsstand 15.05.2022);STAG;Stichtag;2022-05-15;GEOLK4;Landkreise u. krsfr. Städte (Stand 15.05.22);09183;Mühldorf a.Inn;WHGRM2;Räume;RAUM03;3 Räume;6,75;€/m²;WHG012;Durchschnittliche Nettokaltmiete;e
4000W;Wohnungen (Gebietsstand 15.05.2022);STAG;Stichtag;2022-05-15;GEOLK4;Landkreise u. krsfr. Städte (Stand 15.05.22);07131;Ahrweiler;WHGRM2;Räume;RAUM02;2 Räume;7,09;€/m²;WHG012;Durchschnittliche Nettokaltmiete;e
4000W;Wohnungen (Gebietsstand 15.05.2022);STAG;Stichtag;2022-05-15;GEOLK4;Landkreise u. krsfr. Städte (Stand 15.05.22);14612;Dresden, Stadt;WHGRM2;Räume;RAUM03;3 Räume;6,80;€/m²;WHG012;Durchschnittliche Nettokaltmiete;e
4000W;Wohnungen (Gebietsstand 15.05.2022);STAG;Stichtag;2022-05-15;GEOLK4;Landkreise u. krsfr. Städte (Stand 15.05.22);01061;Steinburg;WHGRM2;Räume;RAUM03;3 Räume;6,21;€/m²;WHG012;Durchschnittliche Nettokaltmiete;e
4000W;Wohnungen (Gebietsstand 15.05.2022);STAG;Stichtag;2022-05-15;GEOLK4;Landkreise u. krsfr. Städte (Stand 15.05.22);07320;Zweibrücken, kreisfreie Stadt;WHGRM2;Räume;;Insgesamt;5,18;€/m²;WHG012;Durchschnittliche Nettokaltmiete;e
4000W;Wohnungen (Gebietsstand 15.05.2022);STAG;Stichtag;2022-05-15;GEOLK4;Landkreise u. krsfr. Städte (Stand 15.05.22);08335;Konstanz;WHGRM2;Räume;RAUM05;5 Räume;7,69;€/m²;WHG012;Durchschnittliche Nettokaltmiete;e
4000W;Wohnungen (Gebietsstand 15.05.2022);STAG;Stichtag;2022-05-15;GEOLK4;Landkreise u. krsfr. Städte (Stand 15.05.22);09361;Amberg;WHGRM2;Räume;RAUM02;2 Räume;6,60;€/m²;WHG012;Durchschnittliche Nettokaltmiete;e
4000W;Wohnungen (Gebietsstand 15.05.2022);STAG;Stichtag;2022-05-15;GEOLK4;Landkreise u. krsfr. Städte (Stand 15.05.22);09176;Eichstätt;WHGRM2;Räume;RAUM07UM;7 und mehr Räume;6,48;€/m²;WHG012;Durchschnittliche Nettokaltmiete;e
4000W;Wohnungen (Gebietsstand 15.05.2022);STAG;Stichtag;2022-05-15;GEOLK4;Landkreise u. krsfr. Städte (Stand 15.05.22);05113;Essen, Stadt;WHGRM2;Räume;RAUM01;1 Raum;8,65;€/m²;WHG012;Durchschnittliche Nettokaltmiete;e
4000W;Wohnungen (Gebietsstand 15.05.2022);STAG;Stichtag;2022-05-15;GEOLK4;Landkreise u. krsfr. Städte (Stand 15.05.22);03102;Salzgitter, Stadt;WHGRM2;Räume;RAUM06;6 Räume;5,15;€/m²;WHG012;Durchschnittliche Nettokaltmiete;e
4000W;Wohnungen (Gebietsstand 15.05.2022);STAG;Stichtag;2022-05-15;GEOLK4;Landkreise u. krsfr. Städte (Stand 15.05.22);05711;Bielefeld, Stadt;WHGRM2;Räume;RAUM03;3 Räume;7,09;€/m²;WHG012;Durchschnittliche Nettokaltmiete;e
4000W;Wohnungen (Gebietsstand 15.05.2022);STAG;Stichtag;2022-05-15;GEOLK4;Landkreise u. krsfr. Städte (Stand 15.05.22);09462;Bayreuth, Kreisfreie Stadt;WHGRM2;Räume;RAUM04;4 Räume;6,33;€/m²;WHG012;Durchschnittliche Nettokaltmiete;e
4000W;Wohnungen (Gebietsstand 15.05.2022);STAG;Stichtag;2022-05-15;GEOLK4;Landkreise u. krsfr. Städte (Stand 15.05.22);01062;Stormarn;WHGRM2;Räume;RAUM05;5 Räume;8,08;€/m²;WHG012;Durchschnittliche Nettokaltmiete;e
4000W;Wohnungen (Gebietsstand 15.05.2022);STAG;Stichtag;2022-05-15;GEOLK4;Landkreise u. krsfr. Städte (Stand 15.05.22);09184;München, Landkreis;WHGRM2;Räume;RAUM05;5 Räume;11,22;€/m²;WHG012;Durchschnittliche Nettokaltmiete;e
4000W;Wohnungen (Gebietsstand 15.05.2022);STAG;Stichtag;2022-05-15;GEOLK4;Landkreise u. krsfr. Städte (Stand 15.05.22);16075;Saale-Orla-Kreis;WHGRM2;Räume;;Insgesamt;5,24;€/m²;WHG012;Durchschnittliche Nettokaltmiete;e
4000W;Wohnungen (Gebietsstand 15.05.2022);STAG;Stichtag;2022-05-15;GEOLK4;Landkreise u. krsfr. Städte (Stand 15.05.22);16070;Ilm-Kreis;WHGRM2;Räume;RAUM07UM;7 und mehr Räume;5,12;€/m²;WHG012;Durchschnittliche Nettokaltmiete;e
4000W;Wohnungen (Gebietsstand 15.05.2022);STAG;Stichtag;2022-05-15;GEOLK4;Landkreise u. krsfr. Städte (Stand 15.05.22);06611;Kassel, documenta-Stadt;WHGRM2;Räume;RAUM02;2 Räume;6,94;€/m²;WHG012;Durchschnittliche Nettokaltmiete;e
4000W;Wohnungen (Gebietsstand 15.05.2022);STAG;Stichtag;2022-05-15;GEOLK4;Landkreise u. krsfr. Städte (Stand 15.05.22);05366;Euskirchen;WHGRM2;Räume;RAUM06;6 Räume;5,46;€/m²;WHG012;Durchschnittliche Nettokaltmiete;e
4000W;Wohnungen (Gebietsstand 15.05.2022);STAG;Stichtag;2022-05-15;GEOLK4;Landkreise u. krsfr. Städte (Stand 15.05.22);06437;Odenwaldkreis;WHGRM2;Räume;RAUM02;2 Räume;7,19;€/m²;WHG012;Durchschnittliche Nettokaltmiete;e
4000W;Wohnungen (Gebietsstand 15.05.2022);STAG;Stichtag;2022-05-15;GEOLK4;Landkreise u. krsfr. Städte (Stand 15.05.22);09187;Rosenheim, Landkreis;WHGRM2;Räume;RAUM02;2 Räume;9,26;€/m²;WHG012;Durchschnittliche Nettokaltmiete;e
4000W;Wohnungen (Gebietsstand 15.05.2022);STAG;Stichtag;2022-05-15;GEOLK4;Landkreise u. krsfr. Städte (Stand 15.05.22);14511;Chemnitz, Stadt;WHGRM2;Räume;RAUM05;5 Räume;5,33;€/m²;WHG012;Durchschnittliche Nettokaltmiete;e
4000W;Wohnungen (Gebietsstand 15.05.2022);STAG;Stichtag;2022-05-15;GEOLK4;Landkreise u. krsfr. Städte (Stand 15.05.22);02000;Hamburg, Freie und Hansestadt;WHGRM2;Räume;RAUM07UM;7 und mehr Räume;10,40;€/m²;WHG012;Durchschnittliche Nettokaltmiete;e
4000W;Wohnungen (Gebietsstand 15.05.2022);STAG;Stichtag;2022-05-15;GEOLK4;Landkreise u. krsfr. Städte (Stand 15.05.22);15081;Altmarkkreis Salzwedel;WHGRM2;Räume;RAUM04;4 Räume;4,69;€/m²;WHG012;Durchschnittliche Nettokaltmiete;e
4000W;Wohnungen (Gebietsstand 15.05.2022);STAG;Stichtag;2022-05-15;GEOLK4;Landkreise u. krsfr. Städte (Stand 15.05.22);12072;Teltow-Fläming;WHGRM2;Räume;RAUM05;5 Räume;6,12;€/m²;WHG012;Durchschnittliche Nettokaltmiete;e
4000W;Wohnungen (Gebietsstand 15.05.2022);STAG;Stichtag;2022-05-15;GEOLK4;Landkreise u. krsfr. Städte (Stand 15.05.22);03357;Rotenburg (Wümme);WHGRM2;Räume;RAUM02;2 Räume;6,99;€/m²;WHG012;Durchschnittliche Nettokaltmiete;e
4000W;Wohnungen (Gebietsstand 15.05.2022);STAG;Stichtag;2022-05-15;GEOLK4;Landkreise u. krsfr. Städte (Stand 15.05.22);15082;Anhalt-Bitterfeld;WHGRM2;Räume;RAUM07UM;7 und mehr Räume;4,49;€/m²;WHG012;Durchschnittliche Nettokaltmiete;e
4000W;Wohnungen (Gebietsstand 15.05.2022);STAG;Stichtag;2022-05-15;GEOLK4;Landkreise u. krsfr. Städte (Stand 15.05.22);05158;Mettmann;WHGRM2;Räume;RAUM06;6 Räume;7,39;€/m²;WHG012;Durchschnittliche Nettokaltmiete;e
4000W;Wohnungen (Gebietsstand 15.05.2022);STAG;Stichtag;2022-05-15;GEOLK4;Landkreise u. krsfr. Städte (Stand 15.05.22);15084;Burgenlandkreis;WHGRM2;Räume;RAUM01;1 Raum;5,86;€/m²;WHG012;Durchschnittliche Nettokaltmiete;e
4000W;Wohnungen (Gebietsstand 15.05.2022);STAG;Stichtag;2022-05-15;GEOLK4;Landkreise u. krsfr. Städte (Stand 15.05.22);03256;Nienburg (Weser);WHGRM2;Räume;RAUM04;4 Räume;5,24;€/m²;WHG012;Durchschnittliche Nettokaltmiete;e
4000W;Wohnungen (Gebietsstand 15.05.2022);STAG;Stichtag;2022-05-15;GEOLK4;Landkreise u. krsfr. Städte (Stand 15.05.22);08421;Ulm, Stadtkreis;WHGRM2;Räume;;Insgesamt;8,48;€/m²;WHG012;Durchschnittliche Nettokaltmiete;e
4000W;Wohnungen (Gebietsstand 15.05.2022);STAG;Stichtag;2022-05-15;GEOLK4;Landkreise u. krsfr. Städte (Stand 15.05.22);09476;Kronach;WHGRM2;Räume;RAUM02;2 Räume;6,32;€/m²;WHG012;Durchschnittliche Nettokaltmiete;e
4000W;Wohnungen (Gebietsstand 15.05.2022);STAG;Stichtag;2022-05-15;GEOLK4;Landkreise u. krsfr. Städte (Stand 15.05.22);09563;Fürth, Kreisfreie Stadt;WHGRM2;Räume;RAUM02;2 Räume;8,64;€/m²;WHG012;Durchschnittliche Nettokaltmiete;e
4000W;Wohnungen (Gebietsstand 15.05.2022);STAG;Stichtag;2022-05-15;GEOLK4;Landkreise u. krsfr. Städte (Stand 15.05.22);16062;Nordhausen;WHGRM2;Räume;RAUM03;3 Räume;5,20;€/m²;WHG012;Durchschnittliche Nettokaltmiete;e
4000W;Wohnungen (Gebietsstand 15.05.2022);STAG;Stichtag;2022-05-15;GEOLK4;Landkreise u. krsfr. Städte (Stand 15.05.22);16076;Greiz;WHGRM2;Räume;RAUM01;1 Raum;5,20;€/m²;WHG012;Durchschnittliche Nettokaltmiete;e
4000W;Wohnungen (Gebietsstand 15.05.2022);STAG;Stichtag;2022-05-15;GEOLK4;Landkreise u. krsfr. Städte (Stand 15.05.22);11000;Berlin, Stadt;WHGRM2;Räume;RAUM01;1 Raum;10,00;€/m²;WHG012;Durchschnittliche Nettokaltmiete;e
4000W;Wohnungen (Gebietsstand 15.05.2022);STAG;Stichtag;2022-05-15;GEOLK4;Landkreise u. krsfr. Städte (Stand 15.05.22);06634;Schwalm-Eder-Kreis;WHGRM2;Räume;RAUM01;1 Raum;7,38;€/m²;WHG012;Durchschnittliche Nettokaltmiete;e
4000W;Wohnungen (Gebietsstand 15.05.2022);STAG;Stichtag;2022-05-15;GEOLK4;Landkreise u. krsfr. Städte (Stand 15.05.22);05512;Bottrop, Stadt;WHGRM2;Räume;RAUM07UM;7 und mehr Räume;6,16;€/m²;WHG012;Durchschnittliche Nettokaltmiete;e
4000W;Wohnungen (Gebietsstand 15.05.2022);STAG;Stichtag;2022-05-15;GEOLK4;Landkreise u. krsfr. Städte (Stand 15.05.22);14625;Bautzen;WHGRM2;Räume;RAUM07UM;7 und mehr Räume;4,46;€/m²;WHG012;Durchschnittliche Nettokaltmiete;e
4000W;Wohnungen (Gebietsstand 15.05.2022);STAG;Stichtag;2022-05-15;GEOLK4;Landkreise u. krsfr. Städte (Stand 15.05.22);15091;Wittenberg;WHGRM2;Räume;RAUM03;3 Räume;5,06;€/m²;WHG012;Durchschnittliche Nettokaltmiete;e
4000W;Wohnungen (Gebietsstand 15.05.2022);STAG;Stichtag;2022-05-15;GEOLK4;Landkreise u. krsfr. Städte (Stand 15.05.22);03255;Holzminden;WHGRM2;Räume;RAUM02;2 Räume;5,47;€/m²;WHG012;Durchschnittliche Nettokaltmiete;e
4000W;Wohnungen (Gebietsstand 15.05.2022);STAG;Stichtag;2022-05-15;GEOLK4;Landkreise u. krsfr. Städte (Stand 15.05.22);07141;Rhein-Lahn-Kreis;WHGRM2;Räume;RAUM05;5 Räume;5,05;€/m²;WHG012;Durchschnittliche Nettokaltmiete;e
4000W;Wohnungen (Gebietsstand 15.05.2022);STAG;Stichtag;2022-05-15;GEOLK4;Landkreise u. krsfr. Städte (Stand 15.05.22);07231;Bernkastel-Wittlich;WHGRM2;Räume;;Insgesamt;5,75;€/m²;WHG012;Durchschnittliche Nettokaltmiete;e
4000W;Wohnungen (Gebietsstand 15.05.2022);STAG;Stichtag;2022-05-15;GEOLK4;Landkreise u. krsfr. Städte (Stand 15.05.22);07339;Mainz-Bingen;WHGRM2;Räume;RAUM07UM;7 und mehr Räume;6,68;€/m²;WHG012;Durchschnittliche Nettokaltmiete;e
4000W;Wohnungen (Gebietsstand 15.05.2022);STAG;Stichtag;2022-05-15;GEOLK4;Landkreise u. krsfr. Städte (Stand 15.05.22);09172;Berchtesgadener Land;WHGRM2;Räume;;Insgesamt;7,39;€/m²;WHG012;Durchschnittliche Nettokaltmiete;e
4000W;Wohnungen (Gebietsstand 15.05.2022);STAG;Stichtag;2022-05-15;GEOLK4;Landkreise u. krsfr. Städte (Stand 15.05.22);09180;Garmisch-Partenkirchen;WHGRM2;Räume;RAUM06;6 Räume;8,61;€/m²;WHG012;Durchschnittliche Nettokaltmiete;e
4000W;Wohnungen (Gebietsstand 15.05.2022);STAG;Stichtag;2022-05-15;GEOLK4;Landkreise u. krsfr. Städte (Stand 15.05.22);01051;Dithmarschen;WHGRM2;Räume;RAUM04;4 Räume;5,84;€/m²;WHG012;Durchschnittliche Nettokaltmiete;e
4000W;Wohnungen (Gebietsstand 15.05.2022);STAG;Stichtag;2022-05-15;GEOLK4;Landkreise u. krsfr. Städte (Stand 15.05.22);05513;Gelsenkirchen, Stadt;WHGRM2;Räume;RAUM07UM;7 und mehr Räume;4,92;€/m²;WHG012;Durchschnittliche Nettokaltmiete;e
4000W;Wohnungen (Gebietsstand 15.05.2022);STAG;Stichtag;2022-05-15;GEOLK4;Landkreise u. krsfr. Städte (Stand 15.05.22);07232;Eifelkreis Bitburg-Prüm;WHGRM2;Räume;RAUM04;4 Räume;5,98;€/m²;WHG012;Durchschnittliche Nettokaltmiete;e
4000W;Wohnungen (Gebietsstand 15.05.2022);STAG;Stichtag;2022-05-15;GEOLK4;Landkreise u. krsfr. Städte (Stand 15.05.22);09271;Deggendorf;WHGRM2;Räume;RAUM05;5 Räume;5,54;€/m²;WHG012;Durchschnittliche Nettokaltmiete;e
4000W;Wohnungen (Gebietsstand 15.05.2022);STAG;Stichtag;2022-05-15;GEOLK4;Landkreise u. krsfr. Städte (Stand 15.05.22);13004;Schwerin;WHGRM2;Räume;RAUM03;3 Räume;6,01;€/m²;WHG012;Durchschnittliche Nettokaltmiete;e
4000W;Wohnungen (Gebietsstand 15.05.2022);STAG;Stichtag;2022-05-15;GEOLK4;Landkreise u. krsfr. Städte (Stand 15.05.22);08225;Neckar-Odenwald-Kreis;WHGRM2;Räume;RAUM06;6 Räume;5,09;€/m²;WHG012;Durchschnittliche Nettokaltmiete;e
4000W;Wohnungen (Gebietsstand 15.05.2022);STAG;Stichtag;2022-05-15;GEOLK4;Landkreise u. krsfr. Städte (Stand 15.05.22);08231;Pforzheim, Stadtkreis;WHGRM2;Räume;RAUM07UM;7 und mehr Räume;6,73;€/m²;WHG012;Durchschnittliche Nettokaltmiete;e
4000W;Wohnungen (Gebietsstand 15.05.2022);STAG;Stichtag;2022-05-15;GEOLK4;Landkreise u. krsfr. Städte (Stand 15.05.22);16061;Eichsfeld;WHGRM2;Räume;RAUM01;1 Raum;5,73;€/m²;WHG012;Durchschnittliche Nettokaltmiete;e
4000W;Wohnungen (Gebietsstand 15.05.2022);STAG;Stichtag;2022-05-15;GEOLK4;Landkreise u. krsfr. Städte (Stand 15.05.22);09573;Fürth, Landkreis;WHGRM2;Räume;RAUM01;1 Raum;8,82;€/m²;WHG012;Durchschnittliche Nettokaltmiete;e
4000W;Wohnungen (Gebietsstand 15.05.2022);STAG;Stichtag;2022-05-15;GEOLK4;Landkreise u. krsfr. Städte (Stand 15.05.22);09577;Weißenburg-Gunzenhausen;WHGRM2;Räume;;Insgesamt;5,70;€/m²;WHG012;Durchschnittliche Nettokaltmiete;e
4000W;Wohnungen (Gebietsstand 15.05.2022);STAG;Stichtag;2022-05-15;GEOLK4;Landkreise u. krsfr. Städte (Stand 15.05.22);03453;Cloppenburg;WHGRM2;Räume;RAUM03;3 Räume;6,40;€/m²;WHG012;Durchschnittliche Nettokaltmiete;e
4000W;Wohnungen (Gebietsstand 15.05.2022);STAG;Stichtag;2022-05-15;GEOLK4;Landkreise u. krsfr. Städte (Stand 15.05.22);14522;Mittelsachsen;WHGRM2;Räume;RAUM06;6 Räume;4,74;€/m²;WHG012;Durchschnittliche Nettokaltmiete;e
4000W;Wohnungen (Gebietsstand 15.05.2022);STAG;Stichtag;2022-05-15;GEOLK4;Landkreise u. krsfr. Städte (Stand 15.05.22);15082;Anhalt-Bitterfeld;WHGRM2;Räume;RAUM06;6 Räume;4,70;€/m²;WHG012;Durchschnittliche Nettokaltmiete;e
4000W;Wohnungen (Gebietsstand 15.05.2022);STAG;Stichtag;2022-05-15;GEOLK4;Landkreise u. krsfr. Städte (Stand 15.05.22);06431;Bergstraße;WHGRM2;Räume;RAUM07UM;7 und mehr Räume;6,24;€/m²;WHG012;Durchschnittliche Nettokaltmiete;e
4000W;Wohnungen (Gebietsstand 15.05.2022);STAG;Stichtag;2022-05-15;GEOLK4;Landkreise u. krsfr. Städte (Stand 15.05.22);08336;Lörrach;WHGRM2;Räume;;Insgesamt;8,22;€/m²;WHG012;Durchschnittliche Nettokaltmiete;e
4000W;Wohnungen (Gebietsstand 15.05.2022);STAG;Stichtag;2022-05-15;GEOLK4;Landkreise u. krsfr. Städte (Stand 15.05.22);09371;Amberg-Sulzbach;WHGRM2;Räume;RAUM05;5 Räume;5,06;€/m²;WHG012;Durchschnittliche Nettokaltmiete;e
4000W;Wohnungen (Gebietsstand 15.05.2022);STAG;Stichtag;2022-05-15;GEOLK4;Landkreise u. krsfr. Städte (Stand 15.05.22);09471;Bamberg, Landkreis;WHGRM2;Räume;RAUM01;1 Raum;7,73;€/m²;WHG012;Durchschnittliche Nettokaltmiete;e
4000W;Wohnungen (Gebietsstand 15.05.2022);STAG;Stichtag;2022-05-15;GEOLK4;Landkreise u. krsfr. Städte (Stand 15.05.22);06634;Schwalm-Eder-Kreis;WHGRM2;Räume;;Insgesamt;5,26;€/m²;WHG012;Durchschnittliche Nettokaltmiete;e
4000W;Wohnungen (Gebietsstand 15.05.2022);STAG;Stichtag;2022-05-15;GEOLK4;Landkreise u. krsfr. Städte (Stand 15.05.22);09771;Aichach-Friedberg;WHGRM2;Räume;RAUM02;2 Räume;8,33;€/m²;WHG012;Durchschnittliche Nettokaltmiete;e
4000W;Wohnungen (Gebietsstand 15.05.2022);STAG;Stichtag;2022-05-15;GEOLK4;Landkreise u. krsfr. Städte (Stand 15.05.22);13073;Vorpommern-Rügen;WHGRM2;Räume;RAUM02;2 Räume;6,09;€/m²;WHG012;Durchschnittliche Nettokaltmiete;e
4000W;Wohnungen (Gebietsstand 15.05.2022);STAG;Stichtag;2022-05-15;GEOLK4;Landkreise u. krsfr. Städte (Stand 15.05.22);16061;Eichsfeld;WHGRM2;Räume;;Insgesamt;5,29;€/m²;WHG012;Durchschnittliche Nettokaltmiete;e
4000W;Wohnungen (Gebietsstand 15.05.2022);STAG;Stichtag;2022-05-15;GEOLK4;Landkreise u. krsfr. Städte (Stand 15.05.22);05170;Wesel;WHGRM2;Räume;RAUM07UM;7 und mehr Räume;5,72;€/m²;WHG012;Durchschnittliche Nettokaltmiete;e
4000W;Wohnungen (Gebietsstand 15.05.2022);STAG;Stichtag;2022-05-15;GEOLK4;Landkreise u. krsfr. Städte (Stand 15.05.22);09377;Tirschenreuth;WHGRM2;Räume;RAUM07UM;7 und mehr Räume;4,03;€/m²;WHG012;Durchschnittliche Nettokaltmiete;e
4000W;Wohnungen (Gebietsstand 15.05.2022);STAG;Stichtag;2022-05-15;GEOLK4;Landkreise u. krsfr. Städte (Stand 15.05.22);16071;Weimarer Land;WHGRM2;Räume;;Insgesamt;5,42;€/m²;WHG012;Durchschnittliche Nettokaltmiete;e
4000W;Wohnungen (Gebietsstand 15.05.2022);STAG;Stichtag;2022-05-15;GEOLK4;Landkreise u. krsfr. Städte (Stand 15.05.22);03459;Osnabrück;WHGRM2;Räume;RAUM06;6 Räume;4,94;€/m²;WHG012;Durchschnittliche Nettokaltmiete;e
4000W;Wohnungen (Gebietsstand 15.05.2022);STAG;Stichtag;2022-05-15;GEOLK4;Landkreise u. krsfr. Städte (Stand 15.05.22);07314;Ludwigshafen am Rhein, kreisfreie Stadt;WHGRM2;Räume;RAUM02;2 Räume;8,09;€/m²;WHG012;Durchschnittliche Nettokaltmiete;e
4000W;Wohnungen (Gebietsstand 15.05.2022);STAG;Stichtag;2022-05-15;GEOLK4;Landkreise u. krsfr. Städte (Stand 15.05.22);09663;Würzburg, Kreisfreie Stadt;WHGRM2;Räume;RAUM02;2 Räume;8,77;€/m²;WHG012;Durchschnittliche Nettokaltmiete;e
4000W;Wohnungen (Gebietsstand 15.05.2022);STAG;Stichtag;2022-05-15;GEOLK4;Landkreise u. krsfr. Städte (Stand 15.05.22);07111;Koblenz, kreisfreie Stadt;WHGRM2;Räume;RAUM07UM;7 und mehr Räume;6,71;€/m²;WHG012;Durchschnittliche Nettokaltmiete;e
4000W;Wohnungen (Gebietsstand 15.05.2022);STAG;Stichtag;2022-05-15;GEOLK4;Landkreise u. krsfr. Städte (Stand 15.05.22);12069;Potsdam-Mittelmark;WHGRM2;Räume;RAUM07UM;7 und mehr Räume;7,51;€/m²;WHG012;Durchschnittliche Nettokaltmiete;e
4000W;Wohnungen (Gebietsstand 15.05.2022);STAG;Stichtag;2022-05-15;GEOLK4;Landkreise u. krsfr. Städte (Stand 15.05.22);04011;Bremen, Stadt;WHGRM2;Räume;RAUM06;6 Räume;7,16;€/m²;WHG012;Durchschnittliche Nettokaltmiete;e
4000W;Wohnungen (Gebietsstand 15.05.2022);STAG;Stichtag;2022-05-15;GEOLK4;Landkreise u. krsfr. Städte (Stand 15.05.22);06413;Offenbach am Main, Stadt;WHGRM2;Räume;RAUM05;5 Räume;7,84;€/m²;WHG012;Durchschnittliche Nettokaltmiete;e
4000W;Wohnungen (Gebietsstand 15.05.2022);STAG;Stichtag;2022-05-15;GEOLK4;Landkreise u. krsfr. Städte (Stand 15.05.22);09163;Rosenheim, Kreisfreie Stadt;WHGRM2;Räume;RAUM05;5 Räume;8,56;€/m²;WHG012;Durchschnittliche Nettokaltmiete;e
4000W;Wohnungen (Gebietsstand 15.05.2022);STAG;Stichtag;2022-05-15;GEOLK4;Landkreise u. krsfr. Städte (Stand 15.05.22);05315;Köln, Stadt;WHGRM2;Räume;RAUM05;5 Räume;8,78;€/m²;WHG012;Durchschnittliche Nettokaltmiete;e
4000W;Wohnungen (Gebietsstand 15.05.2022);STAG;Stichtag;2022-05-15;GEOLK4;Landkreise u. krsfr. Städte (Stand 15.05.22);06632;Hersfeld-Rotenburg;WHGRM2;Räume;RAUM07UM;7 und mehr Räume;4,67;€/m²;WHG012;Durchschnittliche Nettokaltmiete;e
4000W;Wohnungen (Gebietsstand 15.05.2022);STAG;Stichtag;2022-05-15;GEOLK4;Landkreise u. krsfr. Städte (Stand 15.05.22);03241;Region Hannover;WHGRM2;Räume;RAUM04;4 Räume;6,80;€/m²;WHG012;Durchschnittliche Nettokaltmiete;e
4000W;Wohnungen (Gebietsstand 15.05.2022);STAG;Stichtag;2022-05-15;GEOLK4;Landkreise u. krsfr. Städte (Stand 15.05.22);12072;Teltow-Fläming;WHGRM2;Räume;;Insgesamt;6,31;€/m²;WHG012;Durchschnittliche Nettokaltmiete;e
4000W;Wohnungen (Gebietsstand 15.05.2022);STAG;Stichtag;2022-05-15;GEOLK4;Landkreise u. krsfr. Städte (Stand 15.05.22);09278;Straubing-Bogen;WHGRM2;Räume;RAUM01;1 Raum;9,24;€/m²;WHG012;Durchschnittliche Nettokaltmiete;e
4000W;Wohnungen (Gebietsstand 15.05.2022);STAG;Stichtag;2022-05-15;GEOLK4;Landkreise u. krsfr. Städte (Stand 15.05.22);05558;Coesfeld;WHGRM2;Räume;RAUM03;3 Räume;6,41;€/m²;WHG012;Durchschnittliche Nettokaltmiete;e
4000W;Wohnungen (Gebietsstand 15.05.2022);STAG;Stichtag;2022-05-15;GEOLK4;Landkreise u. krsfr. Städte (Stand 15.05.22);16052;Gera, Stadt;WHGRM2;Räume;RAUM04;4 Räume;5,02;€/m²;WHG012;Durchschnittliche Nettokaltmiete;e
4000W;Wohnungen (Gebietsstand 15.05.2022);STAG;Stichtag;2022-05-15;GEOLK4;Landkreise u. krsfr. Städte (Stand 15.05.22);03401;Delmenhorst, Stadt;WHGRM2;Räume;RAUM05;5 Räume;5,97;€/m²;WHG012;Durchschnittliche Nettokaltmiete;e
4000W;Wohnungen (Gebietsstand 15.05.2022);STAG;Stichtag;2022-05-15;GEOLK4;Landkreise u. krsfr. Städte (Stand 15.05.22);10043;Neunkirchen;WHGRM2;Räume;RAUM03;3 Räume;5,61;€/m²;WHG012;Durchschnittliche Nettokaltmiete;e
4000W;Wohnungen (Gebietsstand 15.05.2022);STAG;Stichtag;2022-05-15;GEOLK4;Landkreise u. krsfr. Städte (Stand 15.05.22);09775;Neu-Ulm;WHGRM2;Räume;RAUM05;5 Räume;6,83;€/m²;WHG012;Durchschnittliche Nettokaltmiete;e
4000W;Wohnungen (Gebietsstand 15.05.2022);STAG;Stichtag;2022-05-15;GEOLK4;Landkreise u. krsfr. Städte (Stand 15.05.22);14521;Erzgebirgskreis;WHGRM2;Räume;RAUM04;4 Räume;4,55;€/m²;WHG012;Durchschnittliche Nettokaltmiete;e
4000W;Wohnungen (Gebietsstand 15.05.2022);STAG;Stichtag;2022-05-15;GEOLK4;Landkreise u. krsfr. Städte (Stand 15.05.22);09177;Erding;WHGRM2;Räume;RAUM03;3 Räume;9,41;€/m²;WHG012;Durchschnittliche Nettokaltmiete;e
4000W;Wohnungen (Gebietsstand 15.05.2022);STAG;Stichtag;2022-05-15;GEOLK4;Landkreise u. krsfr. Städte (Stand 15.05.22);08416;Tübingen;WHGRM2;Räume;RAUM05;5 Räume;8,12;€/m²;WHG012;Durchschnittliche Nettokaltmiete;e
4000W;Wohnungen (Gebietsstand 15.05.2022);STAG;Stichtag;2022-05-15;GEOLK4;Landkreise u. krsfr. Städte (Stand 15.05.22);05370;Heinsberg;WHGRM2;Räume;RAUM06;6 Räume;5,66;€/m²;WHG012;Durchschnittliche Nettokaltmiete;e
4000W;Wohnungen (Gebietsstand 15.05.2022);STAG;Stichtag;2022-05-15;GEOLK4;Landkreise u. krsfr. Städte (Stand 15.05.22);12051;Brandenburg an der Havel, Stadt;WHGRM2;Räume;RAUM05;5 Räume;5,75;€/m²;WHG012;Durchschnittliche Nettokaltmiete;e
4000W;Wohnungen (Gebietsstand 15.05.2022);STAG;Stichtag;2022-05-15;GEOLK4;Landkreise u. krsfr. Städte (Stand 15.05.22);06531;Gießen;WHGRM2;Räume;RAUM04;4 Räume;6,71;€/m²;WHG012;Durchschnittliche Nettokaltmiete;e
4000W;Wohnungen (Gebietsstand 15.05.2022);STAG;Stichtag;2022-05-15;GEOLK4;Landkreise u. krsfr. Städte (Stand 15.05.22);16053;Jena, Stadt;WHGRM2;Räume;RAUM02;2 Räume;7,07;€/m²;WHG012;Durchschnittliche Nettokaltmiete;e
4000W;Wohnungen (Gebietsstand 15.05.2022);STAG;Stichtag;2022-05-15;GEOLK4;Landkreise u. krsfr. Städte (Stand 15.05.22);08326;Schwarzwald-Baar-Kreis;WHGRM2;Räume;RAUM04;4 Räume;6,21;€/m²;WHG012;Durchschnittliche Nettokaltmiete;e
4000W;Wohnungen (Gebietsstand 15.05.2022);STAG;Stichtag;2022-05-15;GEOLK4;Landkreise u. krsfr. Städte (Stand 15.05.22);08212;Karlsruhe, Stadtkreis;WHGRM2;Räume;RAUM01;1 Raum;12,09;€/m²;WHG012;Durchschnittliche Nettokaltmiete;e
4000W;Wohnungen (Gebietsstand 15.05.2022);STAG;Stichtag;2022-05-15;GEOLK4;Landkreise u. krsfr. Städte (Stand 15.05.22);05358;Düren;WHGRM2;Räume;RAUM02;2 Räume;6,75;€/m²;WHG012;Durchschnittliche Nettokaltmiete;e
4000W;Wohnungen (Gebietsstand 15.05.2022);STAG;Stichtag;2022-05-15;GEOLK4;Landkreise u. krsfr. Städte (Stand 15.05.22);08435;Bodenseekreis;WHGRM2;Räume;RAUM05;5 Räume;7,67;€/m²;WHG012;Durchschnittliche Nettokaltmiete;e
4000W;Wohnungen (Gebietsstand 15.05.2022);STAG;Stichtag;2022-05-15;GEOLK4;Landkreise u. krsfr. Städte (Stand 15.05.22);16055;Weimar, Stadt;WHGRM2;Räume;RAUM01;1 Raum;8,07;€/m²;WHG012;Durchschnittliche Nettokaltmiete;e
4000W;Wohnungen (Gebietsstand 15.05.2022);STAG;Stichtag;2022-05-15;GEOLK4;Landkreise u. krsfr. Städte (Stand 15.05.22);10042;Merzig-Wadern;WHGRM2;Räume;RAUM01;1 Raum;7,72;€/m²;WHG012;Durchschnittliche Nettokaltmiete;e
4000W;Wohnungen (Gebietsstand 15.05.2022);STAG;Stichtag;2022-05-15;GEOLK4;Landkreise u. krsfr. Städte (Stand 15.05.22);14625;Bautzen;WHGRM2;Räume;RAUM03;3 Räume;5,17;€/m²;WHG012;Durchschnittliche Nettokaltmiete;e
4000W;Wohnungen (Gebietsstand 15.05.2022);STAG;Stichtag;2022-05-15;GEOLK4;Landkreise u. krsfr. Städte (Stand 15.05.22);15083;Börde;WHGRM2;Räume;RAUM07UM;7 und mehr Räume;4,40;€/m²;WHG012;Durchschnittliche Nettokaltmiete;e
4000W;Wohnungen (Gebietsstand 15.05.2022);STAG;Stichtag;2022-05-15;GEOLK4;Landkreise u. krsfr. Städte (Stand 15.05.22);09176;Eichstätt;WHGRM2;Räume;RAUM01;1 Raum;11,66;€/m²;WHG012;Durchschnittliche Nettokaltmiete;e
4000W;Wohnungen (Gebietsstand 15.05.2022);STAG;Stichtag;2022-05-15;GEOLK4;Landkreise u. krsfr. Städte (Stand 15.05.22);09572;Erlangen-Höchstadt;WHGRM2;Räume;RAUM03;3 Räume;7,67;€/m²;WHG012;Durchschnittliche Nettokaltmiete;e
4000W;Wohnungen (Gebietsstand 15.05.2022);STAG;Stichtag;2022-05-15;GEOLK4;Landkreise u. krsfr. Städte (Stand 15.05.22);09279;Dingolfing-Landau;WHGRM2;Räume;;Insgesamt;6,32;€/m²;WHG012;Durchschnittliche Nettokaltmiete;e
4000W;Wohnungen (Gebietsstand 15.05.2022);STAG;Stichtag;2022-05-15;GEOLK4;Landkreise u. krsfr. Städte (Stand 15.05.22);08235;Calw;WHGRM2;Räume;RAUM05;5 Räume;6,26;€/m²;WHG012;Durchschnittliche Nettokaltmiete;e
4000W;Wohnungen (Gebietsstand 15.05.2022);STAG;Stichtag;2022-05-15;GEOLK4;Landkreise u. krsfr. Städte (Stand 15.05.22);12063;Havelland;WHGRM2;Räume;RAUM04;4 Räume;6,15;€/m²;WHG012;Durchschnittliche Nettokaltmiete;e
4000W;Wohnungen (Gebietsstand 15.05.2022);STAG;Stichtag;2022-05-15;GEOLK4;Landkreise u. krsfr. Städte (Stand 15.05.22);09662;Schweinfurt, Kreisfreie Stadt;WHGRM2;Räume;;Insgesamt;6,23;€/m²;WHG012;Durchschnittliche Nettokaltmiete;e
4000W;Wohnungen (Gebietsstand 15.05.2022);STAG;Stichtag;2022-05-15;GEOLK4;Landkreise u. krsfr. Städte (Stand 15.05.22);08237;Freudenstadt;WHGRM2;Räume;RAUM04;4 Räume;6,08;€/m²;WHG012;Durchschnittliche Nettokaltmiete;e
4000W;Wohnungen (Gebietsstand 15.05.2022);STAG;Stichtag;2022-05-15;GEOLK4;Landkreise u. krsfr. Städte (Stand 15.05.22);07340;Südwestpfalz;WHGRM2;Räume;RAUM04;4 Räume;4,80;€/m²;WHG012;Durchschnittliche Nettokaltmiete;e
4000W;Wohnungen (Gebietsstand 15.05.2022);STAG;Stichtag;2022-05-15;GEOLK4;Landkreise u. krsfr. Städte (Stand 15.05.22);06411;Darmstadt, Wissenschaftsstadt;WHGRM2;Räume;;Insgesamt;9,56;€/m²;WHG012;Durchschnittliche Nettokaltmiete;e
4000W;Wohnungen (Gebietsstand 15.05.2022);STAG;Stichtag;2022-05-15;GEOLK4;Landkreise u. krsfr. Städte (Stand 15.05.22);05513;Gelsenkirchen, Stadt;WHGRM2;Räume;RAUM06;6 Räume;5,24;€/m²;WHG012;Durchschnittliche Nettokaltmiete;e
4000W;Wohnungen (Gebietsstand 15.05.2022);STAG;Stichtag;2022-05-15;GEOLK4;Landkreise u. krsfr. Städte (Stand 15.05.22);08127;Schwäbisch Hall;WHGRM2;Räume;RAUM07UM;7 und mehr Räume;5,43;€/m²;WHG012;Durchschnittliche Nettokaltmiete;e
4000W;Wohnungen (Gebietsstand 15.05.2022);STAG;Stichtag;2022-05-15;GEOLK4;Landkreise u. krsfr. Städte (Stand 15.05.22);08415;Reutlingen;WHGRM2;Räume;;Insgesamt;7,85;€/m²;WHG012;Durchschnittliche Nettokaltmiete;e
4000W;Wohnungen (Gebietsstand 15.05.2022);STAG;Stichtag;2022-05-15;GEOLK4;Landkreise u. krsfr. Städte (Stand 15.05.22);09478;Lichtenfels;WHGRM2;Räume;RAUM06;6 Räume;4,65;€/m²;WHG012;Durchschnittliche Nettokaltmiete;e
4000W;Wohnungen (Gebietsstand 15.05.2022);STAG;Stichtag;2022-05-15;GEOLK4;Landkreise u. krsfr. Städte (Stand 15.05.22);08125;Heilbronn, Landkreis;WHGRM2;Räume;RAUM01;1 Raum;10,10;€/m²;WHG012;Durchschnittliche Nettokaltmiete;e
4000W;Wohnungen (Gebietsstand 15.05.2022);STAG;Stichtag;2022-05-15;GEOLK4;Landkreise u. krsfr. Städte (Stand 15.05.22);01059;Schleswig-Flensburg;WHGRM2;Räume;RAUM02;2 Räume;7,41;€/m²;WHG012;Durchschnittliche Nettokaltmiete;e
4000W;Wohnungen (Gebietsstand 15.05.2022);STAG;Stichtag;2022-05-15;GEOLK4;Landkreise u. krsfr. Städte (Stand 15.05.22);06636;Werra-Meißner-Kreis;WHGRM2;Räume;RAUM01;1 Raum;6,44;€/m²;WHG012;Durchschnittliche Nettokaltmiete;e
4000W;Wohnungen (Gebietsstand 15.05.2022);STAG;Stichtag;2022-05-15;GEOLK4;Landkreise u. krsfr. Städte (Stand 15.05.22);09178;Freising;WHGRM2;Räume;RAUM01;1 Raum;13,08;€/m²;WHG012;Durchschnittliche Nettokaltmiete;e
4000W;Wohnungen (Gebietsstand 15.05.2022);STAG;Stichtag;2022-05-15;GEOLK4;Landkreise u. krsfr. Städte (Stand 15.05.22);05562;Recklinghausen;WHGRM2;Räume;RAUM07UM;7 und mehr Räume;5,61;€/m²;WHG012;Durchschnittliche Nettokaltmiete;e
4000W;Wohnungen (Gebietsstand 15.05.2022);STAG;Stichtag;2022-05-15;GEOLK4;Landkreise u. krsfr. Städte (Stand 15.05.22);12053;Frankfurt (Oder), Stadt;WHGRM2;Räume;RAUM05;5 Räume;5,02;€/m²;WHG012;Durchschnittliche Nettokaltmiete;e
4000W;Wohnungen (Gebietsstand 15.05.2022);STAG;Stichtag;2022-05-15;GEOLK4;Landkreise u. krsfr. Städte (Stand 15.05.22);12061;Dahme-Spreewald;WHGRM2;Räume;RAUM04;4 Räume;6,47;€/m²;WHG012;Durchschnittliche Nettokaltmiete;e
4000W;Wohnungen (Gebietsstand 15.05.2022);STAG;Stichtag;2022-05-15;GEOLK4;Landkreise u. krsfr. Städte (Stand 15.05.22);08437;Sigmaringen;WHGRM2;Räume;RAUM05;5 Räume;5,58;€/m²;WHG012;Durchschnittliche Nettokaltmiete;e
4000W;Wohnungen (Gebietsstand 15.05.2022);STAG;Stichtag;2022-05-15;GEOLK4;Landkreise u. krsfr. Städte (Stand 15.05.22);06633;Kassel;WHGRM2;Räume;RAUM07UM;7 und mehr Räume;4,62;€/m²;WHG012;Durchschnittliche Nettokaltmiete;e
4000W;Wohnungen (Gebietsstand 15.05.2022);STAG;Stichtag;2022-05-15;GEOLK4;Landkreise u. krsfr. Städte (Stand 15.05.22);01053;Herzogtum Lauenburg;WHGRM2;Räume;RAUM04;4 Räume;7,13;€/m²;WHG012;Durchschnittliche Nettokaltmiete;e
4000W;Wohnungen (Gebietsstand 15.05.2022);STAG;Stichtag;2022-05-15;GEOLK4;Landkreise u. krsfr. Städte (Stand 15.05.22);09678;Schweinfurt, Landkreis;WHGRM2;Räume;RAUM06;6 Räume;5,19;€/m²;WHG012;Durchschnittliche Nettokaltmiete;e
4000W;Wohnungen (Gebietsstand 15.05.2022);STAG;Stichtag;2022-05-15;GEOLK4;Landkreise u. krsfr. Städte (Stand 15.05.22);09175;Ebersberg;WHGRM2;Räume;RAUM04;4 Räume;9,88;€/m²;WHG012;Durchschnittliche Nettokaltmiete;e
4000W;Wohnungen (Gebietsstand 15.05.2022);STAG;Stichtag;2022-05-15;GEOLK4;Landkreise u. krsfr. Städte (Stand 15.05.22);10044;Saarlouis;WHGRM2;Räume;RAUM01;1 Raum;8,65;€/m²;WHG012;Durchschnittliche Nettokaltmiete;e
4000W;Wohnungen (Gebietsstand 15.05.2022);STAG;Stichtag;2022-05-15;GEOLK4;Landkreise u. krsfr. Städte (Stand 15.05.22);10041;Regionalverband Saarbrücken;WHGRM2;Räume;RAUM04;4 Räume;5,86;€/m²;WHG012;Durchschnittliche Nettokaltmiete;e
4000W;Wohnungen (Gebietsstand 15.05.2022);STAG;Stichtag;2022-05-15;GEOLK4;Landkreise u. krsfr. Städte (Stand 15.05.22);16069;Hildburghausen;WHGRM2;Räume;;Insgesamt;5,07;€/m²;WHG012;Durchschnittliche Nettokaltmiete;e
4000W;Wohnungen (Gebietsstand 15.05.2022);STAG;Stichtag;2022-05-15;GEOLK4;Landkreise u. krsfr. Städte (Stand 15.05.22);03455;Friesland;WHGRM2;Räume;RAUM03;3 Räume;6,17;€/m²;WHG012;Durchschnittliche Nettokaltmiete;e
4000W;Wohnungen (Gebietsstand 15.05.2022);STAG;Stichtag;2022-05-15;GEOLK4;Landkreise u. krsfr. Städte (Stand 15.05.22);13003;Rostock;WHGRM2;Räume;RAUM05;5 Räume;6,01;€/m²;WHG012;Durchschnittliche Nettokaltmiete;e
4000W;Wohnungen (Gebietsstand 15.05.2022);STAG;Stichtag;2022-05-15;GEOLK4;Landkreise u. krsfr. Städte (Stand 15.05.22);06532;Lahn-Dill-Kreis;WHGRM2;Räume;RAUM01;1 Raum;8,11;€/m²;WHG012;Durchschnittliche Nettokaltmiete;e
4000W;Wohnungen (Gebietsstand 15.05.2022);STAG;Stichtag;2022-05-15;GEOLK4;Landkreise u. krsfr. Städte (Stand 15.05.22);03158;Wolfenbüttel;WHGRM2;Räume;RAUM03;3 Räume;6,27;€/m²;WHG012;Durchschnittliche Nettokaltmiete;e
4000W;Wohnungen (Gebietsstand 15.05.2022);STAG;Stichtag;2022-05-15;GEOLK4;Landkreise u. krsfr. Städte (Stand 15.05.22);08316;Emmendingen;WHGRM2;Räume;RAUM05;5 Räume;6,88;€/m²;WHG012;Durchschnittliche Nettokaltmiete;e
4000W;Wohnungen (Gebietsstand 15.05.2022);STAG;Stichtag;2022-05-15;GEOLK4;Landkreise u. krsfr. Städte (Stand 15.05.22);09661;Aschaffenburg, Kreisfreie Stadt;WHGRM2;Räume;RAUM03;3 Räume;7,70;€/m²;WHG012;Durchschnittliche Nettokaltmiete;e
4000W;Wohnungen (Gebietsstand 15.05.2022);STAG;Stichtag;2022-05-15;GEOLK4;Landkreise u. krsfr. Städte (Stand 15.05.22);16051;Erfurt, Stadt;WHGRM2;Räume;RAUM02;2 Räume;6,48;€/m²;WHG012;Durchschnittliche Nettokaltmiete;e
4000W;Wohnungen (Gebietsstand 15.05.2022);STAG;Stichtag;2022-05-15;GEOLK4;Landkreise u. krsfr. Städte (Stand 15.05.22);03359;Stade;WHGRM2;Räume;RAUM07UM;7 und mehr Räume;5,89;€/m²;WHG012;Durchschnittliche Nettokaltmiete;e
4000W;Wohnungen (Gebietsstand 15.05.2022);STAG;Stichtag;2022-05-15;GEOLK4;Landkreise u. krsfr. Städte (Stand 15.05.22);05515;Münster, Stadt;WHGRM2;Räume;RAUM06;6 Räume;7,78;€/m²;WHG012;Durchschnittliche Nettokaltmiete;e
4000W;Wohnungen (Gebietsstand 15.05.2022);STAG;Stichtag;2022-05-15;GEOLK4;Landkreise u. krsfr. Städte (Stand 15.05.22);09773;Dillingen a.d.Donau;WHGRM2;Räume;RAUM06;6 Räume;5,48;€/m²;WHG012;Durchschnittliche Nettokaltmiete;e
4000W;Wohnungen (Gebietsstand 15.05.2022);STAG;Stichtag;2022-05-15;GEOLK4;Landkreise u. krsfr. Städte (Stand 15.05.22);03454;Emsland;WHGRM2;Räume;RAUM07UM;7 und mehr Räume;4,73;€/m²;WHG012;Durchschnittliche Nettokaltmiete;e
4000W;Wohnungen (Gebietsstand 15.05.2022);STAG;Stichtag;2022-05-15;GEOLK4;Landkreise u. krsfr. Städte (Stand 15.05.22);03153;Goslar;WHGRM2;Räume;;Insgesamt;5,52;€/m²;WHG012;Durchschnittliche Nettokaltmiete;e
4000W;Wohnungen (Gebietsstand 15.05.2022);STAG;Stichtag;2022-05-15;GEOLK4;Landkreise u. krsfr. Städte (Stand 15.05.22);07111;Koblenz, kreisfreie Stadt;WHGRM2;Räume;RAUM04;4 Räume;6,63;€/m²;WHG012;Durchschnittliche Nettokaltmiete;e
4000W;Wohnungen (Gebietsstand 15.05.2022);STAG;Stichtag;2022-05-15;GEOLK4;Landkreise u. krsfr. Städte (Stand 15.05.22);07235;Trier-Saarburg;WHGRM2;Räume;;Insgesamt;6,59;€/m²;WHG012;Durchschnittliche Nettokaltmiete;e
4000W;Wohnungen (Gebietsstand 15.05.2022);STAG;Stichtag;2022-05-15;GEOLK4;Landkreise u. krsfr. Städte (Stand 15.05.22);03155;Northeim;WHGRM2;Räume;RAUM06;6 Räume;4,17;€/m²;WHG012;Durchschnittliche Nettokaltmiete;e
4000W;Wohnungen (Gebietsstand 15.05.2022);STAG;Stichtag;2022-05-15;GEOLK4;Landkreise u. krsfr. Städte (Stand 15.05.22);09171;Altötting;WHGRM2;Räume;RAUM05;5 Räume;5,88;€/m²;WHG012;Durchschnittliche Nettokaltmiete;e
4000W;Wohnungen (Gebietsstand 15.05.2022);STAG;Stichtag;2022-05-15;GEOLK4;Landkreise u. krsfr. Städte (Stand 15.05.22);07132;Altenkirchen (Westerwald);WHGRM2;Räume;RAUM04;4 Räume;5,09;€/m²;WHG012;Durchschnittliche Nettokaltmiete;e
4000W;Wohnungen (Gebietsstand 15.05.2022);STAG;Stichtag;2022-05-15;GEOLK4;Landkreise u. krsfr. Städte (Stand 15.05.22);09671;Aschaffenburg, Landkreis;WHGRM2;Räume;RAUM07UM;7 und mehr Räume;6,09;€/m²;WHG012;Durchschnittliche Nettokaltmiete;e
4000W;Wohnungen (Gebietsstand 15.05.2022);STAG;Stichtag;2022-05-15;GEOLK4;Landkreise u. krsfr. Städte (Stand 15.05.22);03353;Harburg;WHGRM2;Räume;RAUM03;3 Räume;8,28;€/m²;WHG012;Durchschnittliche Nettokaltmiete;e
4000W;Wohnungen (Gebietsstand 15.05.2022);STAG;Stichtag;2022-05-15;GEOLK4;Landkreise u. krsfr. Städte (Stand 15.05.22);09277;Rottal-Inn;WHGRM2;Räume;RAUM03;3 Räume;5,83;€/m²;WHG012;Durchschnittliche Nettokaltmiete;e
4000W;Wohnungen (Gebietsstand 15.05.2022);STAG;Stichtag;2022-05-15;GEOLK4;Landkreise u. krsfr. Städte (Stand 15.05.22);07134;Birkenfeld;WHGRM2;Räume;RAUM03;3 Räume;4,89;€/m²;WHG012;Durchschnittliche Nettokaltmiete;e
4000W;Wohnungen (Gebietsstand 15.05.2022);STAG;Stichtag;2022-05-15;GEOLK4;Landkreise u. krsfr. Städte (Stand 15.05.22);09173;Bad Tölz-Wolfratshausen;WHGRM2;Räume;RAUM04;4 Räume;8,43;€/m²;WHG012;Durchschnittliche Nettokaltmiete;e
4000W;Wohnungen (Gebietsstand 15.05.2022);STAG;Stichtag;2022-05-15;GEOLK4;Landkreise u. krsfr. Städte (Stand 15.05.22);14626;Görlitz;WHGRM2;Räume;RAUM07UM;7 und mehr Räume;3,99;€/m²;WHG012;Durchschnittliche Nettokaltmiete;e
4000W;Wohnungen (Gebietsstand 15.05.2022);STAG;Stichtag;2022-05-15;GEOLK4;Landkreise u. krsfr. Städte (Stand 15.05.22);08127;Schwäbisch Hall;WHGRM2;Räume;RAUM05;5 Räume;5,91;€/m²;WHG012;Durchschnittliche Nettokaltmiete;e
4000W;Wohnungen (Gebietsstand 15.05.2022);STAG;Stichtag;2022-05-15;GEOLK4;Landkreise u. krsfr. Städte (Stand 15.05.22);16070;Ilm-Kreis;WHGRM2;Räume;RAUM02;2 Räume;5,96;€/m²;WHG012;Durchschnittliche Nettokaltmiete;e
4000W;Wohnungen (Gebietsstand 15.05.2022);STAG;Stichtag;2022-05-15;GEOLK4;Landkreise u. krsfr. Städte (Stand 15.05.22);03355;Lüneburg;WHGRM2;Räume;RAUM02;2 Räume;8,35;€/m²;WHG012;Durchschnittliche Nettokaltmiete;e
4000W;Wohnungen (Gebietsstand 15.05.2022);STAG;Stichtag;2022-05-15;GEOLK4;Landkreise u. krsfr. Städte (Stand 15.05.22);05562;Recklinghausen;WHGRM2;Räume;RAUM03;3 Räume;5,84;€/m²;WHG012;Durchschnittliche Nettokaltmiete;e
4000W;Wohnungen (Gebietsstand 15.05.2022);STAG;Stichtag;2022-05-15;GEOLK4;Landkreise u. krsfr. Städte (Stand 15.05.22);09273;Kelheim;WHGRM2;Räume;RAUM04;4 Räume;6,66;€/m²;WHG012;Durchschnittliche Nettokaltmiete;e
4000W;Wohnungen (Gebietsstand 15.05.2022);STAG;Stichtag;2022-05-15;GEOLK4;Landkreise u. krsfr. Städte (Stand 15.05.22);12066;Oberspreewald-Lausitz;WHGRM2;Räume;RAUM01;1 Raum;5,12;€/m²;WHG012;Durchschnittliche Nettokaltmiete;e
4000W;Wohnungen (Gebietsstand 15.05.2022);STAG;Stichtag;2022-05-15;GEOLK4;Landkreise u. krsfr. Städte (Stand 15.05.22);16074;Saale-Holzland-Kreis;WHGRM2;Räume;RAUM01;1 Raum;6,20;€/m²;WHG012;Durchschnittliche Nettokaltmiete;e
4000W;Wohnungen (Gebietsstand 15.05.2022);STAG;Stichtag;2022-05-15;GEOLK4;Landkreise u. krsfr. Städte (Stand 15.05.22);09186;Pfaffenhofen a.d.Ilm;WHGRM2;Räume;RAUM04;4 Räume;7,65;€/m²;WHG012;Durchschnittliche Nettokaltmiete;e
4000W;Wohnungen (Gebietsstand 15.05.2022);STAG;Stichtag;2022-05-15;GEOLK4;Landkreise u. krsfr. Städte (Stand 15.05.22);06434;Hochtaunuskreis;WHGRM2;Räume;RAUM01;1 Raum;12,04;€/m²;WHG012;Durchschnittliche Nettokaltmiete;e
4000W;Wohnungen (Gebietsstand 15.05.2022);STAG;Stichtag;2022-05-15;GEOLK4;Landkreise u. krsfr. Städte (Stand 15.05.22);05566;Steinfurt;WHGRM2;Räume;RAUM02;2 Räume;6,82;€/m²;WHG012;Durchschnittliche Nettokaltmiete;e
4000W;Wohnungen (Gebietsstand 15.05.2022);STAG;Stichtag;2022-05-15;GEOLK4;Landkreise u. krsfr. Städte (Stand 15.05.22);06534;Marburg-Biedenkopf;WHGRM2;Räume;RAUM01;1 Raum;11,92;€/m²;WHG012;Durchschnittliche Nettokaltmiete;e
4000W;Wohnungen (Gebietsstand 15.05.2022);STAG;Stichtag;2022-05-15;GEOLK4;Landkreise u. krsfr. Städte (Stand 15.05.22);03351;Celle;WHGRM2;Räume;RAUM03;3 Räume;6,21;€/m²;WHG012;Durchschnittliche Nettokaltmiete;e
4000W;Wohnungen (Gebietsstand 15.05.2022);STAG;Stichtag;2022-05-15;GEOLK4;Landkreise u. krsfr. Städte (Stand 15.05.22);12066;Oberspreewald-Lausitz;WHGRM2;Räume;;Insgesamt;5,02;€/m²;WHG012;Durchschnittliche Nettokaltmiete;e
4000W;Wohnungen (Gebietsstand 15.05.2022);STAG;Stichtag;2022-05-15;GEOLK4;Landkreise u. krsfr. Städte (Stand 15.05.22);03404;Osnabrück, Stadt;WHGRM2;Räume;RAUM02;2 Räume;8,18;€/m²;WHG012;Durchschnittliche Nettokaltmiete;e
4000W;Wohnungen (Gebietsstand 15.05.2022);STAG;Stichtag;2022-05-15;GEOLK4;Landkreise u. krsfr. Städte (Stand 15.05.22);15002;Halle (Saale), Stadt;WHGRM2;Räume;RAUM06;6 Räume;5,66;€/m²;WHG012;Durchschnittliche Nettokaltmiete;e
4000W;Wohnungen (Gebietsstand 15.05.2022);STAG;Stichtag;2022-05-15;GEOLK4;Landkreise u. krsfr. Städte (Stand 15.05.22);01057;Plön;WHGRM2;Räume;RAUM03;3 Räume;6,98;€/m²;WHG012;Durchschnittliche Nettokaltmiete;e
4000W;Wohnungen (Gebietsstand 15.05.2022);STAG;Stichtag;2022-05-15;GEOLK4;Landkreise u. krsfr. Städte (Stand 15.05.22);16065;Kyffhäuserkreis;WHGRM2;Räume;;Insgesamt;4,95;€/m²;WHG012;Durchschnittliche Nettokaltmiete;e
4000W;Wohnungen (Gebietsstand 15.05.2022);STAG;Stichtag;2022-05-15;GEOLK4;Landkreise u. krsfr. Städte (Stand 15.05.22);09190;Weilheim-Schongau;WHGRM2;Räume;RAUM05;5 Räume;7,56;€/m²;WHG012;Durchschnittliche Nettokaltmiete;e
4000W;Wohnungen (Gebietsstand 15.05.2022);STAG;Stichtag;2022-05-15;GEOLK4;Landkreise u. krsfr. Städte (Stand 15.05.22);08337;Waldshut;WHGRM2;Räume;RAUM05;5 Räume;6,37;€/m²;WHG012;Durchschnittliche Nettokaltmiete;e
4000W;Wohnungen (Gebietsstand 15.05.2022);STAG;Stichtag;2022-05-15;GEOLK4;Landkreise u. krsfr. Städte (Stand 15.05.22);09175;Ebersberg;WHGRM2;Räume;RAUM07UM;7 und mehr Räume;9,64;€/m²;WHG012;Durchschnittliche Nettokaltmiete;e
4000W;Wohnungen (Gebietsstand 15.05.2022);STAG;Stichtag;2022-05-15;GEOLK4;Landkreise u. krsfr. Städte (Stand 15.05.22);05978;Unna;WHGRM2;Räume;RAUM07UM;7 und mehr Räume;5,57;€/m²;WHG012;Durchschnittliche Nettokaltmiete;e
4000W;Wohnungen (Gebietsstand 15.05.2022);STAG;Stichtag;2022-05-15;GEOLK4;Landkreise u. krsfr. Städte (Stand 15.05.22);16072;Sonneberg;WHGRM2;Räume;RAUM02;2 Räume;5,72;€/m²;WHG012;Durchschnittliche Nettokaltmiete;e
4000W;Wohnungen (Gebietsstand 15.05.2022);STAG;Stichtag;2022-05-15;GEOLK4;Landkreise u. krsfr. Städte (Stand 15.05.22);05112;Duisburg, Stadt;WHGRM2;Räume;RAUM03;3 Räume;5,82;€/m²;WHG012;Durchschnittliche Nettokaltmiete;e
4000W;Wohnungen (Gebietsstand 15.05.2022);STAG;Stichtag;2022-05-15;GEOLK4;Landkreise u. krsfr. Städte (Stand 15.05.22);05774;Paderborn;WHGRM2;Räume;RAUM02;2 Räume;7,14;€/m²;WHG012;Durchschnittliche Nettokaltmiete;e
4000W;Wohnungen (Gebietsstand 15.05.2022);STAG;Stichtag;2022-05-15;GEOLK4;Landkreise u. krsfr. Städte (Stand 15.05.22);08216;Rastatt;WHGRM2;Räume;RAUM05;5 Räume;6,35;€/m²;WHG012;Durchschnittliche Nettokaltmiete;e
4000W;Wohnungen (Gebietsstand 15.05.2022);STAG;Stichtag;2022-05-15;GEOLK4;Landkreise u. krsfr. Städte (Stand 15.05.22);06440;Wetteraukreis;WHGRM2;Räume;RAUM05;5 Räume;6,86;€/m²;WHG012;Durchschnittliche Nettokaltmiete;e
4000W;Wohnungen (Gebietsstand 15.05.2022);STAG;Stichtag;2022-05-15;GEOLK4;Landkreise u. krsfr. Städte (Stand 15.05.22);05314;Bonn, Stadt;WHGRM2;Räume;;Insgesamt;9,09;€/m²;WHG012;Durchschnittliche Nettokaltmiete;e
4000W;Wohnungen (Gebietsstand 15.05.2022);STAG;Stichtag;2022-05-15;GEOLK4;Landkreise u. krsfr. Städte (Stand 15.05.22);08121;Heilbronn, Stadtkreis;WHGRM2;Räume;RAUM02;2 Räume;8,91;€/m²;WHG012;Durchschnittliche Nettokaltmiete;e
4000W;Wohnungen (Gebietsstand 15.05.2022);STAG;Stichtag;2022-05-15;GEOLK4;Landkreise u. krsfr. Städte (Stand 15.05.22);15083;Börde;WHGRM2;Räume;RAUM03;3 Räume;5,28;€/m²;WHG012;Durchschnittliche Nettokaltmiete;e
4000W;Wohnungen (Gebietsstand 15.05.2022);STAG;Stichtag;2022-05-15;GEOLK4;Landkreise u. krsfr. Städte (Stand 15.05.22);06634;Schwalm-Eder-Kreis;WHGRM2;Räume;RAUM07UM;7 und mehr Räume;4,13;€/m²;WHG012;Durchschnittliche Nettokaltmiete;e
4000W;Wohnungen (Gebietsstand 15.05.2022);STAG;Stichtag;2022-05-15;GEOLK4;Landkreise u. krsfr. Städte (Stand 15.05.22);01055;Ostholstein;WHGRM2;Räume;RAUM03;3 Räume;7,41;€/m²;WHG012;Durchschnittliche Nettokaltmiete;e
4000W;Wohnungen (Gebietsstand 15.05.2022);STAG;Stichtag;2022-05-15;GEOLK4;Landkreise u. krsfr. Städte (Stand 15.05.22);03457;Leer;WHGRM2;Räume;RAUM02;2 Räume;7,56;€/m²;WHG012;Durchschnittliche Nettokaltmiete;e
4000W;Wohnungen (Gebietsstand 15.05.2022);STAG;Stichtag;2022-05-15;GEOLK4;Landkreise u. krsfr. Städte (Stand 15.05.22);03459;Osnabrück;WHGRM2;Räume;;Insgesamt;5,71;€/m²;WHG012;Durchschnittliche Nettokaltmiete;e
4000W;Wohnungen (Gebietsstand 15.05.2022);STAG;Stichtag;2022-05-15;GEOLK4;Landkreise u. krsfr. Städte (Stand 15.05.22);09362;Regensburg, Kreisfreie Stadt;WHGRM2;Räume;RAUM04;4 Räume;8,14;€/m²;WHG012;Durchschnittliche Nettokaltmiete;e
4000W;Wohnungen (Gebietsstand 15.05.2022);STAG;Stichtag;2022-05-15;GEOLK4;Landkreise u. krsfr. Städte (Stand 15.05.22);09275;Passau, Landkreis;WHGRM2;Räume;RAUM04;4 Räume;5,41;€/m²;WHG012;Durchschnittliche Nettokaltmiete;e
4000W;Wohnungen (Gebietsstand 15.05.2022);STAG;Stichtag;2022-05-15;GEOLK4;Landkreise u. krsfr. Städte (Stand 15.05.22);07135;Cochem-Zell;WHGRM2;Räume;;Insgesamt;5,11;€/m²;WHG012;Durchschnittliche Nettokaltmiete;e
4000W;Wohnungen (Gebietsstand 15.05.2022);STAG;Stichtag;2022-05-15;GEOLK4;Landkreise u. krsfr. Städte (Stand 15.05.22);05120;Remscheid, Stadt;WHGRM2;Räume;RAUM07UM;7 und mehr Räume;5,61;€/m²;WHG012;Durchschnittliche Nettokaltmiete;e
4000W;Wohnungen (Gebietsstand 15.05.2022);STAG;Stichtag;2022-05-15;GEOLK4;Landkreise u. krsfr. Städte (Stand 15.05.22);05954;Ennepe-Ruhr-Kreis;WHGRM2;Räume;RAUM01;1 Raum;7,10;€/m²;WHG012;Durchschnittliche Nettokaltmiete;e
4000W;Wohnungen (Gebietsstand 15.05.2022);STAG;Stichtag;2022-05-15;GEOLK4;Landkreise u. krsfr. Städte (Stand 15.05.22);16064;Unstrut-Hainich-Kreis;WHGRM2;Räume;RAUM02;2 Räume;5,36;€/m²;WHG012;Durchschnittliche Nettokaltmiete;e
4000W;Wohnungen (Gebietsstand 15.05.2022);STAG;Stichtag;2022-05-15;GEOLK4;Landkreise u. krsfr. Städte (Stand 15.05.22);01004;Neumünster, Stadt;WHGRM2;Räume;RAUM03;3 Räume;6,22;€/m²;WHG012;Durchschnittliche Nettokaltmiete;e
4000W;Wohnungen (Gebietsstand 15.05.2022);STAG;Stichtag;2022-05-15;GEOLK4;Landkreise u. krsfr. Städte (Stand 15.05.22);14523;Vogtlandkreis;WHGRM2;Räume;RAUM03;3 Räume;4,54;€/m²;WHG012;Durchschnittliche Nettokaltmiete;e
4000W;Wohnungen (Gebietsstand 15.05.2022);STAG;Stichtag;2022-05-15;GEOLK4;Landkreise u. krsfr. Städte (Stand 15.05.22);07331;Alzey-Worms;WHGRM2;Räume;RAUM03;3 Räume;6,74;€/m²;WHG012;Durchschnittliche Nettokaltmiete;e
4000W;Wohnungen (Gebietsstand 15.05.2022);STAG;Stichtag;2022-05-15;GEOLK4;Landkreise u. krsfr. Städte (Stand 15.05.22);09185;Neuburg-Schrobenhausen;WHGRM2;Räume;RAUM02;2 Räume;8,71;€/m²;WHG012;Durchschnittliche Nettokaltmiete;e
4000W;Wohnungen (Gebietsstand 15.05.2022);STAG;Stichtag;2022-05-15;GEOLK4;Landkreise u. krsfr. Städte (Stand 15.05.22);09272;Freyung-Grafenau;WHGRM2;Räume;RAUM03;3 Räume;5,22;€/m²;WHG012;Durchschnittliche Nettokaltmiete;e
4000W;Wohnungen (Gebietsstand 15.05.2022);STAG;Stichtag;2022-05-15;GEOLK4;Landkreise u. krsfr. Städte (Stand 15.05.22);05370;Heinsberg;WHGRM2;Räume;RAUM07UM;7 und mehr Räume;5,54;€/m²;WHG012;Durchschnittliche Nettokaltmiete;e
4000W;Wohnungen (Gebietsstand 15.05.2022);STAG;Stichtag;2022-05-15;GEOLK4;Landkreise u. krsfr. Städte (Stand 15.05.22);09363;Weiden i.d.OPf.;WHGRM2;Räume;RAUM02;2 Räume;6,89;€/m²;WHG012;Durchschnittliche Nettokaltmiete;e
4000W;Wohnungen (Gebietsstand 15.05.2022);STAG;Stichtag;2022-05-15;GEOLK4;Landkreise u. krsfr. Städte (Stand 15.05.22);15087;Mansfeld-Südharz;WHGRM2;Räume;RAUM02;2 Räume;5,56;€/m²;WHG012;Durchschnittliche Nettokaltmiete;e
4000W;Wohnungen (Gebietsstand 15.05.2022);STAG;Stichtag;2022-05-15;GEOLK4;Landkreise u. krsfr. Städte (Stand 15.05.22);09276;Regen;WHGRM2;Räume;RAUM01;1 Raum;7,46;€/m²;WHG012;Durchschnittliche Nettokaltmiete;e
4000W;Wohnungen (Gebietsstand 15.05.2022);STAG;Stichtag;2022-05-15;GEOLK4;Landkreise u. krsfr. Städte (Stand 15.05.22);07335;Kaiserslautern;WHGRM2;Räume;RAUM01;1 Raum;7,83;€/m²;WHG012;Durchschnittliche Nettokaltmiete;e
4000W;Wohnungen (Gebietsstand 15.05.2022);STAG;Stichtag;2022-05-15;GEOLK4;Landkreise u. krsfr. Städte (Stand 15.05.22);05970;Siegen-Wittgenstein;WHGRM2;Räume;RAUM03;3 Räume;6,27;€/m²;WHG012;Durchschnittliche Nettokaltmiete;e
4000W;Wohnungen (Gebietsstand 15.05.2022);STAG;Stichtag;2022-05-15;GEOLK4;Landkreise u. krsfr. Städte (Stand 15.05.22);09474;Forchheim;WHGRM2;Räume;RAUM02;2 Räume;7,21;€/m²;WHG012;Durchschnittliche Nettokaltmiete;e
4000W;Wohnungen (Gebietsstand 15.05.2022);STAG;Stichtag;2022-05-15;GEOLK4;Landkreise u. krsfr. Städte (Stand 15.05.22);09672;Bad Kissingen;WHGRM2;Räume;;Insgesamt;5,36;€/m²;WHG012;Durchschnittliche Nettokaltmiete;e
4000W;Wohnungen (Gebietsstand 15.05.2022);STAG;Stichtag;2022-05-15;GEOLK4;Landkreise u. krsfr. Städte (Stand 15.05.22);09262;Passau, Kreisfreie Stadt;WHGRM2;Räume;RAUM03;3 Räume;7,11;€/m²;WHG012;Durchschnittliche Nettokaltmiete;e
4000W;Wohnungen (Gebietsstand 15.05.2022);STAG;Stichtag;2022-05-15;GEOLK4;Landkreise u. krsfr. Städte (Stand 15.05.22);06439;Rheingau-Taunus-Kreis;WHGRM2;Räume;RAUM01;1 Raum;10,43;€/m²;WHG012;Durchschnittliche Nettokaltmiete;e
4000W;Wohnungen (Gebietsstand 15.05.2022);STAG;Stichtag;2022-05-15;GEOLK4;Landkreise u. krsfr. Städte (Stand 15.05.22);12069;Potsdam-Mittelmark;WHGRM2;Räume;;Insgesamt;6,94;€/m²;WHG012;Durchschnittliche Nettokaltmiete;e
4000W;Wohnungen (Gebietsstand 15.05.2022);STAG;Stichtag;2022-05-15;GEOLK4;Landkreise u. krsfr. Städte (Stand 15.05.22);09181;Landsberg am Lech;WHGRM2;Räume;RAUM04;4 Räume;8,10;€/m²;WHG012;Durchschnittliche Nettokaltmiete;e
4000W;Wohnungen (Gebietsstand 15.05.2022);STAG;Stichtag;2022-05-15;GEOLK4;Landkreise u. krsfr. Städte (Stand 15.05.22);09677;Main-Spessart;WHGRM2;Räume;RAUM05;5 Räume;5,10;€/m²;WHG012;Durchschnittliche Nettokaltmiete;e
4000W;Wohnungen (Gebietsstand 15.05.2022);STAG;Stichtag;2022-05-15;GEOLK4;Landkreise u. krsfr. Städte (Stand 15.05.22);09172;Berchtesgadener Land;WHGRM2;Räume;RAUM06;6 Räume;6,96;€/m²;WHG012;Durchschnittliche Nettokaltmiete;e
4000W;Wohnungen (Gebietsstand 15.05.2022);STAG;Stichtag;2022-05-15;GEOLK4;Landkreise u. krsfr. Städte (Stand 15.05.22);09263;Straubing;WHGRM2;Räume;RAUM05;5 Räume;6,09;€/m²;WHG012;Durchschnittliche Nettokaltmiete;e
4000W;Wohnungen (Gebietsstand 15.05.2022);STAG;Stichtag;2022-05-15;GEOLK4;Landkreise u. krsfr. Städte (Stand 15.05.22);07211;Trier, kreisfreie Stadt;WHGRM2;Räume;RAUM05;5 Räume;6,77;€/m²;WHG012;Durchschnittliche Nettokaltmiete;e
4000W;Wohnungen (Gebietsstand 15.05.2022);STAG;Stichtag;2022-05-15;GEOLK4;Landkreise u. krsfr. Städte (Stand 15.05.22);03157;Peine;WHGRM2;Räume;RAUM02;2 Räume;6,83;€/m²;WHG012;Durchschnittliche Nettokaltmiete;e
4000W;Wohnungen (Gebietsstand 15.05.2022);STAG;Stichtag;2022-05-15;GEOLK4;Landkreise u. krsfr. Städte (Stand 15.05.22);14730;Nordsachsen;WHGRM2;Räume;RAUM02;2 Räume;5,84;€/m²;WHG012;Durchschnittliche Nettokaltmiete;e
4000W;Wohnungen (Gebietsstand 15.05.2022);STAG;Stichtag;2022-05-15;GEOLK4;Landkreise u. krsfr. Städte (Stand 15.05.22);16055;Weimar, Stadt;WHGRM2;Räume;;Insgesamt;6,52;€/m²;WHG012;Durchschnittliche Nettokaltmiete;e
4000W;Wohnungen (Gebietsstand 15.05.2022);STAG;Stichtag;2022-05-15;GEOLK4;Landkreise u. krsfr. Städte (Stand 15.05.22);05911;Bochum, Stadt;WHGRM2;Räume;RAUM04;4 Räume;6,04;€/m²;WHG012;Durchschnittliche Nettokaltmiete;e
4000W;Wohnungen (Gebietsstand 15.05.2022);STAG;Stichtag;2022-05-15;GEOLK4;Landkreise u. krsfr. Städte (Stand 15.05.22);12064;Märkisch-Oderland;WHGRM2;Räume;RAUM05;5 Räume;5,70;€/m²;WHG012;Durchschnittliche Nettokaltmiete;e
4000W;Wohnungen (Gebietsstand 15.05.2022);STAG;Stichtag;2022-05-15;GEOLK4;Landkreise u. krsfr. Städte (Stand 15.05.22);09676;Miltenberg;WHGRM2;Räume;;Insgesamt;6,19;€/m²;WHG012;Durchschnittliche Nettokaltmiete;e
4000W;Wohnungen (Gebietsstand 15.05.2022);STAG;Stichtag;2022-05-15;GEOLK4;Landkreise u. krsfr. Städte (Stand 15.05.22);12070;Prignitz;WHGRM2;Räume;RAUM05;5 Räume;4,52;€/m²;WHG012;Durchschnittliche Nettokaltmiete;e
4000W;Wohnungen (Gebietsstand 15.05.2022);STAG;Stichtag;2022-05-15;GEOLK4;Landkreise u. krsfr. Städte (Stand 15.05.22);14627;Meißen;WHGRM2;Räume;RAUM07UM;7 und mehr Räume;5,39;€/m²;WHG012;Durchschnittliche Nettokaltmiete;e
4000W;Wohnungen (Gebietsstand 15.05.2022);STAG;Stichtag;2022-05-15;GEOLK4;Landkreise u. krsfr. Städte (Stand 15.05.22);09677;Main-Spessart;WHGRM2;Räume;;Insgesamt;5,58;€/m²;WHG012;Durchschnittliche Nettokaltmiete;e
4000W;Wohnungen (Gebietsstand 15.05.2022);STAG;Stichtag;2022-05-15;GEOLK4;Landkreise u. krsfr. Städte (Stand 15.05.22);09273;Kelheim;WHGRM2;Räume;RAUM05;5 Räume;6,24;€/m²;WHG012;Durchschnittliche Nettokaltmiete;e
4000W;Wohnungen (Gebietsstand 15.05.2022);STAG;Stichtag;2022-05-15;GEOLK4;Landkreise u. krsfr. Städte (Stand 15.05.22);09174;Dachau;WHGRM2;Räume;RAUM07UM;7 und mehr Räume;8,97;€/m²;WHG012;Durchschnittliche Nettokaltmiete;e
4000W;Wohnungen (Gebietsstand 15.05.2022);STAG;Stichtag;2022-05-15;GEOLK4;Landkreise u. krsfr. Städte (Stand 15.05.22);03461;Wesermarsch;WHGRM2;Räume;RAUM02;2 Räume;6,16;€/m²;WHG012;Durchschnittliche Nettokaltmiete;e
4000W;Wohnungen (Gebietsstand 15.05.2022);STAG;Stichtag;2022-05-15;GEOLK4;Landkreise u. krsfr. Städte (Stand 15.05.22);08221;Heidelberg, Stadtkreis;WHGRM2;Räume;RAUM02;2 Räume;10,34;€/m²;WHG012;Durchschnittliche Nettokaltmiete;e
4000W;Wohnungen (Gebietsstand 15.05.2022);STAG;Stichtag;2022-05-15;GEOLK4;Landkreise u. krsfr. Städte (Stand 15.05.22);06431;Bergstraße;WHGRM2;Räume;RAUM03;3 Räume;7,27;€/m²;WHG012;Durchschnittliche Nettokaltmiete;e
4000W;Wohnungen (Gebietsstand 15.05.2022);STAG;Stichtag;2022-05-15;GEOLK4;Landkreise u. krsfr. Städte (Stand 15.05.22);03351;Celle;WHGRM2;Räume;RAUM04;4 Räume;5,79;€/m²;WHG012;Durchschnittliche Nettokaltmiete;e
4000W;Wohnungen (Gebietsstand 15.05.2022);STAG;Stichtag;2022-05-15;GEOLK4;Landkreise u. krsfr. Städte (Stand 15.05.22);03360;Uelzen;WHGRM2;Räume;RAUM04;4 Räume;5,44;€/m²;WHG012;Durchschnittliche Nettokaltmiete;e
4000W;Wohnungen (Gebietsstand 15.05.2022);STAG;Stichtag;2022-05-15;GEOLK4;Landkreise u. krsfr. Städte (Stand 15.05.22);09762;Kaufbeuren;WHGRM2;Räume;RAUM01;1 Raum;8,13;€/m²;WHG012;Durchschnittliche Nettokaltmiete;e
4000W;Wohnungen (Gebietsstand 15.05.2022);STAG;Stichtag;2022-05-15;GEOLK4;Landkreise u. krsfr. Städte (Stand 15.05.22);05111;Düsseldorf, Stadt;WHGRM2;Räume;RAUM01;1 Raum;11,34;€/m²;WHG012;Durchschnittliche Nettokaltmiete;e
4000W;Wohnungen (Gebietsstand 15.05.2022);STAG;Stichtag;2022-05-15;GEOLK4;Landkreise u. krsfr. Städte (Stand 15.05.22);07133;Bad Kreuznach;WHGRM2;Räume;RAUM02;2 Räume;6,88;€/m²;WHG012;Durchschnittliche Nettokaltmiete;e
4000W;Wohnungen (Gebietsstand 15.05.2022);STAG;Stichtag;2022-05-15;GEOLK4;Landkreise u. krsfr. Städte (Stand 15.05.22);05513;Gelsenkirchen, Stadt;WHGRM2;Räume;;Insgesamt;5,47;€/m²;WHG012;Durchschnittliche Nettokaltmiete;e
4000W;Wohnungen (Gebietsstand 15.05.2022);STAG;Stichtag;2022-05-15;GEOLK4;Landkreise u. krsfr. Städte (Stand 15.05.22);07143;Westerwaldkreis;WHGRM2;Räume;RAUM04;4 Räume;5,51;€/m²;WHG012;Durchschnittliche Nettokaltmiete;e
4000W;Wohnungen (Gebietsstand 15.05.2022);STAG;Stichtag;2022-05-15;GEOLK4;Landkreise u. krsfr. Städte (Stand 15.05.22);09473;Coburg, Landkreis;WHGRM2;Räume;RAUM01;1 Raum;7,20;€/m²;WHG012;Durchschnittliche Nettokaltmiete;e
4000W;Wohnungen (Gebietsstand 15.05.2022);STAG;Stichtag;2022-05-15;GEOLK4;Landkreise u. krsfr. Städte (Stand 15.05.22);09777;Ostallgäu;WHGRM2;Räume;RAUM04;4 Räume;6,66;€/m²;WHG012;Durchschnittliche Nettokaltmiete;e
4000W;Wohnungen (Gebietsstand 15.05.2022);STAG;Stichtag;2022-05-15;GEOLK4;Landkreise u. krsfr. Städte (Stand 15.05.22);10045;Saarpfalz-Kreis;WHGRM2;Räume;RAUM02;2 Räume;7,21;€/m²;WHG012;Durchschnittliche Nettokaltmiete;e
4000W;Wohnungen (Gebietsstand 15.05.2022);STAG;Stichtag;2022-05-15;GEOLK4;Landkreise u. krsfr. Städte (Stand 15.05.22);08136;Ostalbkreis;WHGRM2;Räume;RAUM06;6 Räume;5,97;€/m²;WHG012;Durchschnittliche Nettokaltmiete;e
4000W;Wohnungen (Gebietsstand 15.05.2022);STAG;Stichtag;2022-05-15;GEOLK4;Landkreise u. krsfr. Städte (Stand 15.05.22);03402;Emden, Stadt;WHGRM2;Räume;RAUM06;6 Räume;5,47;€/m²;WHG012;Durchschnittliche Nettokaltmiete;e
4000W;Wohnungen (Gebietsstand 15.05.2022);STAG;Stichtag;2022-05-15;GEOLK4;Landkreise u. krsfr. Städte (Stand 15.05.22);09179;Fürstenfeldbruck;WHGRM2;Räume;RAUM02;2 Räume;11,42;€/m²;WHG012;Durchschnittliche Nettokaltmiete;e
4000W;Wohnungen (Gebietsstand 15.05.2022);STAG;Stichtag;2022-05-15;GEOLK4;Landkreise u. krsfr. Städte (Stand 15.05.22);05766;Lippe;WHGRM2;Räume;RAUM02;2 Räume;6,41;€/m²;WHG012;Durchschnittliche Nettokaltmiete;e
4000W;Wohnungen (Gebietsstand 15.05.2022);STAG;Stichtag;2022-05-15;GEOLK4;Landkreise u. krsfr. Städte (Stand 15.05.22);03455;Friesland;WHGRM2;Räume;;Insgesamt;5,90;€/m²;WHG012;Durchschnittliche Nettokaltmiete;e
4000W;Wohnungen (Gebietsstand 15.05.2022);STAG;Stichtag;2022-05-15;GEOLK4;Landkreise u. krsfr. Städte (Stand 15.05.22);09189;Traunstein;WHGRM2;Räume;RAUM02;2 Räume;7,90;€/m²;WHG012;Durchschnittliche Nettokaltmiete;e
4000W;Wohnungen (Gebietsstand 15.05.2022);STAG;Stichtag;2022-05-15;GEOLK4;Landkreise u. krsfr. Städte (Stand 15.05.22);05512;Bottrop, Stadt;WHGRM2;Räume;RAUM05;5 Räume;5,86;€/m²;WHG012;Durchschnittliche Nettokaltmiete;e
4000W;Wohnungen (Gebietsstand 15.05.2022);STAG;Stichtag;2022-05-15;GEOLK4;Landkreise u. krsfr. Städte (Stand 15.05.22);09162;München, Landeshauptstadt;WHGRM2;Räume;RAUM04;4 Räume;11,70;€/m²;WHG012;Durchschnittliche Nettokaltmiete;e
4000W;Wohnungen (Gebietsstand 15.05.2022);STAG;Stichtag;2022-05-15;GEOLK4;Landkreise u. krsfr. Städte (Stand 15.05.22);08111;Stuttgart, Stadtkreis;WHGRM2;Räume;RAUM03;3 Räume;10,04;€/m²;WHG012;Durchschnittliche Nettokaltmiete;e
4000W;Wohnungen (Gebietsstand 15.05.2022);STAG;Stichtag;2022-05-15;GEOLK4;Landkreise u. krsfr. Städte (Stand 15.05.22);13071;Mecklenburgische Seenplatte;WHGRM2;Räume;RAUM03;3 Räume;5,44;€/m²;WHG012;Durchschnittliche Nettokaltmiete;e
4000W;Wohnungen (Gebietsstand 15.05.2022);STAG;Stichtag;2022-05-15;GEOLK4;Landkreise u. krsfr. Städte (Stand 15.05.22);03257;Schaumburg;WHGRM2;Räume;RAUM01;1 Raum;9,00;€/m²;WHG012;Durchschnittliche Nettokaltmiete;e
4000W;Wohnungen (Gebietsstand 15.05.2022);STAG;Stichtag;2022-05-15;GEOLK4;Landkreise u. krsfr. Städte (Stand 15.05.22);06432;Darmstadt-Dieburg;WHGRM2;Räume;RAUM05;5 Räume;7,29;€/m²;WHG012;Durchschnittliche Nettokaltmiete;e
4000W;Wohnungen (Gebietsstand 15.05.2022);STAG;Stichtag;2022-05-15;GEOLK4;Landkreise u. krsfr. Städte (Stand 15.05.22);05374;Oberbergischer Kreis;WHGRM2;Räume;RAUM06;6 Räume;5,26;€/m²;WHG012;Durchschnittliche Nettokaltmiete;e
4000W;Wohnungen (Gebietsstand 15.05.2022);STAG;Stichtag;2022-05-15;GEOLK4;Landkreise u. krsfr. Städte (Stand 15.05.22);08315;Breisgau-Hochschwarzwald;WHGRM2;Räume;;Insgesamt;8,01;€/m²;WHG012;Durchschnittliche Nettokaltmiete;e
4000W;Wohnungen (Gebietsstand 15.05.2022);STAG;Stichtag;2022-05-15;GEOLK4;Landkreise u. krsfr. Städte (Stand 15.05.22);03403;Oldenburg (Oldenburg), Stadt;WHGRM2;Räume;RAUM05;5 Räume;6,98;€/m²;WHG012;Durchschnittliche Nettokaltmiete;e
4000W;Wohnungen (Gebietsstand 15.05.2022);STAG;Stichtag;2022-05-15;GEOLK4;Landkreise u. krsfr. Städte (Stand 15.05.22);07337;Südliche Weinstraße;WHGRM2;Räume;RAUM06;6 Räume;5,95;€/m²;WHG012;Durchschnittliche Nettokaltmiete;e
4000W;Wohnungen (Gebietsstand 15.05.2022);STAG;Stichtag;2022-05-15;GEOLK4;Landkreise u. krsfr. Städte (Stand 15.05.22);06532;Lahn-Dill-Kreis;WHGRM2;Räume;RAUM02;2 Räume;7,04;€/m²;WHG012;Durchschnittliche Nettokaltmiete;e
4000W;Wohnungen (Gebietsstand 15.05.2022);STAG;Stichtag;2022-05-15;GEOLK4;Landkreise u. krsfr. Städte (Stand 15.05.22);07312;Kaiserslautern, kreisfreie Stadt;WHGRM2;Räume;RAUM03;3 Räume;6,11;€/m²;WHG012;Durchschnittliche Nettokaltmiete;e
4000W;Wohnungen (Gebietsstand 15.05.2022);STAG;Stichtag;2022-05-15;GEOLK4;Landkreise u. krsfr. Städte (Stand 15.05.22);03158;Wolfenbüttel;WHGRM2;Räume;RAUM04;4 Räume;5,91;€/m²;WHG012;Durchschnittliche Nettokaltmiete;e
4000W;Wohnungen (Gebietsstand 15.05.2022);STAG;Stichtag;2022-05-15;GEOLK4;Landkreise u. krsfr. Städte (Stand 15.05.22);06432;Darmstadt-Dieburg;WHGRM2;Räume;RAUM07UM;7 und mehr Räume;7,07;€/m²;WHG012;Durchschnittliche Nettokaltmiete;e
4000W;Wohnungen (Gebietsstand 15.05.2022);STAG;Stichtag;2022-05-15;GEOLK4;Landkreise u. krsfr. Städte (Stand 15.05.22);09762;Kaufbeuren;WHGRM2;Räume;;Insgesamt;6,85;€/m²;WHG012;Durchschnittliche Nettokaltmiete;e
4000W;Wohnungen (Gebietsstand 15.05.2022);STAG;Stichtag;2022-05-15;GEOLK4;Landkreise u. krsfr. Städte (Stand 15.05.22);09661;Aschaffenburg, Kreisfreie Stadt;WHGRM2;Räume;RAUM07UM;7 und mehr Räume;7,18;€/m²;WHG012;Durchschnittliche Nettokaltmiete;e
4000W;Wohnungen (Gebietsstand 15.05.2022);STAG;Stichtag;2022-05-15;GEOLK4;Landkreise u. krsfr. Städte (Stand 15.05.22);09661;Aschaffenburg, Kreisfreie Stadt;WHGRM2;Räume;RAUM02;2 Räume;8,12;€/m²;WHG012;Durchschnittliche Nettokaltmiete;e
4000W;Wohnungen (Gebietsstand 15.05.2022);STAG;Stichtag;2022-05-15;GEOLK4;Landkreise u. krsfr. Städte (Stand 15.05.22);15086;Jerichower Land;WHGRM2;Räume;RAUM01;1 Raum;5,82;€/m²;WHG012;Durchschnittliche Nettokaltmiete;e
4000W;Wohnungen (Gebietsstand 15.05.2022);STAG;Stichtag;2022-05-15;GEOLK4;Landkreise u. krsfr. Städte (Stand 15.05.22);09373;Neumarkt i.d.OPf.;WHGRM2;Räume;RAUM04;4 Räume;6,54;€/m²;WHG012;Durchschnittliche Nettokaltmiete;e
4000W;Wohnungen (Gebietsstand 15.05.2022);STAG;Stichtag;2022-05-15;GEOLK4;Landkreise u. krsfr. Städte (Stand 15.05.22);09161;Ingolstadt;WHGRM2;Räume;RAUM05;5 Räume;7,90;€/m²;WHG012;Durchschnittliche Nettokaltmiete;e
4000W;Wohnungen (Gebietsstand 15.05.2022);STAG;Stichtag;2022-05-15;GEOLK4;Landkreise u. krsfr. Städte (Stand 15.05.22);09161;Ingolstadt;WHGRM2;Räume;RAUM07UM;7 und mehr Räume;8,22;€/m²;WHG012;Durchschnittliche Nettokaltmiete;e
4000W;Wohnungen (Gebietsstand 15.05.2022);STAG;Stichtag;2022-05-15;GEOLK4;Landkreise u. krsfr. Städte (Stand 15.05.22);09182;Miesbach;WHGRM2;Räume;RAUM06;6 Räume;9,49;€/m²;WHG012;Durchschnittliche Nettokaltmiete;e
4000W;Wohnungen (Gebietsstand 15.05.2022);STAG;Stichtag;2022-05-15;GEOLK4;Landkreise u. krsfr. Städte (Stand 15.05.22);08128;Main-Tauber-Kreis;WHGRM2;Räume;RAUM07UM;7 und mehr Räume;4,66;€/m²;WHG012;Durchschnittliche Nettokaltmiete;e
4000W;Wohnungen (Gebietsstand 15.05.2022);STAG;Stichtag;2022-05-15;GEOLK4;Landkreise u. krsfr. Städte (Stand 15.05.22);08119;Rems-Murr-Kreis;WHGRM2;Räume;RAUM05;5 Räume;7,42;€/m²;WHG012;Durchschnittliche Nettokaltmiete;e
4000W;Wohnungen (Gebietsstand 15.05.2022);STAG;Stichtag;2022-05-15;GEOLK4;Landkreise u. krsfr. Städte (Stand 15.05.22);03451;Ammerland;WHGRM2;Räume;RAUM03;3 Räume;6,98;€/m²;WHG012;Durchschnittliche Nettokaltmiete;e
4000W;Wohnungen (Gebietsstand 15.05.2022);STAG;Stichtag;2022-05-15;GEOLK4;Landkreise u. krsfr. Städte (Stand 15.05.22);03402;Emden, Stadt;WHGRM2;Räume;RAUM07UM;7 und mehr Räume;5,35;€/m²;WHG012;Durchschnittliche Nettokaltmiete;e
4000W;Wohnungen (Gebietsstand 15.05.2022);STAG;Stichtag;2022-05-15;GEOLK4;Landkreise u. krsfr. Städte (Stand 15.05.22);08435;Bodenseekreis;WHGRM2;Räume;RAUM06;6 Räume;7,55;€/m²;WHG012;Durchschnittliche Nettokaltmiete;e
4000W;Wohnungen (Gebietsstand 15.05.2022);STAG;Stichtag;2022-05-15;GEOLK4;Landkreise u. krsfr. Städte (Stand 15.05.22);03361;Verden;WHGRM2;Räume;RAUM03;3 Räume;6,94;€/m²;WHG012;Durchschnittliche Nettokaltmiete;e
4000W;Wohnungen (Gebietsstand 15.05.2022);STAG;Stichtag;2022-05-15;GEOLK4;Landkreise u. krsfr. Städte (Stand 15.05.22);10042;Merzig-Wadern;WHGRM2;Räume;RAUM02;2 Räume;7,05;€/m²;WHG012;Durchschnittliche Nettokaltmiete;e
4000W;Wohnungen (Gebietsstand 15.05.2022);STAG;Stichtag;2022-05-15;GEOLK4;Landkreise u. krsfr. Städte (Stand 15.05.22);09176;Eichstätt;WHGRM2;Räume;RAUM02;2 Räume;9,07;€/m²;WHG012;Durchschnittliche Nettokaltmiete;e
4000W;Wohnungen (Gebietsstand 15.05.2022);STAG;Stichtag;2022-05-15;GEOLK4;Landkreise u. krsfr. Städte (Stand 15.05.22);08231;Pforzheim, Stadtkreis;WHGRM2;Räume;RAUM01;1 Raum;9,91;€/m²;WHG012;Durchschnittliche Nettokaltmiete;e
4000W;Wohnungen (Gebietsstand 15.05.2022);STAG;Stichtag;2022-05-15;GEOLK4;Landkreise u. krsfr. Städte (Stand 15.05.22);09561;Ansbach, Kreisfreie Stadt;WHGRM2;Räume;RAUM03;3 Räume;6,45;€/m²;WHG012;Durchschnittliche Nettokaltmiete;e
4000W;Wohnungen (Gebietsstand 15.05.2022);STAG;Stichtag;2022-05-15;GEOLK4;Landkreise u. krsfr. Städte (Stand 15.05.22);05120;Remscheid, Stadt;WHGRM2;Räume;RAUM03;3 Räume;5,79;€/m²;WHG012;Durchschnittliche Nettokaltmiete;e
4000W;Wohnungen (Gebietsstand 15.05.2022);STAG;Stichtag;2022-05-15;GEOLK4;Landkreise u. krsfr. Städte (Stand 15.05.22);05170;Wesel;WHGRM2;Räume;RAUM02;2 Räume;6,53;€/m²;WHG012;Durchschnittliche Nettokaltmiete;e
4000W;Wohnungen (Gebietsstand 15.05.2022);STAG;Stichtag;2022-05-15;GEOLK4;Landkreise u. krsfr. Städte (Stand 15.05.22);14524;Zwickau;WHGRM2;Räume;;Insgesamt;5,01;€/m²;WHG012;Durchschnittliche Nettokaltmiete;e
4000W;Wohnungen (Gebietsstand 15.05.2022);STAG;Stichtag;2022-05-15;GEOLK4;Landkreise u. krsfr. Städte (Stand 15.05.22);09575;Neustadt a.d.Aisch-Bad Windsheim;WHGRM2;Räume;RAUM01;1 Raum;7,50;€/m²;WHG012;Durchschnittliche Nettokaltmiete;e
4000W;Wohnungen (Gebietsstand 15.05.2022);STAG;Stichtag;2022-05-15;GEOLK4;Landkreise u. krsfr. Städte (Stand 15.05.22);12063;Havelland;WHGRM2;Räume;RAUM03;3 Räume;6,50;€/m²;WHG012;Durchschnittliche Nettokaltmiete;e
4000W;Wohnungen (Gebietsstand 15.05.2022);STAG;Stichtag;2022-05-15;GEOLK4;Landkreise u. krsfr. Städte (Stand 15.05.22);06632;Hersfeld-Rotenburg;WHGRM2;Räume;RAUM01;1 Raum;7,94;€/m²;WHG012;Durchschnittliche Nettokaltmiete;e
4000W;Wohnungen (Gebietsstand 15.05.2022);STAG;Stichtag;2022-05-15;GEOLK4;Landkreise u. krsfr. Städte (Stand 15.05.22);05111;Düsseldorf, Stadt;WHGRM2;Räume;RAUM07UM;7 und mehr Räume;9,97;€/m²;WHG012;Durchschnittliche Nettokaltmiete;e
4000W;Wohnungen (Gebietsstand 15.05.2022);STAG;Stichtag;2022-05-15;GEOLK4;Landkreise u. krsfr. Städte (Stand 15.05.22);09778;Unterallgäu;WHGRM2;Räume;RAUM06;6 Räume;5,99;€/m²;WHG012;Durchschnittliche Nettokaltmiete;e
4000W;Wohnungen (Gebietsstand 15.05.2022);STAG;Stichtag;2022-05-15;GEOLK4;Landkreise u. krsfr. Städte (Stand 15.05.22);03359;Stade;WHGRM2;Räume;RAUM01;1 Raum;9,42;€/m²;WHG012;Durchschnittliche Nettokaltmiete;e
4000W;Wohnungen (Gebietsstand 15.05.2022);STAG;Stichtag;2022-05-15;GEOLK4;Landkreise u. krsfr. Städte (Stand 15.05.22);05334;Städteregion Aachen;WHGRM2;Räume;RAUM05;5 Räume;6,43;€/m²;WHG012;Durchschnittliche Nettokaltmiete;e
4000W;Wohnungen (Gebietsstand 15.05.2022);STAG;Stichtag;2022-05-15;GEOLK4;Landkreise u. krsfr. Städte (Stand 15.05.22);05766;Lippe;WHGRM2;Räume;;Insgesamt;5,67;€/m²;WHG012;Durchschnittliche Nettokaltmiete;e
4000W;Wohnungen (Gebietsstand 15.05.2022);STAG;Stichtag;2022-05-15;GEOLK4;Landkreise u. krsfr. Städte (Stand 15.05.22);12065;Oberhavel;WHGRM2;Räume;RAUM04;4 Räume;6,09;€/m²;WHG012;Durchschnittliche Nettokaltmiete;e
4000W;Wohnungen (Gebietsstand 15.05.2022);STAG;Stichtag;2022-05-15;GEOLK4;Landkreise u. krsfr. Städte (Stand 15.05.22);03454;Emsland;WHGRM2;Räume;RAUM01;1 Raum;8,99;€/m²;WHG012;Durchschnittliche Nettokaltmiete;e
4000W;Wohnungen (Gebietsstand 15.05.2022);STAG;Stichtag;2022-05-15;GEOLK4;Landkreise u. krsfr. Städte (Stand 15.05.22);03401;Delmenhorst, Stadt;WHGRM2;Räume;RAUM04;4 Räume;6,13;€/m²;WHG012;Durchschnittliche Nettokaltmiete;e
4000W;Wohnungen (Gebietsstand 15.05.2022);STAG;Stichtag;2022-05-15;GEOLK4;Landkreise u. krsfr. Städte (Stand 15.05.22);12067;Oder-Spree;WHGRM2;Räume;RAUM03;3 Räume;6,11;€/m²;WHG012;Durchschnittliche Nettokaltmiete;e
4000W;Wohnungen (Gebietsstand 15.05.2022);STAG;Stichtag;2022-05-15;GEOLK4;Landkreise u. krsfr. Städte (Stand 15.05.22);09163;Rosenheim, Kreisfreie Stadt;WHGRM2;Räume;RAUM06;6 Räume;8,72;€/m²;WHG012;Durchschnittliche Nettokaltmiete;e
4000W;Wohnungen (Gebietsstand 15.05.2022);STAG;Stichtag;2022-05-15;GEOLK4;Landkreise u. krsfr. Städte (Stand 15.05.22);03241;Region Hannover;WHGRM2;Räume;RAUM05;5 Räume;6,80;€/m²;WHG012;Durchschnittliche Nettokaltmiete;e
4000W;Wohnungen (Gebietsstand 15.05.2022);STAG;Stichtag;2022-05-15;GEOLK4;Landkreise u. krsfr. Städte (Stand 15.05.22);03154;Helmstedt;WHGRM2;Räume;RAUM04;4 Räume;5,24;€/m²;WHG012;Durchschnittliche Nettokaltmiete;e
4000W;Wohnungen (Gebietsstand 15.05.2022);STAG;Stichtag;2022-05-15;GEOLK4;Landkreise u. krsfr. Städte (Stand 15.05.22);06533;Limburg-Weilburg;WHGRM2;Räume;RAUM03;3 Räume;6,30;€/m²;WHG012;Durchschnittliche Nettokaltmiete;e
4000W;Wohnungen (Gebietsstand 15.05.2022);STAG;Stichtag;2022-05-15;GEOLK4;Landkreise u. krsfr. Städte (Stand 15.05.22);12069;Potsdam-Mittelmark;WHGRM2;Räume;RAUM02;2 Räume;7,60;€/m²;WHG012;Durchschnittliche Nettokaltmiete;e
4000W;Wohnungen (Gebietsstand 15.05.2022);STAG;Stichtag;2022-05-15;GEOLK4;Landkreise u. krsfr. Städte (Stand 15.05.22);07140;Rhein-Hunsrück-Kreis;WHGRM2;Räume;RAUM03;3 Räume;5,57;€/m²;WHG012;Durchschnittliche Nettokaltmiete;e
4000W;Wohnungen (Gebietsstand 15.05.2022);STAG;Stichtag;2022-05-15;GEOLK4;Landkreise u. krsfr. Städte (Stand 15.05.22);08415;Reutlingen;WHGRM2;Räume;RAUM04;4 Räume;7,20;€/m²;WHG012;Durchschnittliche Nettokaltmiete;e
4000W;Wohnungen (Gebietsstand 15.05.2022);STAG;Stichtag;2022-05-15;GEOLK4;Landkreise u. krsfr. Städte (Stand 15.05.22);09779;Donau-Ries;WHGRM2;Räume;RAUM05;5 Räume;5,76;€/m²;WHG012;Durchschnittliche Nettokaltmiete;e
4000W;Wohnungen (Gebietsstand 15.05.2022);STAG;Stichtag;2022-05-15;GEOLK4;Landkreise u. krsfr. Städte (Stand 15.05.22);06535;Vogelsbergkreis;WHGRM2;Räume;RAUM02;2 Räume;5,92;€/m²;WHG012;Durchschnittliche Nettokaltmiete;e
4000W;Wohnungen (Gebietsstand 15.05.2022);STAG;Stichtag;2022-05-15;GEOLK4;Landkreise u. krsfr. Städte (Stand 15.05.22);01003;Lübeck, Hansestadt;WHGRM2;Räume;RAUM04;4 Räume;7,11;€/m²;WHG012;Durchschnittliche Nettokaltmiete;e
4000W;Wohnungen (Gebietsstand 15.05.2022);STAG;Stichtag;2022-05-15;GEOLK4;Landkreise u. krsfr. Städte (Stand 15.05.22);03352;Cuxhaven;WHGRM2;Räume;RAUM05;5 Räume;5,41;€/m²;WHG012;Durchschnittliche Nettokaltmiete;e
4000W;Wohnungen (Gebietsstand 15.05.2022);STAG;Stichtag;2022-05-15;GEOLK4;Landkreise u. krsfr. Städte (Stand 15.05.22);06412;Frankfurt am Main, Stadt;WHGRM2;Räume;RAUM03;3 Räume;10,03;€/m²;WHG012;Durchschnittliche Nettokaltmiete;e
4000W;Wohnungen (Gebietsstand 15.05.2022);STAG;Stichtag;2022-05-15;GEOLK4;Landkreise u. krsfr. Städte (Stand 15.05.22);08327;Tuttlingen;WHGRM2;Räume;RAUM07UM;7 und mehr Räume;5,78;€/m²;WHG012;Durchschnittliche Nettokaltmiete;e
4000W;Wohnungen (Gebietsstand 15.05.2022);STAG;Stichtag;2022-05-15;GEOLK4;Landkreise u. krsfr. Städte (Stand 15.05.22);05382;Rhein-Sieg-Kreis;WHGRM2;Räume;;Insgesamt;7,25;€/m²;WHG012;Durchschnittliche Nettokaltmiete;e
4000W;Wohnungen (Gebietsstand 15.05.2022);STAG;Stichtag;2022-05-15;GEOLK4;Landkreise u. krsfr. Städte (Stand 15.05.22);05978;Unna;WHGRM2;Räume;RAUM05;5 Räume;5,62;€/m²;WHG012;Durchschnittliche Nettokaltmiete;e
4000W;Wohnungen (Gebietsstand 15.05.2022);STAG;Stichtag;2022-05-15;GEOLK4;Landkreise u. krsfr. Städte (Stand 15.05.22);08222;Mannheim, Stadtkreis;WHGRM2;Räume;RAUM01;1 Raum;12,17;€/m²;WHG012;Durchschnittliche Nettokaltmiete;e
4000W;Wohnungen (Gebietsstand 15.05.2022);STAG;Stichtag;2022-05-15;GEOLK4;Landkreise u. krsfr. Städte (Stand 15.05.22);09471;Bamberg, Landkreis;WHGRM2;Räume;RAUM07UM;7 und mehr Räume;5,47;€/m²;WHG012;Durchschnittliche Nettokaltmiete;e
4000W;Wohnungen (Gebietsstand 15.05.2022);STAG;Stichtag;2022-05-15;GEOLK4;Landkreise u. krsfr. Städte (Stand 15.05.22);09177;Erding;WHGRM2;Räume;RAUM07UM;7 und mehr Räume;8,19;€/m²;WHG012;Durchschnittliche Nettokaltmiete;e
4000W;Wohnungen (Gebietsstand 15.05.2022);STAG;Stichtag;2022-05-15;GEOLK4;Landkreise u. krsfr. Städte (Stand 15.05.22);14524;Zwickau;WHGRM2;Räume;RAUM02;2 Räume;5,15;€/m²;WHG012;Durchschnittliche Nettokaltmiete;e
4000W;Wohnungen (Gebietsstand 15.05.2022);STAG;Stichtag;2022-05-15;GEOLK4;Landkreise u. krsfr. Städte (Stand 15.05.22);03354;Lüchow-Dannenberg;WHGRM2;Räume;RAUM04;4 Räume;4,62;€/m²;WHG012;Durchschnittliche Nettokaltmiete;e
4000W;Wohnungen (Gebietsstand 15.05.2022);STAG;Stichtag;2022-05-15;GEOLK4;Landkreise u. krsfr. Städte (Stand 15.05.22);06414;Wiesbaden, Landeshauptstadt;WHGRM2;Räume;RAUM02;2 Räume;9,94;€/m²;WHG012;Durchschnittliche Nettokaltmiete;e
4000W;Wohnungen (Gebietsstand 15.05.2022);STAG;Stichtag;2022-05-15;GEOLK4;Landkreise u. krsfr. Städte (Stand 15.05.22);06631;Fulda;WHGRM2;Räume;;Insgesamt;6,13;€/m²;WHG012;Durchschnittliche Nettokaltmiete;e
4000W;Wohnungen (Gebietsstand 15.05.2022);STAG;Stichtag;2022-05-15;GEOLK4;Landkreise u. krsfr. Städte (Stand 15.05.22);14729;Leipzig;WHGRM2;Räume;RAUM06;6 Räume;5,48;€/m²;WHG012;Durchschnittliche Nettokaltmiete;e
4000W;Wohnungen (Gebietsstand 15.05.2022);STAG;Stichtag;2022-05-15;GEOLK4;Landkreise u. krsfr. Städte (Stand 15.05.22);07231;Bernkastel-Wittlich;WHGRM2;Räume;RAUM02;2 Räume;6,68;€/m²;WHG012;Durchschnittliche Nettokaltmiete;e
4000W;Wohnungen (Gebietsstand 15.05.2022);STAG;Stichtag;2022-05-15;GEOLK4;Landkreise u. krsfr. Städte (Stand 15.05.22);16065;Kyffhäuserkreis;WHGRM2;Räume;RAUM01;1 Raum;5,41;€/m²;WHG012;Durchschnittliche Nettokaltmiete;e
4000W;Wohnungen (Gebietsstand 15.05.2022);STAG;Stichtag;2022-05-15;GEOLK4;Landkreise u. krsfr. Städte (Stand 15.05.22);06631;Fulda;WHGRM2;Räume;RAUM07UM;7 und mehr Räume;4,95;€/m²;WHG012;Durchschnittliche Nettokaltmiete;e
4000W;Wohnungen (Gebietsstand 15.05.2022);STAG;Stichtag;2022-05-15;GEOLK4;Landkreise u. krsfr. Städte (Stand 15.05.22);07339;Mainz-Bingen;WHGRM2;Räume;RAUM05;5 Räume;7,08;€/m²;WHG012;Durchschnittliche Nettokaltmiete;e
4000W;Wohnungen (Gebietsstand 15.05.2022);STAG;Stichtag;2022-05-15;GEOLK4;Landkreise u. krsfr. Städte (Stand 15.05.22);12068;Ostprignitz-Ruppin;WHGRM2;Räume;RAUM07UM;7 und mehr Räume;5,10;€/m²;WHG012;Durchschnittliche Nettokaltmiete;e
4000W;Wohnungen (Gebietsstand 15.05.2022);STAG;Stichtag;2022-05-15;GEOLK4;Landkreise u. krsfr. Städte (Stand 15.05.22);05554;Borken;WHGRM2;Räume;RAUM03;3 Räume;6,49;€/m²;WHG012;Durchschnittliche Nettokaltmiete;e
4000W;Wohnungen (Gebietsstand 15.05.2022);STAG;Stichtag;2022-05-15;GEOLK4;Landkreise u. krsfr. Städte (Stand 15.05.22);09571;Ansbach, Landkreis;WHGRM2;Räume;RAUM01;1 Raum;9,07;€/m²;WHG012;Durchschnittliche Nettokaltmiete;e
4000W;Wohnungen (Gebietsstand 15.05.2022);STAG;Stichtag;2022-05-15;GEOLK4;Landkreise u. krsfr. Städte (Stand 15.05.22);02000;Hamburg, Freie und Hansestadt;WHGRM2;Räume;RAUM03;3 Räume;9,13;€/m²;WHG012;Durchschnittliche Nettokaltmiete;e
4000W;Wohnungen (Gebietsstand 15.05.2022);STAG;Stichtag;2022-05-15;GEOLK4;Landkreise u. krsfr. Städte (Stand 15.05.22);01001;Flensburg, Stadt;WHGRM2;Räume;RAUM05;5 Räume;6,34;€/m²;WHG012;Durchschnittliche Nettokaltmiete;e
4000W;Wohnungen (Gebietsstand 15.05.2022);STAG;Stichtag;2022-05-15;GEOLK4;Landkreise u. krsfr. Städte (Stand 15.05.22);09374;Neustadt a.d.Waldnaab;WHGRM2;Räume;RAUM03;3 Räume;5,08;€/m²;WHG012;Durchschnittliche Nettokaltmiete;e
4000W;Wohnungen (Gebietsstand 15.05.2022);STAG;Stichtag;2022-05-15;GEOLK4;Landkreise u. krsfr. Städte (Stand 15.05.22);07316;Neustadt an der Weinstraße, kreisfreie Stadt;WHGRM2;Räume;RAUM01;1 Raum;8,25;€/m²;WHG012;Durchschnittliche Nettokaltmiete;e
4000W;Wohnungen (Gebietsstand 15.05.2022);STAG;Stichtag;2022-05-15;GEOLK4;Landkreise u. krsfr. Städte (Stand 15.05.22);03405;Wilhelmshaven, Stadt;WHGRM2;Räume;RAUM04;4 Räume;5,54;€/m²;WHG012;Durchschnittliche Nettokaltmiete;e
4000W;Wohnungen (Gebietsstand 15.05.2022);STAG;Stichtag;2022-05-15;GEOLK4;Landkreise u. krsfr. Städte (Stand 15.05.22);01056;Pinneberg;WHGRM2;Räume;RAUM01;1 Raum;9,81;€/m²;WHG012;Durchschnittliche Nettokaltmiete;e
4000W;Wohnungen (Gebietsstand 15.05.2022);STAG;Stichtag;2022-05-15;GEOLK4;Landkreise u. krsfr. Städte (Stand 15.05.22);06434;Hochtaunuskreis;WHGRM2;Räume;RAUM07UM;7 und mehr Räume;10,39;€/m²;WHG012;Durchschnittliche Nettokaltmiete;e
4000W;Wohnungen (Gebietsstand 15.05.2022);STAG;Stichtag;2022-05-15;GEOLK4;Landkreise u. krsfr. Städte (Stand 15.05.22);15082;Anhalt-Bitterfeld;WHGRM2;Räume;RAUM05;5 Räume;4,93;€/m²;WHG012;Durchschnittliche Nettokaltmiete;e
4000W;Wohnungen (Gebietsstand 15.05.2022);STAG;Stichtag;2022-05-15;GEOLK4;Landkreise u. krsfr. Städte (Stand 15.05.22);09372;Cham;WHGRM2;Räume;RAUM02;2 Räume;6,29;€/m²;WHG012;Durchschnittliche Nettokaltmiete;e
4000W;Wohnungen (Gebietsstand 15.05.2022);STAG;Stichtag;2022-05-15;GEOLK4;Landkreise u. krsfr. Städte (Stand 15.05.22);08336;Lörrach;WHGRM2;Räume;RAUM06;6 Räume;7,68;€/m²;WHG012;Durchschnittliche Nettokaltmiete;e
4000W;Wohnungen (Gebietsstand 15.05.2022);STAG;Stichtag;2022-05-15;GEOLK4;Landkreise u. krsfr. Städte (Stand 15.05.22);08417;Zollernalbkreis;WHGRM2;Räume;RAUM03;3 Räume;6,87;€/m²;WHG012;Durchschnittliche Nettokaltmiete;e
4000W;Wohnungen (Gebietsstand 15.05.2022);STAG;Stichtag;2022-05-15;GEOLK4;Landkreise u. krsfr. Städte (Stand 15.05.22);08317;Ortenaukreis;WHGRM2;Räume;RAUM06;6 Räume;5,98;€/m²;WHG012;Durchschnittliche Nettokaltmiete;e
4000W;Wohnungen (Gebietsstand 15.05.2022);STAG;Stichtag;2022-05-15;GEOLK4;Landkreise u. krsfr. Städte (Stand 15.05.22);04012;Bremerhaven, Stadt;WHGRM2;Räume;RAUM04;4 Räume;5,28;€/m²;WHG012;Durchschnittliche Nettokaltmiete;e
4000W;Wohnungen (Gebietsstand 15.05.2022);STAG;Stichtag;2022-05-15;GEOLK4;Landkreise u. krsfr. Städte (Stand 15.05.22);12066;Oberspreewald-Lausitz;WHGRM2;Räume;RAUM07UM;7 und mehr Räume;4,36;€/m²;WHG012;Durchschnittliche Nettokaltmiete;e
4000W;Wohnungen (Gebietsstand 15.05.2022);STAG;Stichtag;2022-05-15;GEOLK4;Landkreise u. krsfr. Städte (Stand 15.05.22);09771;Aichach-Friedberg;WHGRM2;Räume;RAUM01;1 Raum;9,35;€/m²;WHG012;Durchschnittliche Nettokaltmiete;e
4000W;Wohnungen (Gebietsstand 15.05.2022);STAG;Stichtag;2022-05-15;GEOLK4;Landkreise u. krsfr. Städte (Stand 15.05.22);03452;Aurich;WHGRM2;Räume;RAUM02;2 Räume;8,23;€/m²;WHG012;Durchschnittliche Nettokaltmiete;e
4000W;Wohnungen (Gebietsstand 15.05.2022);STAG;Stichtag;2022-05-15;GEOLK4;Landkreise u. krsfr. Städte (Stand 15.05.22);08327;Tuttlingen;WHGRM2;Räume;RAUM06;6 Räume;5,79;€/m²;WHG012;Durchschnittliche Nettokaltmiete;e
4000W;Wohnungen (Gebietsstand 15.05.2022);STAG;Stichtag;2022-05-15;GEOLK4;Landkreise u. krsfr. Städte (Stand 15.05.22);09663;Würzburg, Kreisfreie Stadt;WHGRM2;Räume;;Insgesamt;8,65;€/m²;WHG012;Durchschnittliche Nettokaltmiete;e
4000W;Wohnungen (Gebietsstand 15.05.2022);STAG;Stichtag;2022-05-15;GEOLK4;Landkreise u. krsfr. Städte (Stand 15.05.22);05382;Rhein-Sieg-Kreis;WHGRM2;Räume;RAUM05;5 Räume;6,84;€/m²;WHG012;Durchschnittliche Nettokaltmiete;e
4000W;Wohnungen (Gebietsstand 15.05.2022);STAG;Stichtag;2022-05-15;GEOLK4;Landkreise u. krsfr. Städte (Stand 15.05.22);08117;Göppingen;WHGRM2;Räume;RAUM06;6 Räume;6,34;€/m²;WHG012;Durchschnittliche Nettokaltmiete;e
4000W;Wohnungen (Gebietsstand 15.05.2022);STAG;Stichtag;2022-05-15;GEOLK4;Landkreise u. krsfr. Städte (Stand 15.05.22);06411;Darmstadt, Wissenschaftsstadt;WHGRM2;Räume;RAUM06;6 Räume;8,46;€/m²;WHG012;Durchschnittliche Nettokaltmiete;e
4000W;Wohnungen (Gebietsstand 15.05.2022);STAG;Stichtag;2022-05-15;GEOLK4;Landkreise u. krsfr. Städte (Stand 15.05.22);05122;Solingen, Klingenstadt;WHGRM2;Räume;RAUM02;2 Räume;6,71;€/m²;WHG012;Durchschnittliche Nettokaltmiete;e
4000W;Wohnungen (Gebietsstand 15.05.2022);STAG;Stichtag;2022-05-15;GEOLK4;Landkreise u. krsfr. Städte (Stand 15.05.22);09162;München, Landeshauptstadt;WHGRM2;Räume;;Insgesamt;12,89;€/m²;WHG012;Durchschnittliche Nettokaltmiete;e
4000W;Wohnungen (Gebietsstand 15.05.2022);STAG;Stichtag;2022-05-15;GEOLK4;Landkreise u. krsfr. Städte (Stand 15.05.22);08316;Emmendingen;WHGRM2;Räume;;Insgesamt;7,54;€/m²;WHG012;Durchschnittliche Nettokaltmiete;e
4000W;Wohnungen (Gebietsstand 15.05.2022);STAG;Stichtag;2022-05-15;GEOLK4;Landkreise u. krsfr. Städte (Stand 15.05.22);03460;Vechta;WHGRM2;Räume;RAUM05;5 Räume;5,65;€/m²;WHG012;Durchschnittliche Nettokaltmiete;e
4000W;Wohnungen (Gebietsstand 15.05.2022);STAG;Stichtag;2022-05-15;GEOLK4;Landkreise u. krsfr. Städte (Stand 15.05.22);12052;Cottbus, Stadt;WHGRM2;Räume;RAUM07UM;7 und mehr Räume;5,45;€/m²;WHG012;Durchschnittliche Nettokaltmiete;e
4000W;Wohnungen (Gebietsstand 15.05.2022);STAG;Stichtag;2022-05-15;GEOLK4;Landkreise u. krsfr. Städte (Stand 15.05.22);07311;Frankenthal (Pfalz), kreisfreie Stadt;WHGRM2;Räume;RAUM04;4 Räume;6,83;€/m²;WHG012;Durchschnittliche Nettokaltmiete;e
4000W;Wohnungen (Gebietsstand 15.05.2022);STAG;Stichtag;2022-05-15;GEOLK4;Landkreise u. krsfr. Städte (Stand 15.05.22);03462;Wittmund;WHGRM2;Räume;RAUM04;4 Räume;6,21;€/m²;WHG012;Durchschnittliche Nettokaltmiete;e
4000W;Wohnungen (Gebietsstand 15.05.2022);STAG;Stichtag;2022-05-15;GEOLK4;Landkreise u. krsfr. Städte (Stand 15.05.22);12073;Uckermark;WHGRM2;Räume;RAUM03;3 Räume;5,28;€/m²;WHG012;Durchschnittliche Nettokaltmiete;e
4000W;Wohnungen (Gebietsstand 15.05.2022);STAG;Stichtag;2022-05-15;GEOLK4;Landkreise u. krsfr. Städte (Stand 15.05.22);09671;Aschaffenburg, Landkreis;WHGRM2;Räume;RAUM02;2 Räume;7,72;€/m²;WHG012;Durchschnittliche Nettokaltmiete;e
4000W;Wohnungen (Gebietsstand 15.05.2022);STAG;Stichtag;2022-05-15;GEOLK4;Landkreise u. krsfr. Städte (Stand 15.05.22);09187;Rosenheim, Landkreis;WHGRM2;Räume;RAUM03;3 Räume;8,49;€/m²;WHG012;Durchschnittliche Nettokaltmiete;e
4000W;Wohnungen (Gebietsstand 15.05.2022);STAG;Stichtag;2022-05-15;GEOLK4;Landkreise u. krsfr. Städte (Stand 15.05.22);08311;Freiburg im Breisgau, Stadtkreis;WHGRM2;Räume;RAUM07UM;7 und mehr Räume;9,22;€/m²;WHG012;Durchschnittliche Nettokaltmiete;e
4000W;Wohnungen (Gebietsstand 15.05.2022);STAG;Stichtag;2022-05-15;GEOLK4;Landkreise u. krsfr. Städte (Stand 15.05.22);09463;Coburg, Kreisfreie Stadt;WHGRM2;Räume;RAUM01;1 Raum;9,05;€/m²;WHG012;Durchschnittliche Nettokaltmiete;e
4000W;Wohnungen (Gebietsstand 15.05.2022);STAG;Stichtag;2022-05-15;GEOLK4;Landkreise u. krsfr. Städte (Stand 15.05.22);16068;Sömmerda;WHGRM2;Räume;RAUM06;6 Räume;5,02;€/m²;WHG012;Durchschnittliche Nettokaltmiete;e
4000W;Wohnungen (Gebietsstand 15.05.2022);STAG;Stichtag;2022-05-15;GEOLK4;Landkreise u. krsfr. Städte (Stand 15.05.22);09673;Rhön-Grabfeld;WHGRM2;Räume;RAUM01;1 Raum;7,17;€/m²;WHG012;Durchschnittliche Nettokaltmiete;e
4000W;Wohnungen (Gebietsstand 15.05.2022);STAG;Stichtag;2022-05-15;GEOLK4;Landkreise u. krsfr. Städte (Stand 15.05.22);15084;Burgenlandkreis;WHGRM2;Räume;RAUM02;2 Räume;5,65;€/m²;WHG012;Durchschnittliche Nettokaltmiete;e
4000W;Wohnungen (Gebietsstand 15.05.2022);STAG;Stichtag;2022-05-15;GEOLK4;Landkreise u. krsfr. Städte (Stand 15.05.22);12071;Spree-Neiße;WHGRM2;Räume;RAUM04;4 Räume;5,37;€/m²;WHG012;Durchschnittliche Nettokaltmiete;e
4000W;Wohnungen (Gebietsstand 15.05.2022);STAG;Stichtag;2022-05-15;GEOLK4;Landkreise u. krsfr. Städte (Stand 15.05.22);05762;Höxter;WHGRM2;Räume;RAUM04;4 Räume;4,61;€/m²;WHG012;Durchschnittliche Nettokaltmiete;e
4000W;Wohnungen (Gebietsstand 15.05.2022);STAG;Stichtag;2022-05-15;GEOLK4;Landkreise u. krsfr. Städte (Stand 15.05.22);08425;Alb-Donau-Kreis;WHGRM2;Räume;RAUM06;6 Räume;6,05;€/m²;WHG012;Durchschnittliche Nettokaltmiete;e
4000W;Wohnungen (Gebietsstand 15.05.2022);STAG;Stichtag;2022-05-15;GEOLK4;Landkreise u. krsfr. Städte (Stand 15.05.22);14713;Leipzig, Stadt;WHGRM2;Räume;RAUM01;1 Raum;7,56;€/m²;WHG012;Durchschnittliche Nettokaltmiete;e
4000W;Wohnungen (Gebietsstand 15.05.2022);STAG;Stichtag;2022-05-15;GEOLK4;Landkreise u. krsfr. Städte (Stand 15.05.22);03252;Hameln-Pyrmont;WHGRM2;Räume;;Insgesamt;5,22;€/m²;WHG012;Durchschnittliche Nettokaltmiete;e
4000W;Wohnungen (Gebietsstand 15.05.2022);STAG;Stichtag;2022-05-15;GEOLK4;Landkreise u. krsfr. Städte (Stand 15.05.22);08436;Ravensburg;WHGRM2;Räume;RAUM03;3 Räume;7,84;€/m²;WHG012;Durchschnittliche Nettokaltmiete;e
4000W;Wohnungen (Gebietsstand 15.05.2022);STAG;Stichtag;2022-05-15;GEOLK4;Landkreise u. krsfr. Städte (Stand 15.05.22);03454;Emsland;WHGRM2;Räume;;Insgesamt;5,89;€/m²;WHG012;Durchschnittliche Nettokaltmiete;e
4000W;Wohnungen (Gebietsstand 15.05.2022);STAG;Stichtag;2022-05-15;GEOLK4;Landkreise u. krsfr. Städte (Stand 15.05.22);05915;Hamm, Stadt;WHGRM2;Räume;RAUM02;2 Räume;6,04;€/m²;WHG012;Durchschnittliche Nettokaltmiete;e
4000W;Wohnungen (Gebietsstand 15.05.2022);STAG;Stichtag;2022-05-15;GEOLK4;Landkreise u. krsfr. Städte (Stand 15.05.22);05166;Viersen;WHGRM2;Räume;RAUM05;5 Räume;6,22;€/m²;WHG012;Durchschnittliche Nettokaltmiete;e
4000W;Wohnungen (Gebietsstand 15.05.2022);STAG;Stichtag;2022-05-15;GEOLK4;Landkreise u. krsfr. Städte (Stand 15.05.22);08215;Karlsruhe, Landkreis;WHGRM2;Räume;RAUM06;6 Räume;6,77;€/m²;WHG012;Durchschnittliche Nettokaltmiete;e
4000W;Wohnungen (Gebietsstand 15.05.2022);STAG;Stichtag;2022-05-15;GEOLK4;Landkreise u. krsfr. Städte (Stand 15.05.22);13075;Vorpommern-Greifswald;WHGRM2;Räume;RAUM01;1 Raum;7,17;€/m²;WHG012;Durchschnittliche Nettokaltmiete;e
4000W;Wohnungen (Gebietsstand 15.05.2022);STAG;Stichtag;2022-05-15;GEOLK4;Landkreise u. krsfr. Städte (Stand 15.05.22);05166;Viersen;WHGRM2;Räume;;Insgesamt;6,42;€/m²;WHG012;Durchschnittliche Nettokaltmiete;e
4000W;Wohnungen (Gebietsstand 15.05.2022);STAG;Stichtag;2022-05-15;GEOLK4;Landkreise u. krsfr. Städte (Stand 15.05.22);09376;Schwandorf;WHGRM2;Räume;RAUM07UM;7 und mehr Räume;4,85;€/m²;WHG012;Durchschnittliche Nettokaltmiete;e
4000W;Wohnungen (Gebietsstand 15.05.2022);STAG;Stichtag;2022-05-15;GEOLK4;Landkreise u. krsfr. Städte (Stand 15.05.22);12062;Elbe-Elster;WHGRM2;Räume;RAUM06;6 Räume;4,50;€/m²;WHG012;Durchschnittliche Nettokaltmiete;e
4000W;Wohnungen (Gebietsstand 15.05.2022);STAG;Stichtag;2022-05-15;GEOLK4;Landkreise u. krsfr. Städte (Stand 15.05.22);05378;Rheinisch-Bergischer Kreis;WHGRM2;Räume;RAUM04;4 Räume;7,28;€/m²;WHG012;Durchschnittliche Nettokaltmiete;e
4000W;Wohnungen (Gebietsstand 15.05.2022);STAG;Stichtag;2022-05-15;GEOLK4;Landkreise u. krsfr. Städte (Stand 15.05.22);09565;Schwabach;WHGRM2;Räume;RAUM01;1 Raum;8,70;€/m²;WHG012;Durchschnittliche Nettokaltmiete;e
4000W;Wohnungen (Gebietsstand 15.05.2022);STAG;Stichtag;2022-05-15;GEOLK4;Landkreise u. krsfr. Städte (Stand 15.05.22);14511;Chemnitz, Stadt;WHGRM2;Räume;;Insgesamt;5,26;€/m²;WHG012;Durchschnittliche Nettokaltmiete;e
4000W;Wohnungen (Gebietsstand 15.05.2022);STAG;Stichtag;2022-05-15;GEOLK4;Landkreise u. krsfr. Städte (Stand 15.05.22);05124;Wuppertal, Stadt;WHGRM2;Räume;RAUM01;1 Raum;7,41;€/m²;WHG012;Durchschnittliche Nettokaltmiete;e
4000W;Wohnungen (Gebietsstand 15.05.2022);STAG;Stichtag;2022-05-15;GEOLK4;Landkreise u. krsfr. Städte (Stand 15.05.22);06433;Groß-Gerau;WHGRM2;Räume;RAUM02;2 Räume;8,92;€/m²;WHG012;Durchschnittliche Nettokaltmiete;e
4000W;Wohnungen (Gebietsstand 15.05.2022);STAG;Stichtag;2022-05-15;GEOLK4;Landkreise u. krsfr. Städte (Stand 15.05.22);07320;Zweibrücken, kreisfreie Stadt;WHGRM2;Räume;RAUM02;2 Räume;5,82;€/m²;WHG012;Durchschnittliche Nettokaltmiete;e
4000W;Wohnungen (Gebietsstand 15.05.2022);STAG;Stichtag;2022-05-15;GEOLK4;Landkreise u. krsfr. Städte (Stand 15.05.22);07233;Vulkaneifel;WHGRM2;Räume;RAUM01;1 Raum;7,45;€/m²;WHG012;Durchschnittliche Nettokaltmiete;e
4000W;Wohnungen (Gebietsstand 15.05.2022);STAG;Stichtag;2022-05-15;GEOLK4;Landkreise u. krsfr. Städte (Stand 15.05.22);05913;Dortmund, Stadt;WHGRM2;Räume;RAUM03;3 Räume;6,32;€/m²;WHG012;Durchschnittliche Nettokaltmiete;e
4000W;Wohnungen (Gebietsstand 15.05.2022);STAG;Stichtag;2022-05-15;GEOLK4;Landkreise u. krsfr. Städte (Stand 15.05.22);06435;Main-Kinzig-Kreis;WHGRM2;Räume;RAUM03;3 Räume;7,45;€/m²;WHG012;Durchschnittliche Nettokaltmiete;e
4000W;Wohnungen (Gebietsstand 15.05.2022);STAG;Stichtag;2022-05-15;GEOLK4;Landkreise u. krsfr. Städte (Stand 15.05.22);01054;Nordfriesland;WHGRM2;Räume;RAUM02;2 Räume;9,11;€/m²;WHG012;Durchschnittliche Nettokaltmiete;e
4000W;Wohnungen (Gebietsstand 15.05.2022);STAG;Stichtag;2022-05-15;GEOLK4;Landkreise u. krsfr. Städte (Stand 15.05.22);09261;Landshut, Kreisfreie Stadt;WHGRM2;Räume;RAUM06;6 Räume;7,71;€/m²;WHG012;Durchschnittliche Nettokaltmiete;e
4000W;Wohnungen (Gebietsstand 15.05.2022);STAG;Stichtag;2022-05-15;GEOLK4;Landkreise u. krsfr. Städte (Stand 15.05.22);01060;Segeberg;WHGRM2;Räume;RAUM06;6 Räume;7,02;€/m²;WHG012;Durchschnittliche Nettokaltmiete;e
4000W;Wohnungen (Gebietsstand 15.05.2022);STAG;Stichtag;2022-05-15;GEOLK4;Landkreise u. krsfr. Städte (Stand 15.05.22);09174;Dachau;WHGRM2;Räume;RAUM05;5 Räume;9,35;€/m²;WHG012;Durchschnittliche Nettokaltmiete;e
4000W;Wohnungen (Gebietsstand 15.05.2022);STAG;Stichtag;2022-05-15;GEOLK4;Landkreise u. krsfr. Städte (Stand 15.05.22);09679;Würzburg, Landkreis;WHGRM2;Räume;RAUM04;4 Räume;6,36;€/m²;WHG012;Durchschnittliche Nettokaltmiete;e
4000W;Wohnungen (Gebietsstand 15.05.2022);STAG;Stichtag;2022-05-15;GEOLK4;Landkreise u. krsfr. Städte (Stand 15.05.22);03252;Hameln-Pyrmont;WHGRM2;Räume;RAUM04;4 Räume;5,00;€/m²;WHG012;Durchschnittliche Nettokaltmiete;e
4000W;Wohnungen (Gebietsstand 15.05.2022);STAG;Stichtag;2022-05-15;GEOLK4;Landkreise u. krsfr. Städte (Stand 15.05.22);09461;Bamberg, Kreisfreie Stadt;WHGRM2;Räume;RAUM02;2 Räume;7,90;€/m²;WHG012;Durchschnittliche Nettokaltmiete;e
4000W;Wohnungen (Gebietsstand 15.05.2022);STAG;Stichtag;2022-05-15;GEOLK4;Landkreise u. krsfr. Städte (Stand 15.05.22);07235;Trier-Saarburg;WHGRM2;Räume;RAUM02;2 Räume;7,55;€/m²;WHG012;Durchschnittliche Nettokaltmiete;e
4000W;Wohnungen (Gebietsstand 15.05.2022);STAG;Stichtag;2022-05-15;GEOLK4;Landkreise u. krsfr. Städte (Stand 15.05.22);03159;Göttingen;WHGRM2;Räume;RAUM01;1 Raum;11,53;€/m²;WHG012;Durchschnittliche Nettokaltmiete;e
4000W;Wohnungen (Gebietsstand 15.05.2022);STAG;Stichtag;2022-05-15;GEOLK4;Landkreise u. krsfr. Städte (Stand 15.05.22);16071;Weimarer Land;WHGRM2;Räume;RAUM01;1 Raum;6,60;€/m²;WHG012;Durchschnittliche Nettokaltmiete;e
4000W;Wohnungen (Gebietsstand 15.05.2022);STAG;Stichtag;2022-05-15;GEOLK4;Landkreise u. krsfr. Städte (Stand 15.05.22);03404;Osnabrück, Stadt;WHGRM2;Räume;RAUM07UM;7 und mehr Räume;6,33;€/m²;WHG012;Durchschnittliche Nettokaltmiete;e
4000W;Wohnungen (Gebietsstand 15.05.2022);STAG;Stichtag;2022-05-15;GEOLK4;Landkreise u. krsfr. Städte (Stand 15.05.22);03254;Hildesheim;WHGRM2;Räume;RAUM05;5 Räume;5,37;€/m²;WHG012;Durchschnittliche Nettokaltmiete;e
4000W;Wohnungen (Gebietsstand 15.05.2022);STAG;Stichtag;2022-05-15;GEOLK4;Landkreise u. krsfr. Städte (Stand 15.05.22);14628;Sächsische Schweiz-Osterzgebirge;WHGRM2;Räume;RAUM01;1 Raum;6,57;€/m²;WHG012;Durchschnittliche Nettokaltmiete;e
4000W;Wohnungen (Gebietsstand 15.05.2022);STAG;Stichtag;2022-05-15;GEOLK4;Landkreise u. krsfr. Städte (Stand 15.05.22);09376;Schwandorf;WHGRM2;Räume;RAUM02;2 Räume;6,80;€/m²;WHG012;Durchschnittliche Nettokaltmiete;e
4000W;Wohnungen (Gebietsstand 15.05.2022);STAG;Stichtag;2022-05-15;GEOLK4;Landkreise u. krsfr. Städte (Stand 15.05.22);09761;Augsburg, Kreisfreie Stadt;WHGRM2;Räume;;Insgesamt;8,48;€/m²;WHG012;Durchschnittliche Nettokaltmiete;e
4000W;Wohnungen (Gebietsstand 15.05.2022);STAG;Stichtag;2022-05-15;GEOLK4;Landkreise u. krsfr. Städte (Stand 15.05.22);15090;Stendal;WHGRM2;Räume;RAUM06;6 Räume;4,50;€/m²;WHG012;Durchschnittliche Nettokaltmiete;e
4000W;Wohnungen (Gebietsstand 15.05.2022);STAG;Stichtag;2022-05-15;GEOLK4;Landkreise u. krsfr. Städte (Stand 15.05.22);07131;Ahrweiler;WHGRM2;Räume;RAUM03;3 Räume;6,44;€/m²;WHG012;Durchschnittliche Nettokaltmiete;e
4000W;Wohnungen (Gebietsstand 15.05.2022);STAG;Stichtag;2022-05-15;GEOLK4;Landkreise u. krsfr. Städte (Stand 15.05.22);05754;Gütersloh;WHGRM2;Räume;RAUM01;1 Raum;7,55;€/m²;WHG012;Durchschnittliche Nettokaltmiete;e
4000W;Wohnungen (Gebietsstand 15.05.2022);STAG;Stichtag;2022-05-15;GEOLK4;Landkreise u. krsfr. Städte (Stand 15.05.22);05762;Höxter;WHGRM2;Räume;RAUM07UM;7 und mehr Räume;3,87;€/m²;WHG012;Durchschnittliche Nettokaltmiete;e
4000W;Wohnungen (Gebietsstand 15.05.2022);STAG;Stichtag;2022-05-15;GEOLK4;Landkreise u. krsfr. Städte (Stand 15.05.22);01003;Lübeck, Hansestadt;WHGRM2;Räume;;Insgesamt;7,47;€/m²;WHG012;Durchschnittliche Nettokaltmiete;e
4000W;Wohnungen (Gebietsstand 15.05.2022);STAG;Stichtag;2022-05-15;GEOLK4;Landkreise u. krsfr. Städte (Stand 15.05.22);12054;Potsdam, Stadt;WHGRM2;Räume;RAUM03;3 Räume;7,88;€/m²;WHG012;Durchschnittliche Nettokaltmiete;e
4000W;Wohnungen (Gebietsstand 15.05.2022);STAG;Stichtag;2022-05-15;GEOLK4;Landkreise u. krsfr. Städte (Stand 15.05.22);07317;Pirmasens, kreisfreie Stadt;WHGRM2;Räume;RAUM07UM;7 und mehr Räume;4,24;€/m²;WHG012;Durchschnittliche Nettokaltmiete;e
4000W;Wohnungen (Gebietsstand 15.05.2022);STAG;Stichtag;2022-05-15;GEOLK4;Landkreise u. krsfr. Städte (Stand 15.05.22);09371;Amberg-Sulzbach;WHGRM2;Räume;;Insgesamt;5,40;€/m²;WHG012;Durchschnittliche Nettokaltmiete;e
4000W;Wohnungen (Gebietsstand 15.05.2022);STAG;Stichtag;2022-05-15;GEOLK4;Landkreise u. krsfr. Städte (Stand 15.05.22);03404;Osnabrück, Stadt;WHGRM2;Räume;RAUM03;3 Räume;7,19;€/m²;WHG012;Durchschnittliche Nettokaltmiete;e
4000W;Wohnungen (Gebietsstand 15.05.2022);STAG;Stichtag;2022-05-15;GEOLK4;Landkreise u. krsfr. Städte (Stand 15.05.22);09361;Amberg;WHGRM2;Räume;RAUM03;3 Räume;6,17;€/m²;WHG012;Durchschnittliche Nettokaltmiete;e
4000W;Wohnungen (Gebietsstand 15.05.2022);STAG;Stichtag;2022-05-15;GEOLK4;Landkreise u. krsfr. Städte (Stand 15.05.22);12062;Elbe-Elster;WHGRM2;Räume;RAUM05;5 Räume;4,73;€/m²;WHG012;Durchschnittliche Nettokaltmiete;e
4000W;Wohnungen (Gebietsstand 15.05.2022);STAG;Stichtag;2022-05-15;GEOLK4;Landkreise u. krsfr. Städte (Stand 15.05.22);09462;Bayreuth, Kreisfreie Stadt;WHGRM2;Räume;RAUM03;3 Räume;6,42;€/m²;WHG012;Durchschnittliche Nettokaltmiete;e
4000W;Wohnungen (Gebietsstand 15.05.2022);STAG;Stichtag;2022-05-15;GEOLK4;Landkreise u. krsfr. Städte (Stand 15.05.22);05711;Bielefeld, Stadt;WHGRM2;Räume;RAUM04;4 Räume;6,83;€/m²;WHG012;Durchschnittliche Nettokaltmiete;e
4000W;Wohnungen (Gebietsstand 15.05.2022);STAG;Stichtag;2022-05-15;GEOLK4;Landkreise u. krsfr. Städte (Stand 15.05.22);08135;Heidenheim;WHGRM2;Räume;RAUM07UM;7 und mehr Räume;5,77;€/m²;WHG012;Durchschnittliche Nettokaltmiete;e
4000W;Wohnungen (Gebietsstand 15.05.2022);STAG;Stichtag;2022-05-15;GEOLK4;Landkreise u. krsfr. Städte (Stand 15.05.22);09575;Neustadt a.d.Aisch-Bad Windsheim;WHGRM2;Räume;RAUM07UM;7 und mehr Räume;4,89;€/m²;WHG012;Durchschnittliche Nettokaltmiete;e
4000W;Wohnungen (Gebietsstand 15.05.2022);STAG;Stichtag;2022-05-15;GEOLK4;Landkreise u. krsfr. Städte (Stand 15.05.22);09679;Würzburg, Landkreis;WHGRM2;Räume;RAUM05;5 Räume;6,15;€/m²;WHG012;Durchschnittliche Nettokaltmiete;e
4000W;Wohnungen (Gebietsstand 15.05.2022);STAG;Stichtag;2022-05-15;GEOLK4;Landkreise u. krsfr. Städte (Stand 15.05.22);03159;Göttingen;WHGRM2;Räume;RAUM02;2 Räume;8,12;€/m²;WHG012;Durchschnittliche Nettokaltmiete;e
4000W;Wohnungen (Gebietsstand 15.05.2022);STAG;Stichtag;2022-05-15;GEOLK4;Landkreise u. krsfr. Städte (Stand 15.05.22);05774;Paderborn;WHGRM2;Räume;RAUM01;1 Raum;8,86;€/m²;WHG012;Durchschnittliche Nettokaltmiete;e
4000W;Wohnungen (Gebietsstand 15.05.2022);STAG;Stichtag;2022-05-15;GEOLK4;Landkreise u. krsfr. Städte (Stand 15.05.22);07313;Landau in der Pfalz, kreisfreie Stadt;WHGRM2;Räume;RAUM01;1 Raum;10,61;€/m²;WHG012;Durchschnittliche Nettokaltmiete;e
4000W;Wohnungen (Gebietsstand 15.05.2022);STAG;Stichtag;2022-05-15;GEOLK4;Landkreise u. krsfr. Städte (Stand 15.05.22);06437;Odenwaldkreis;WHGRM2;Räume;RAUM01;1 Raum;8,28;€/m²;WHG012;Durchschnittliche Nettokaltmiete;e
4000W;Wohnungen (Gebietsstand 15.05.2022);STAG;Stichtag;2022-05-15;GEOLK4;Landkreise u. krsfr. Städte (Stand 15.05.22);06611;Kassel, documenta-Stadt;WHGRM2;Räume;RAUM03;3 Räume;6,44;€/m²;WHG012;Durchschnittliche Nettokaltmiete;e
4000W;Wohnungen (Gebietsstand 15.05.2022);STAG;Stichtag;2022-05-15;GEOLK4;Landkreise u. krsfr. Städte (Stand 15.05.22);09187;Rosenheim, Landkreis;WHGRM2;Räume;RAUM01;1 Raum;10,19;€/m²;WHG012;Durchschnittliche Nettokaltmiete;e
4000W;Wohnungen (Gebietsstand 15.05.2022);STAG;Stichtag;2022-05-15;GEOLK4;Landkreise u. krsfr. Städte (Stand 15.05.22);15081;Altmarkkreis Salzwedel;WHGRM2;Räume;RAUM05;5 Räume;4,51;€/m²;WHG012;Durchschnittliche Nettokaltmiete;e
4000W;Wohnungen (Gebietsstand 15.05.2022);STAG;Stichtag;2022-05-15;GEOLK4;Landkreise u. krsfr. Städte (Stand 15.05.22);09776;Lindau (Bodensee);WHGRM2;Räume;RAUM06;6 Räume;7,16;€/m²;WHG012;Durchschnittliche Nettokaltmiete;e
4000W;Wohnungen (Gebietsstand 15.05.2022);STAG;Stichtag;2022-05-15;GEOLK4;Landkreise u. krsfr. Städte (Stand 15.05.22);05316;Leverkusen, Stadt;WHGRM2;Räume;RAUM06;6 Räume;7,04;€/m²;WHG012;Durchschnittliche Nettokaltmiete;e
4000W;Wohnungen (Gebietsstand 15.05.2022);STAG;Stichtag;2022-05-15;GEOLK4;Landkreise u. krsfr. Städte (Stand 15.05.22);05170;Wesel;WHGRM2;Räume;;Insgesamt;6,16;€/m²;WHG012;Durchschnittliche Nettokaltmiete;e
4000W;Wohnungen (Gebietsstand 15.05.2022);STAG;Stichtag;2022-05-15;GEOLK4;Landkreise u. krsfr. Städte (Stand 15.05.22);05158;Mettmann;WHGRM2;Räume;RAUM05;5 Räume;7,08;€/m²;WHG012;Durchschnittliche Nettokaltmiete;e
4000W;Wohnungen (Gebietsstand 15.05.2022);STAG;Stichtag;2022-05-15;GEOLK4;Landkreise u. krsfr. Städte (Stand 15.05.22);16052;Gera, Stadt;WHGRM2;Räume;RAUM03;3 Räume;5,13;€/m²;WHG012;Durchschnittliche Nettokaltmiete;e
4000W;Wohnungen (Gebietsstand 15.05.2022);STAG;Stichtag;2022-05-15;GEOLK4;Landkreise u. krsfr. Städte (Stand 15.05.22);03256;Nienburg (Weser);WHGRM2;Räume;RAUM03;3 Räume;5,65;€/m²;WHG012;Durchschnittliche Nettokaltmiete;e
4000W;Wohnungen (Gebietsstand 15.05.2022);STAG;Stichtag;2022-05-15;GEOLK4;Landkreise u. krsfr. Städte (Stand 15.05.22);09476;Kronach;WHGRM2;Räume;RAUM01;1 Raum;7,65;€/m²;WHG012;Durchschnittliche Nettokaltmiete;e
4000W;Wohnungen (Gebietsstand 15.05.2022);STAG;Stichtag;2022-05-15;GEOLK4;Landkreise u. krsfr. Städte (Stand 15.05.22);16062;Nordhausen;WHGRM2;Räume;RAUM02;2 Räume;5,49;€/m²;WHG012;Durchschnittliche Nettokaltmiete;e
4000W;Wohnungen (Gebietsstand 15.05.2022);STAG;Stichtag;2022-05-15;GEOLK4;Landkreise u. krsfr. Städte (Stand 15.05.22);08128;Main-Tauber-Kreis;WHGRM2;Räume;RAUM06;6 Räume;5,05;€/m²;WHG012;Durchschnittliche Nettokaltmiete;e
4000W;Wohnungen (Gebietsstand 15.05.2022);STAG;Stichtag;2022-05-15;GEOLK4;Landkreise u. krsfr. Städte (Stand 15.05.22);08416;Tübingen;WHGRM2;Räume;RAUM04;4 Räume;8,43;€/m²;WHG012;Durchschnittliche Nettokaltmiete;e
4000W;Wohnungen (Gebietsstand 15.05.2022);STAG;Stichtag;2022-05-15;GEOLK4;Landkreise u. krsfr. Städte (Stand 15.05.22);15085;Harz;WHGRM2;Räume;RAUM02;2 Räume;5,65;€/m²;WHG012;Durchschnittliche Nettokaltmiete;e
4000W;Wohnungen (Gebietsstand 15.05.2022);STAG;Stichtag;2022-05-15;GEOLK4;Landkreise u. krsfr. Städte (Stand 15.05.22);03356;Osterholz;WHGRM2;Räume;RAUM01;1 Raum;9,17;€/m²;WHG012;Durchschnittliche Nettokaltmiete;e
4000W;Wohnungen (Gebietsstand 15.05.2022);STAG;Stichtag;2022-05-15;GEOLK4;Landkreise u. krsfr. Städte (Stand 15.05.22);06433;Groß-Gerau;WHGRM2;Räume;RAUM04;4 Räume;7,69;€/m²;WHG012;Durchschnittliche Nettokaltmiete;e
4000W;Wohnungen (Gebietsstand 15.05.2022);STAG;Stichtag;2022-05-15;GEOLK4;Landkreise u. krsfr. Städte (Stand 15.05.22);15091;Wittenberg;WHGRM2;Räume;RAUM04;4 Räume;4,87;€/m²;WHG012;Durchschnittliche Nettokaltmiete;e
4000W;Wohnungen (Gebietsstand 15.05.2022);STAG;Stichtag;2022-05-15;GEOLK4;Landkreise u. krsfr. Städte (Stand 15.05.22);03353;Harburg;WHGRM2;Räume;RAUM04;4 Räume;7,83;€/m²;WHG012;Durchschnittliche Nettokaltmiete;e
4000W;Wohnungen (Gebietsstand 15.05.2022);STAG;Stichtag;2022-05-15;GEOLK4;Landkreise u. krsfr. Städte (Stand 15.05.22);01051;Dithmarschen;WHGRM2;Räume;RAUM07UM;7 und mehr Räume;4,86;€/m²;WHG012;Durchschnittliche Nettokaltmiete;e
4000W;Wohnungen (Gebietsstand 15.05.2022);STAG;Stichtag;2022-05-15;GEOLK4;Landkreise u. krsfr. Städte (Stand 15.05.22);07135;Cochem-Zell;WHGRM2;Räume;RAUM02;2 Räume;6,08;€/m²;WHG012;Durchschnittliche Nettokaltmiete;e
4000W;Wohnungen (Gebietsstand 15.05.2022);STAG;Stichtag;2022-05-15;GEOLK4;Landkreise u. krsfr. Städte (Stand 15.05.22);07318;Speyer, kreisfreie Stadt;WHGRM2;Räume;RAUM07UM;7 und mehr Räume;6,54;€/m²;WHG012;Durchschnittliche Nettokaltmiete;e
4000W;Wohnungen (Gebietsstand 15.05.2022);STAG;Stichtag;2022-05-15;GEOLK4;Landkreise u. krsfr. Städte (Stand 15.05.22);03252;Hameln-Pyrmont;WHGRM2;Räume;RAUM06;6 Räume;4,55;€/m²;WHG012;Durchschnittliche Nettokaltmiete;e
4000W;Wohnungen (Gebietsstand 15.05.2022);STAG;Stichtag;2022-05-15;GEOLK4;Landkreise u. krsfr. Städte (Stand 15.05.22);03462;Wittmund;WHGRM2;Räume;;Insgesamt;6,35;€/m²;WHG012;Durchschnittliche Nettokaltmiete;e
4000W;Wohnungen (Gebietsstand 15.05.2022);STAG;Stichtag;2022-05-15;GEOLK4;Landkreise u. krsfr. Städte (Stand 15.05.22);06631;Fulda;WHGRM2;Räume;RAUM03;3 Räume;6,08;€/m²;WHG012;Durchschnittliche Nettokaltmiete;e
4000W;Wohnungen (Gebietsstand 15.05.2022);STAG;Stichtag;2022-05-15;GEOLK4;Landkreise u. krsfr. Städte (Stand 15.05.22);07232;Eifelkreis Bitburg-Prüm;WHGRM2;Räume;RAUM03;3 Räume;6,59;€/m²;WHG012;Durchschnittliche Nettokaltmiete;e
4000W;Wohnungen (Gebietsstand 15.05.2022);STAG;Stichtag;2022-05-15;GEOLK4;Landkreise u. krsfr. Städte (Stand 15.05.22);07333;Donnersbergkreis;WHGRM2;Räume;RAUM01;1 Raum;7,15;€/m²;WHG012;Durchschnittliche Nettokaltmiete;e
4000W;Wohnungen (Gebietsstand 15.05.2022);STAG;Stichtag;2022-05-15;GEOLK4;Landkreise u. krsfr. Städte (Stand 15.05.22);03241;Region Hannover;WHGRM2;Räume;;Insgesamt;7,21;€/m²;WHG012;Durchschnittliche Nettokaltmiete;e
4000W;Wohnungen (Gebietsstand 15.05.2022);STAG;Stichtag;2022-05-15;GEOLK4;Landkreise u. krsfr. Städte (Stand 15.05.22);03453;Cloppenburg;WHGRM2;Räume;RAUM02;2 Räume;7,39;€/m²;WHG012;Durchschnittliche Nettokaltmiete;e
4000W;Wohnungen (Gebietsstand 15.05.2022);STAG;Stichtag;2022-05-15;GEOLK4;Landkreise u. krsfr. Städte (Stand 15.05.22);08325;Rottweil;WHGRM2;Räume;RAUM05;5 Räume;5,54;€/m²;WHG012;Durchschnittliche Nettokaltmiete;e
4000W;Wohnungen (Gebietsstand 15.05.2022);STAG;Stichtag;2022-05-15;GEOLK4;Landkreise u. krsfr. Städte (Stand 15.05.22);12066;Oberspreewald-Lausitz;WHGRM2;Räume;RAUM02;2 Räume;5,06;€/m²;WHG012;Durchschnittliche Nettokaltmiete;e
4000W;Wohnungen (Gebietsstand 15.05.2022);STAG;Stichtag;2022-05-15;GEOLK4;Landkreise u. krsfr. Städte (Stand 15.05.22);14612;Dresden, Stadt;WHGRM2;Räume;RAUM04;4 Räume;6,64;€/m²;WHG012;Durchschnittliche Nettokaltmiete;e
4000W;Wohnungen (Gebietsstand 15.05.2022);STAG;Stichtag;2022-05-15;GEOLK4;Landkreise u. krsfr. Städte (Stand 15.05.22);05978;Unna;WHGRM2;Räume;;Insgesamt;5,74;€/m²;WHG012;Durchschnittliche Nettokaltmiete;e
4000W;Wohnungen (Gebietsstand 15.05.2022);STAG;Stichtag;2022-05-15;GEOLK4;Landkreise u. krsfr. Städte (Stand 15.05.22);08436;Ravensburg;WHGRM2;Räume;RAUM04;4 Räume;7,31;€/m²;WHG012;Durchschnittliche Nettokaltmiete;e
4000W;Wohnungen (Gebietsstand 15.05.2022);STAG;Stichtag;2022-05-15;GEOLK4;Landkreise u. krsfr. Städte (Stand 15.05.22);12051;Brandenburg an der Havel, Stadt;WHGRM2;Räume;RAUM07UM;7 und mehr Räume;6,03;€/m²;WHG012;Durchschnittliche Nettokaltmiete;e
4000W;Wohnungen (Gebietsstand 15.05.2022);STAG;Stichtag;2022-05-15;GEOLK4;Landkreise u. krsfr. Städte (Stand 15.05.22);14626;Görlitz;WHGRM2;Räume;RAUM02;2 Räume;5,01;€/m²;WHG012;Durchschnittliche Nettokaltmiete;e
4000W;Wohnungen (Gebietsstand 15.05.2022);STAG;Stichtag;2022-05-15;GEOLK4;Landkreise u. krsfr. Städte (Stand 15.05.22);13072;Landkreis Rostock;WHGRM2;Räume;RAUM01;1 Raum;6,68;€/m²;WHG012;Durchschnittliche Nettokaltmiete;e
4000W;Wohnungen (Gebietsstand 15.05.2022);STAG;Stichtag;2022-05-15;GEOLK4;Landkreise u. krsfr. Städte (Stand 15.05.22);06534;Marburg-Biedenkopf;WHGRM2;Räume;RAUM02;2 Räume;8,16;€/m²;WHG012;Durchschnittliche Nettokaltmiete;e
4000W;Wohnungen (Gebietsstand 15.05.2022);STAG;Stichtag;2022-05-15;GEOLK4;Landkreise u. krsfr. Städte (Stand 15.05.22);14713;Leipzig, Stadt;WHGRM2;Räume;RAUM02;2 Räume;6,83;€/m²;WHG012;Durchschnittliche Nettokaltmiete;e
4000W;Wohnungen (Gebietsstand 15.05.2022);STAG;Stichtag;2022-05-15;GEOLK4;Landkreise u. krsfr. Städte (Stand 15.05.22);16076;Greiz;WHGRM2;Räume;;Insgesamt;4,67;€/m²;WHG012;Durchschnittliche Nettokaltmiete;e
4000W;Wohnungen (Gebietsstand 15.05.2022);STAG;Stichtag;2022-05-15;GEOLK4;Landkreise u. krsfr. Städte (Stand 15.05.22);01061;Steinburg;WHGRM2;Räume;RAUM04;4 Räume;5,91;€/m²;WHG012;Durchschnittliche Nettokaltmiete;e
4000W;Wohnungen (Gebietsstand 15.05.2022);STAG;Stichtag;2022-05-15;GEOLK4;Landkreise u. krsfr. Städte (Stand 15.05.22);09183;Mühldorf a.Inn;WHGRM2;Räume;RAUM04;4 Räume;6,54;€/m²;WHG012;Durchschnittliche Nettokaltmiete;e
4000W;Wohnungen (Gebietsstand 15.05.2022);STAG;Stichtag;2022-05-15;GEOLK4;Landkreise u. krsfr. Städte (Stand 15.05.22);08335;Konstanz;WHGRM2;Räume;RAUM06;6 Räume;7,82;€/m²;WHG012;Durchschnittliche Nettokaltmiete;e
4000W;Wohnungen (Gebietsstand 15.05.2022);STAG;Stichtag;2022-05-15;GEOLK4;Landkreise u. krsfr. Städte (Stand 15.05.22);07339;Mainz-Bingen;WHGRM2;Räume;RAUM06;6 Räume;7,03;€/m²;WHG012;Durchschnittliche Nettokaltmiete;e
4000W;Wohnungen (Gebietsstand 15.05.2022);STAG;Stichtag;2022-05-15;GEOLK4;Landkreise u. krsfr. Städte (Stand 15.05.22);09663;Würzburg, Kreisfreie Stadt;WHGRM2;Räume;RAUM01;1 Raum;11,19;€/m²;WHG012;Durchschnittliche Nettokaltmiete;e
4000W;Wohnungen (Gebietsstand 15.05.2022);STAG;Stichtag;2022-05-15;GEOLK4;Landkreise u. krsfr. Städte (Stand 15.05.22);01002;Kiel, Landeshauptstadt;WHGRM2;Räume;RAUM06;6 Räume;7,26;€/m²;WHG012;Durchschnittliche Nettokaltmiete;e
4000W;Wohnungen (Gebietsstand 15.05.2022);STAG;Stichtag;2022-05-15;GEOLK4;Landkreise u. krsfr. Städte (Stand 15.05.22);08315;Breisgau-Hochschwarzwald;WHGRM2;Räume;RAUM06;6 Räume;7,30;€/m²;WHG012;Durchschnittliche Nettokaltmiete;e
4000W;Wohnungen (Gebietsstand 15.05.2022);STAG;Stichtag;2022-05-15;GEOLK4;Landkreise u. krsfr. Städte (Stand 15.05.22);01059;Schleswig-Flensburg;WHGRM2;Räume;RAUM01;1 Raum;9,15;€/m²;WHG012;Durchschnittliche Nettokaltmiete;e
4000W;Wohnungen (Gebietsstand 15.05.2022);STAG;Stichtag;2022-05-15;GEOLK4;Landkreise u. krsfr. Städte (Stand 15.05.22);04011;Bremen, Stadt;WHGRM2;Räume;RAUM05;5 Räume;6,94;€/m²;WHG012;Durchschnittliche Nettokaltmiete;e
4000W;Wohnungen (Gebietsstand 15.05.2022);STAG;Stichtag;2022-05-15;GEOLK4;Landkreise u. krsfr. Städte (Stand 15.05.22);09163;Rosenheim, Kreisfreie Stadt;WHGRM2;Räume;RAUM04;4 Räume;8,50;€/m²;WHG012;Durchschnittliche Nettokaltmiete;e
4000W;Wohnungen (Gebietsstand 15.05.2022);STAG;Stichtag;2022-05-15;GEOLK4;Landkreise u. krsfr. Städte (Stand 15.05.22);06413;Offenbach am Main, Stadt;WHGRM2;Räume;RAUM04;4 Räume;8,00;€/m²;WHG012;Durchschnittliche Nettokaltmiete;e
4000W;Wohnungen (Gebietsstand 15.05.2022);STAG;Stichtag;2022-05-15;GEOLK4;Landkreise u. krsfr. Städte (Stand 15.05.22);01062;Stormarn;WHGRM2;Räume;RAUM04;4 Räume;8,10;€/m²;WHG012;Durchschnittliche Nettokaltmiete;e
4000W;Wohnungen (Gebietsstand 15.05.2022);STAG;Stichtag;2022-05-15;GEOLK4;Landkreise u. krsfr. Städte (Stand 15.05.22);05916;Herne, Stadt;WHGRM2;Räume;RAUM01;1 Raum;6,45;€/m²;WHG012;Durchschnittliche Nettokaltmiete;e
4000W;Wohnungen (Gebietsstand 15.05.2022);STAG;Stichtag;2022-05-15;GEOLK4;Landkreise u. krsfr. Städte (Stand 15.05.22);09178;Freising;WHGRM2;Räume;RAUM02;2 Räume;11,46;€/m²;WHG012;Durchschnittliche Nettokaltmiete;e
4000W;Wohnungen (Gebietsstand 15.05.2022);STAG;Stichtag;2022-05-15;GEOLK4;Landkreise u. krsfr. Städte (Stand 15.05.22);16062;Nordhausen;WHGRM2;Räume;RAUM07UM;7 und mehr Räume;4,59;€/m²;WHG012;Durchschnittliche Nettokaltmiete;e
4000W;Wohnungen (Gebietsstand 15.05.2022);STAG;Stichtag;2022-05-15;GEOLK4;Landkreise u. krsfr. Städte (Stand 15.05.22);05366;Euskirchen;WHGRM2;Räume;RAUM05;5 Räume;5,68;€/m²;WHG012;Durchschnittliche Nettokaltmiete;e
4000W;Wohnungen (Gebietsstand 15.05.2022);STAG;Stichtag;2022-05-15;GEOLK4;Landkreise u. krsfr. Städte (Stand 15.05.22);14511;Chemnitz, Stadt;WHGRM2;Räume;RAUM06;6 Räume;5,22;€/m²;WHG012;Durchschnittliche Nettokaltmiete;e
4000W;Wohnungen (Gebietsstand 15.05.2022);STAG;Stichtag;2022-05-15;GEOLK4;Landkreise u. krsfr. Städte (Stand 15.05.22);01003;Lübeck, Hansestadt;WHGRM2;Räume;RAUM06;6 Räume;7,37;€/m²;WHG012;Durchschnittliche Nettokaltmiete;e
4000W;Wohnungen (Gebietsstand 15.05.2022);STAG;Stichtag;2022-05-15;GEOLK4;Landkreise u. krsfr. Städte (Stand 15.05.22);10044;Saarlouis;WHGRM2;Räume;RAUM02;2 Räume;6,94;€/m²;WHG012;Durchschnittliche Nettokaltmiete;e
4000W;Wohnungen (Gebietsstand 15.05.2022);STAG;Stichtag;2022-05-15;GEOLK4;Landkreise u. krsfr. Städte (Stand 15.05.22);16061;Eichsfeld;WHGRM2;Räume;RAUM07UM;7 und mehr Räume;4,70;€/m²;WHG012;Durchschnittliche Nettokaltmiete;e
4000W;Wohnungen (Gebietsstand 15.05.2022);STAG;Stichtag;2022-05-15;GEOLK4;Landkreise u. krsfr. Städte (Stand 15.05.22);03357;Rotenburg (Wümme);WHGRM2;Räume;RAUM01;1 Raum;8,29;€/m²;WHG012;Durchschnittliche Nettokaltmiete;e
4000W;Wohnungen (Gebietsstand 15.05.2022);STAG;Stichtag;2022-05-15;GEOLK4;Landkreise u. krsfr. Städte (Stand 15.05.22);04012;Bremerhaven, Stadt;WHGRM2;Räume;RAUM05;5 Räume;5,12;€/m²;WHG012;Durchschnittliche Nettokaltmiete;e
4000W;Wohnungen (Gebietsstand 15.05.2022);STAG;Stichtag;2022-05-15;GEOLK4;Landkreise u. krsfr. Städte (Stand 15.05.22);09161;Ingolstadt;WHGRM2;Räume;;Insgesamt;9,16;€/m²;WHG012;Durchschnittliche Nettokaltmiete;e
4000W;Wohnungen (Gebietsstand 15.05.2022);STAG;Stichtag;2022-05-15;GEOLK4;Landkreise u. krsfr. Städte (Stand 15.05.22);13003;Rostock;WHGRM2;Räume;RAUM04;4 Räume;6,28;€/m²;WHG012;Durchschnittliche Nettokaltmiete;e
4000W;Wohnungen (Gebietsstand 15.05.2022);STAG;Stichtag;2022-05-15;GEOLK4;Landkreise u. krsfr. Städte (Stand 15.05.22);08316;Emmendingen;WHGRM2;Räume;RAUM06;6 Räume;6,73;€/m²;WHG012;Durchschnittliche Nettokaltmiete;e
4000W;Wohnungen (Gebietsstand 15.05.2022);STAG;Stichtag;2022-05-15;GEOLK4;Landkreise u. krsfr. Städte (Stand 15.05.22);06414;Wiesbaden, Landeshauptstadt;WHGRM2;Räume;RAUM04;4 Räume;8,70;€/m²;WHG012;Durchschnittliche Nettokaltmiete;e
4000W;Wohnungen (Gebietsstand 15.05.2022);STAG;Stichtag;2022-05-15;GEOLK4;Landkreise u. krsfr. Städte (Stand 15.05.22);06440;Wetteraukreis;WHGRM2;Räume;RAUM07UM;7 und mehr Räume;6,56;€/m²;WHG012;Durchschnittliche Nettokaltmiete;e
4000W;Wohnungen (Gebietsstand 15.05.2022);STAG;Stichtag;2022-05-15;GEOLK4;Landkreise u. krsfr. Städte (Stand 15.05.22);03401;Delmenhorst, Stadt;WHGRM2;Räume;RAUM06;6 Räume;5,52;€/m²;WHG012;Durchschnittliche Nettokaltmiete;e
4000W;Wohnungen (Gebietsstand 15.05.2022);STAG;Stichtag;2022-05-15;GEOLK4;Landkreise u. krsfr. Städte (Stand 15.05.22);08336;Lörrach;WHGRM2;Räume;RAUM07UM;7 und mehr Räume;7,25;€/m²;WHG012;Durchschnittliche Nettokaltmiete;e
4000W;Wohnungen (Gebietsstand 15.05.2022);STAG;Stichtag;2022-05-15;GEOLK4;Landkreise u. krsfr. Städte (Stand 15.05.22);16064;Unstrut-Hainich-Kreis;WHGRM2;Räume;;Insgesamt;5,12;€/m²;WHG012;Durchschnittliche Nettokaltmiete;e
4000W;Wohnungen (Gebietsstand 15.05.2022);STAG;Stichtag;2022-05-15;GEOLK4;Landkreise u. krsfr. Städte (Stand 15.05.22);14521;Erzgebirgskreis;WHGRM2;Räume;RAUM05;5 Räume;4,44;€/m²;WHG012;Durchschnittliche Nettokaltmiete;e
4000W;Wohnungen (Gebietsstand 15.05.2022);STAG;Stichtag;2022-05-15;GEOLK4;Landkreise u. krsfr. Städte (Stand 15.05.22);07319;Worms, kreisfreie Stadt;WHGRM2;Räume;RAUM06;6 Räume;6,37;€/m²;WHG012;Durchschnittliche Nettokaltmiete;e
4000W;Wohnungen (Gebietsstand 15.05.2022);STAG;Stichtag;2022-05-15;GEOLK4;Landkreise u. krsfr. Städte (Stand 15.05.22);09177;Erding;WHGRM2;Räume;RAUM02;2 Räume;10,20;€/m²;WHG012;Durchschnittliche Nettokaltmiete;e
4000W;Wohnungen (Gebietsstand 15.05.2022);STAG;Stichtag;2022-05-15;GEOLK4;Landkreise u. krsfr. Städte (Stand 15.05.22);03155;Northeim;WHGRM2;Räume;RAUM05;5 Räume;4,58;€/m²;WHG012;Durchschnittliche Nettokaltmiete;e
4000W;Wohnungen (Gebietsstand 15.05.2022);STAG;Stichtag;2022-05-15;GEOLK4;Landkreise u. krsfr. Städte (Stand 15.05.22);10043;Neunkirchen;WHGRM2;Räume;RAUM02;2 Räume;6,28;€/m²;WHG012;Durchschnittliche Nettokaltmiete;e
4000W;Wohnungen (Gebietsstand 15.05.2022);STAG;Stichtag;2022-05-15;GEOLK4;Landkreise u. krsfr. Städte (Stand 15.05.22);11000;Berlin, Stadt;WHGRM2;Räume;RAUM02;2 Räume;8,26;€/m²;WHG012;Durchschnittliche Nettokaltmiete;e
4000W;Wohnungen (Gebietsstand 15.05.2022);STAG;Stichtag;2022-05-15;GEOLK4;Landkreise u. krsfr. Städte (Stand 15.05.22);09374;Neustadt a.d.Waldnaab;WHGRM2;Räume;RAUM07UM;7 und mehr Räume;5,29;€/m²;WHG012;Durchschnittliche Nettokaltmiete;e
4000W;Wohnungen (Gebietsstand 15.05.2022);STAG;Stichtag;2022-05-15;GEOLK4;Landkreise u. krsfr. Städte (Stand 15.05.22);05770;Minden-Lübbecke;WHGRM2;Räume;RAUM04;4 Räume;5,49;€/m²;WHG012;Durchschnittliche Nettokaltmiete;e
4000W;Wohnungen (Gebietsstand 15.05.2022);STAG;Stichtag;2022-05-15;GEOLK4;Landkreise u. krsfr. Städte (Stand 15.05.22);15088;Saalekreis;WHGRM2;Räume;RAUM01;1 Raum;6,69;€/m²;WHG012;Durchschnittliche Nettokaltmiete;e
4000W;Wohnungen (Gebietsstand 15.05.2022);STAG;Stichtag;2022-05-15;GEOLK4;Landkreise u. krsfr. Städte (Stand 15.05.22);07141;Rhein-Lahn-Kreis;WHGRM2;Räume;RAUM04;4 Räume;5,39;€/m²;WHG012;Durchschnittliche Nettokaltmiete;e
4000W;Wohnungen (Gebietsstand 15.05.2022);STAG;Stichtag;2022-05-15;GEOLK4;Landkreise u. krsfr. Städte (Stand 15.05.22);01051;Dithmarschen;WHGRM2;Räume;RAUM05;5 Räume;5,31;€/m²;WHG012;Durchschnittliche Nettokaltmiete;e
4000W;Wohnungen (Gebietsstand 15.05.2022);STAG;Stichtag;2022-05-15;GEOLK4;Landkreise u. krsfr. Städte (Stand 15.05.22);03251;Diepholz;WHGRM2;Räume;;Insgesamt;6,15;€/m²;WHG012;Durchschnittliche Nettokaltmiete;e
4000W;Wohnungen (Gebietsstand 15.05.2022);STAG;Stichtag;2022-05-15;GEOLK4;Landkreise u. krsfr. Städte (Stand 15.05.22);09180;Garmisch-Partenkirchen;WHGRM2;Räume;RAUM05;5 Räume;8,34;€/m²;WHG012;Durchschnittliche Nettokaltmiete;e
4000W;Wohnungen (Gebietsstand 15.05.2022);STAG;Stichtag;2022-05-15;GEOLK4;Landkreise u. krsfr. Städte (Stand 15.05.22);09472;Bayreuth, Landkreis;WHGRM2;Räume;RAUM02;2 Räume;6,14;€/m²;WHG012;Durchschnittliche Nettokaltmiete;e
4000W;Wohnungen (Gebietsstand 15.05.2022);STAG;Stichtag;2022-05-15;GEOLK4;Landkreise u. krsfr. Städte (Stand 15.05.22);09372;Cham;WHGRM2;Räume;RAUM04;4 Räume;4,94;€/m²;WHG012;Durchschnittliche Nettokaltmiete;e
4000W;Wohnungen (Gebietsstand 15.05.2022);STAG;Stichtag;2022-05-15;GEOLK4;Landkreise u. krsfr. Städte (Stand 15.05.22);14522;Mittelsachsen;WHGRM2;Räume;RAUM05;5 Räume;4,82;€/m²;WHG012;Durchschnittliche Nettokaltmiete;e
4000W;Wohnungen (Gebietsstand 15.05.2022);STAG;Stichtag;2022-05-15;GEOLK4;Landkreise u. krsfr. Städte (Stand 15.05.22);16066;Schmalkalden-Meiningen;WHGRM2;Räume;;Insgesamt;5,21;€/m²;WHG012;Durchschnittliche Nettokaltmiete;e
4000W;Wohnungen (Gebietsstand 15.05.2022);STAG;Stichtag;2022-05-15;GEOLK4;Landkreise u. krsfr. Städte (Stand 15.05.22);09371;Amberg-Sulzbach;WHGRM2;Räume;RAUM04;4 Räume;5,15;€/m²;WHG012;Durchschnittliche Nettokaltmiete;e
4000W;Wohnungen (Gebietsstand 15.05.2022);STAG;Stichtag;2022-05-15;GEOLK4;Landkreise u. krsfr. Städte (Stand 15.05.22);07338;Rhein-Pfalz-Kreis;WHGRM2;Räume;RAUM06;6 Räume;6,46;€/m²;WHG012;Durchschnittliche Nettokaltmiete;e
4000W;Wohnungen (Gebietsstand 15.05.2022);STAG;Stichtag;2022-05-15;GEOLK4;Landkreise u. krsfr. Städte (Stand 15.05.22);12052;Cottbus, Stadt;WHGRM2;Räume;RAUM06;6 Räume;5,25;€/m²;WHG012;Durchschnittliche Nettokaltmiete;e
4000W;Wohnungen (Gebietsstand 15.05.2022);STAG;Stichtag;2022-05-15;GEOLK4;Landkreise u. krsfr. Städte (Stand 15.05.22);15089;Salzlandkreis;WHGRM2;Räume;RAUM01;1 Raum;5,60;€/m²;WHG012;Durchschnittliche Nettokaltmiete;e
4000W;Wohnungen (Gebietsstand 15.05.2022);STAG;Stichtag;2022-05-15;GEOLK4;Landkreise u. krsfr. Städte (Stand 15.05.22);05358;Düren;WHGRM2;Räume;RAUM07UM;7 und mehr Räume;5,27;€/m²;WHG012;Durchschnittliche Nettokaltmiete;e
4000W;Wohnungen (Gebietsstand 15.05.2022);STAG;Stichtag;2022-05-15;GEOLK4;Landkreise u. krsfr. Städte (Stand 15.05.22);09471;Bamberg, Landkreis;WHGRM2;Räume;RAUM02;2 Räume;6,62;€/m²;WHG012;Durchschnittliche Nettokaltmiete;e
4000W;Wohnungen (Gebietsstand 15.05.2022);STAG;Stichtag;2022-05-15;GEOLK4;Landkreise u. krsfr. Städte (Stand 15.05.22);03256;Nienburg (Weser);WHGRM2;Räume;RAUM07UM;7 und mehr Räume;4,35;€/m²;WHG012;Durchschnittliche Nettokaltmiete;e
4000W;Wohnungen (Gebietsstand 15.05.2022);STAG;Stichtag;2022-05-15;GEOLK4;Landkreise u. krsfr. Städte (Stand 15.05.22);01059;Schleswig-Flensburg;WHGRM2;Räume;RAUM07UM;7 und mehr Räume;5,15;€/m²;WHG012;Durchschnittliche Nettokaltmiete;e
4000W;Wohnungen (Gebietsstand 15.05.2022);STAG;Stichtag;2022-05-15;GEOLK4;Landkreise u. krsfr. Städte (Stand 15.05.22);06438;Offenbach;WHGRM2;Räume;RAUM01;1 Raum;11,74;€/m²;WHG012;Durchschnittliche Nettokaltmiete;e
4000W;Wohnungen (Gebietsstand 15.05.2022);STAG;Stichtag;2022-05-15;GEOLK4;Landkreise u. krsfr. Städte (Stand 15.05.22);16068;Sömmerda;WHGRM2;Räume;;Insgesamt;5,36;€/m²;WHG012;Durchschnittliche Nettokaltmiete;e
4000W;Wohnungen (Gebietsstand 15.05.2022);STAG;Stichtag;2022-05-15;GEOLK4;Landkreise u. krsfr. Städte (Stand 15.05.22);09777;Ostallgäu;WHGRM2;Räume;RAUM06;6 Räume;6,28;€/m²;WHG012;Durchschnittliche Nettokaltmiete;e
4000W;Wohnungen (Gebietsstand 15.05.2022);STAG;Stichtag;2022-05-15;GEOLK4;Landkreise u. krsfr. Städte (Stand 15.05.22);05315;Köln, Stadt;WHGRM2;Räume;RAUM06;6 Räume;8,84;€/m²;WHG012;Durchschnittliche Nettokaltmiete;e
4000W;Wohnungen (Gebietsstand 15.05.2022);STAG;Stichtag;2022-05-15;GEOLK4;Landkreise u. krsfr. Städte (Stand 15.05.22);05711;Bielefeld, Stadt;WHGRM2;Räume;RAUM07UM;7 und mehr Räume;6,24;€/m²;WHG012;Durchschnittliche Nettokaltmiete;e
4000W;Wohnungen (Gebietsstand 15.05.2022);STAG;Stichtag;2022-05-15;GEOLK4;Landkreise u. krsfr. Städte (Stand 15.05.22);12053;Frankfurt (Oder), Stadt;WHGRM2;Räume;RAUM04;4 Räume;5,27;€/m²;WHG012;Durchschnittliche Nettokaltmiete;e
4000W;Wohnungen (Gebietsstand 15.05.2022);STAG;Stichtag;2022-05-15;GEOLK4;Landkreise u. krsfr. Städte (Stand 15.05.22);03257;Schaumburg;WHGRM2;Räume;RAUM03;3 Räume;5,74;€/m²;WHG012;Durchschnittliche Nettokaltmiete;e
4000W;Wohnungen (Gebietsstand 15.05.2022);STAG;Stichtag;2022-05-15;GEOLK4;Landkreise u. krsfr. Städte (Stand 15.05.22);08437;Sigmaringen;WHGRM2;Räume;RAUM04;4 Räume;5,99;€/m²;WHG012;Durchschnittliche Nettokaltmiete;e
4000W;Wohnungen (Gebietsstand 15.05.2022);STAG;Stichtag;2022-05-15;GEOLK4;Landkreise u. krsfr. Städte (Stand 15.05.22);12061;Dahme-Spreewald;WHGRM2;Räume;RAUM05;5 Räume;6,54;€/m²;WHG012;Durchschnittliche Nettokaltmiete;e
4000W;Wohnungen (Gebietsstand 15.05.2022);STAG;Stichtag;2022-05-15;GEOLK4;Landkreise u. krsfr. Städte (Stand 15.05.22);05112;Duisburg, Stadt;WHGRM2;Räume;RAUM02;2 Räume;6,11;€/m²;WHG012;Durchschnittliche Nettokaltmiete;e
4000W;Wohnungen (Gebietsstand 15.05.2022);STAG;Stichtag;2022-05-15;GEOLK4;Landkreise u. krsfr. Städte (Stand 15.05.22);01004;Neumünster, Stadt;WHGRM2;Räume;;Insgesamt;6,22;€/m²;WHG012;Durchschnittliche Nettokaltmiete;e
4000W;Wohnungen (Gebietsstand 15.05.2022);STAG;Stichtag;2022-05-15;GEOLK4;Landkreise u. krsfr. Städte (Stand 15.05.22);09676;Miltenberg;WHGRM2;Räume;RAUM06;6 Räume;5,53;€/m²;WHG012;Durchschnittliche Nettokaltmiete;e
4000W;Wohnungen (Gebietsstand 15.05.2022);STAG;Stichtag;2022-05-15;GEOLK4;Landkreise u. krsfr. Städte (Stand 15.05.22);03241;Region Hannover;WHGRM2;Räume;RAUM07UM;7 und mehr Räume;6,42;€/m²;WHG012;Durchschnittliche Nettokaltmiete;e
4000W;Wohnungen (Gebietsstand 15.05.2022);STAG;Stichtag;2022-05-15;GEOLK4;Landkreise u. krsfr. Städte (Stand 15.05.22);05158;Mettmann;WHGRM2;Räume;RAUM07UM;7 und mehr Räume;7,28;€/m²;WHG012;Durchschnittliche Nettokaltmiete;e
4000W;Wohnungen (Gebietsstand 15.05.2022);STAG;Stichtag;2022-05-15;GEOLK4;Landkreise u. krsfr. Städte (Stand 15.05.22);05570;Warendorf;WHGRM2;Räume;RAUM06;6 Räume;5,57;€/m²;WHG012;Durchschnittliche Nettokaltmiete;e
4000W;Wohnungen (Gebietsstand 15.05.2022);STAG;Stichtag;2022-05-15;GEOLK4;Landkreise u. krsfr. Städte (Stand 15.05.22);09678;Schweinfurt, Landkreis;WHGRM2;Räume;RAUM05;5 Räume;5,07;€/m²;WHG012;Durchschnittliche Nettokaltmiete;e
4000W;Wohnungen (Gebietsstand 15.05.2022);STAG;Stichtag;2022-05-15;GEOLK4;Landkreise u. krsfr. Städte (Stand 15.05.22);08121;Heilbronn, Stadtkreis;WHGRM2;Räume;RAUM01;1 Raum;12,75;€/m²;WHG012;Durchschnittliche Nettokaltmiete;e
4000W;Wohnungen (Gebietsstand 15.05.2022);STAG;Stichtag;2022-05-15;GEOLK4;Landkreise u. krsfr. Städte (Stand 15.05.22);05558;Coesfeld;WHGRM2;Räume;RAUM02;2 Räume;6,78;€/m²;WHG012;Durchschnittliche Nettokaltmiete;e
4000W;Wohnungen (Gebietsstand 15.05.2022);STAG;Stichtag;2022-05-15;GEOLK4;Landkreise u. krsfr. Städte (Stand 15.05.22);09780;Oberallgäu;WHGRM2;Räume;RAUM07UM;7 und mehr Räume;6,26;€/m²;WHG012;Durchschnittliche Nettokaltmiete;e
4000W;Wohnungen (Gebietsstand 15.05.2022);STAG;Stichtag;2022-05-15;GEOLK4;Landkreise u. krsfr. Städte (Stand 15.05.22);16063;Wartburgkreis;WHGRM2;Räume;RAUM02;2 Räume;5,73;€/m²;WHG012;Durchschnittliche Nettokaltmiete;e
4000W;Wohnungen (Gebietsstand 15.05.2022);STAG;Stichtag;2022-05-15;GEOLK4;Landkreise u. krsfr. Städte (Stand 15.05.22);06440;Wetteraukreis;WHGRM2;Räume;RAUM04;4 Räume;7,32;€/m²;WHG012;Durchschnittliche Nettokaltmiete;e
4000W;Wohnungen (Gebietsstand 15.05.2022);STAG;Stichtag;2022-05-15;GEOLK4;Landkreise u. krsfr. Städte (Stand 15.05.22);03158;Wolfenbüttel;WHGRM2;Räume;RAUM02;2 Räume;7,22;€/m²;WHG012;Durchschnittliche Nettokaltmiete;e
4000W;Wohnungen (Gebietsstand 15.05.2022);STAG;Stichtag;2022-05-15;GEOLK4;Landkreise u. krsfr. Städte (Stand 15.05.22);07334;Germersheim;WHGRM2;Räume;RAUM01;1 Raum;9,99;€/m²;WHG012;Durchschnittliche Nettokaltmiete;e
4000W;Wohnungen (Gebietsstand 15.05.2022);STAG;Stichtag;2022-05-15;GEOLK4;Landkreise u. krsfr. Städte (Stand 15.05.22);16051;Erfurt, Stadt;WHGRM2;Räume;RAUM03;3 Räume;6,35;€/m²;WHG012;Durchschnittliche Nettokaltmiete;e
4000W;Wohnungen (Gebietsstand 15.05.2022);STAG;Stichtag;2022-05-15;GEOLK4;Landkreise u. krsfr. Städte (Stand 15.05.22);07111;Koblenz, kreisfreie Stadt;WHGRM2;Räume;RAUM05;5 Räume;6,48;€/m²;WHG012;Durchschnittliche Nettokaltmiete;e
4000W;Wohnungen (Gebietsstand 15.05.2022);STAG;Stichtag;2022-05-15;GEOLK4;Landkreise u. krsfr. Städte (Stand 15.05.22);09188;Starnberg;WHGRM2;Räume;RAUM01;1 Raum;11,76;€/m²;WHG012;Durchschnittliche Nettokaltmiete;e
4000W;Wohnungen (Gebietsstand 15.05.2022);STAG;Stichtag;2022-05-15;GEOLK4;Landkreise u. krsfr. Städte (Stand 15.05.22);09362;Regensburg, Kreisfreie Stadt;WHGRM2;Räume;RAUM03;3 Räume;8,88;€/m²;WHG012;Durchschnittliche Nettokaltmiete;e
4000W;Wohnungen (Gebietsstand 15.05.2022);STAG;Stichtag;2022-05-15;GEOLK4;Landkreise u. krsfr. Städte (Stand 15.05.22);09775;Neu-Ulm;WHGRM2;Räume;RAUM06;6 Räume;6,81;€/m²;WHG012;Durchschnittliche Nettokaltmiete;e
4000W;Wohnungen (Gebietsstand 15.05.2022);STAG;Stichtag;2022-05-15;GEOLK4;Landkreise u. krsfr. Städte (Stand 15.05.22);09171;Altötting;WHGRM2;Räume;RAUM06;6 Räume;5,86;€/m²;WHG012;Durchschnittliche Nettokaltmiete;e
4000W;Wohnungen (Gebietsstand 15.05.2022);STAG;Stichtag;2022-05-15;GEOLK4;Landkreise u. krsfr. Städte (Stand 15.05.22);09662;Schweinfurt, Kreisfreie Stadt;WHGRM2;Räume;RAUM07UM;7 und mehr Räume;6,67;€/m²;WHG012;Durchschnittliche Nettokaltmiete;e
4000W;Wohnungen (Gebietsstand 15.05.2022);STAG;Stichtag;2022-05-15;GEOLK4;Landkreise u. krsfr. Städte (Stand 15.05.22);03255;Holzminden;WHGRM2;Räume;RAUM03;3 Räume;4,86;€/m²;WHG012;Durchschnittliche Nettokaltmiete;e
4000W;Wohnungen (Gebietsstand 15.05.2022);STAG;Stichtag;2022-05-15;GEOLK4;Landkreise u. krsfr. Städte (Stand 15.05.22);05334;Städteregion Aachen;WHGRM2;Räume;RAUM07UM;7 und mehr Räume;6,21;€/m²;WHG012;Durchschnittliche Nettokaltmiete;e
4000W;Wohnungen (Gebietsstand 15.05.2022);STAG;Stichtag;2022-05-15;GEOLK4;Landkreise u. krsfr. Städte (Stand 15.05.22);08435;Bodenseekreis;WHGRM2;Räume;RAUM04;4 Räume;7,99;€/m²;WHG012;Durchschnittliche Nettokaltmiete;e
4000W;Wohnungen (Gebietsstand 15.05.2022);STAG;Stichtag;2022-05-15;GEOLK4;Landkreise u. krsfr. Städte (Stand 15.05.22);08326;Schwarzwald-Baar-Kreis;WHGRM2;Räume;RAUM05;5 Räume;5,91;€/m²;WHG012;Durchschnittliche Nettokaltmiete;e
4000W;Wohnungen (Gebietsstand 15.05.2022);STAG;Stichtag;2022-05-15;GEOLK4;Landkreise u. krsfr. Städte (Stand 15.05.22);05112;Duisburg, Stadt;WHGRM2;Räume;RAUM07UM;7 und mehr Räume;5,49;€/m²;WHG012;Durchschnittliche Nettokaltmiete;e
4000W;Wohnungen (Gebietsstand 15.05.2022);STAG;Stichtag;2022-05-15;GEOLK4;Landkreise u. krsfr. Städte (Stand 15.05.22);09271;Deggendorf;WHGRM2;Räume;RAUM07UM;7 und mehr Räume;5,32;€/m²;WHG012;Durchschnittliche Nettokaltmiete;e
4000W;Wohnungen (Gebietsstand 15.05.2022);STAG;Stichtag;2022-05-15;GEOLK4;Landkreise u. krsfr. Städte (Stand 15.05.22);09277;Rottal-Inn;WHGRM2;Räume;RAUM02;2 Räume;6,93;€/m²;WHG012;Durchschnittliche Nettokaltmiete;e
4000W;Wohnungen (Gebietsstand 15.05.2022);STAG;Stichtag;2022-05-15;GEOLK4;Landkreise u. krsfr. Städte (Stand 15.05.22);09271;Deggendorf;WHGRM2;Räume;RAUM04;4 Räume;5,86;€/m²;WHG012;Durchschnittliche Nettokaltmiete;e
4000W;Wohnungen (Gebietsstand 15.05.2022);STAG;Stichtag;2022-05-15;GEOLK4;Landkreise u. krsfr. Städte (Stand 15.05.22);07134;Birkenfeld;WHGRM2;Räume;RAUM02;2 Räume;5,61;€/m²;WHG012;Durchschnittliche Nettokaltmiete;e
4000W;Wohnungen (Gebietsstand 15.05.2022);STAG;Stichtag;2022-05-15;GEOLK4;Landkreise u. krsfr. Städte (Stand 15.05.22);13004;Schwerin;WHGRM2;Räume;RAUM02;2 Räume;6,13;€/m²;WHG012;Durchschnittliche Nettokaltmiete;e
4000W;Wohnungen (Gebietsstand 15.05.2022);STAG;Stichtag;2022-05-15;GEOLK4;Landkreise u. krsfr. Städte (Stand 15.05.22);16061;Eichsfeld;WHGRM2;Räume;RAUM02;2 Räume;5,63;€/m²;WHG012;Durchschnittliche Nettokaltmiete;e
4000W;Wohnungen (Gebietsstand 15.05.2022);STAG;Stichtag;2022-05-15;GEOLK4;Landkreise u. krsfr. Städte (Stand 15.05.22);05770;Minden-Lübbecke;WHGRM2;Räume;;Insgesamt;5,75;€/m²;WHG012;Durchschnittliche Nettokaltmiete;e
4000W;Wohnungen (Gebietsstand 15.05.2022);STAG;Stichtag;2022-05-15;GEOLK4;Landkreise u. krsfr. Städte (Stand 15.05.22);08127;Schwäbisch Hall;WHGRM2;Räume;RAUM06;6 Räume;5,71;€/m²;WHG012;Durchschnittliche Nettokaltmiete;e
4000W;Wohnungen (Gebietsstand 15.05.2022);STAG;Stichtag;2022-05-15;GEOLK4;Landkreise u. krsfr. Städte (Stand 15.05.22);09475;Hof, Landkreis;WHGRM2;Räume;RAUM01;1 Raum;5,99;€/m²;WHG012;Durchschnittliche Nettokaltmiete;e
4000W;Wohnungen (Gebietsstand 15.05.2022);STAG;Stichtag;2022-05-15;GEOLK4;Landkreise u. krsfr. Städte (Stand 15.05.22);03456;Grafschaft Bentheim;WHGRM2;Räume;RAUM07UM;7 und mehr Räume;4,94;€/m²;WHG012;Durchschnittliche Nettokaltmiete;e
4000W;Wohnungen (Gebietsstand 15.05.2022);STAG;Stichtag;2022-05-15;GEOLK4;Landkreise u. krsfr. Städte (Stand 15.05.22);14625;Bautzen;WHGRM2;Räume;RAUM02;2 Räume;5,34;€/m²;WHG012;Durchschnittliche Nettokaltmiete;e
4000W;Wohnungen (Gebietsstand 15.05.2022);STAG;Stichtag;2022-05-15;GEOLK4;Landkreise u. krsfr. Städte (Stand 15.05.22);09182;Miesbach;WHGRM2;Räume;RAUM04;4 Räume;8,83;€/m²;WHG012;Durchschnittliche Nettokaltmiete;e
4000W;Wohnungen (Gebietsstand 15.05.2022);STAG;Stichtag;2022-05-15;GEOLK4;Landkreise u. krsfr. Städte (Stand 15.05.22);05562;Recklinghausen;WHGRM2;Räume;RAUM04;4 Räume;5,71;€/m²;WHG012;Durchschnittliche Nettokaltmiete;e
4000W;Wohnungen (Gebietsstand 15.05.2022);STAG;Stichtag;2022-05-15;GEOLK4;Landkreise u. krsfr. Städte (Stand 15.05.22);06432;Darmstadt-Dieburg;WHGRM2;Räume;RAUM04;4 Räume;7,53;€/m²;WHG012;Durchschnittliche Nettokaltmiete;e
4000W;Wohnungen (Gebietsstand 15.05.2022);STAG;Stichtag;2022-05-15;GEOLK4;Landkreise u. krsfr. Städte (Stand 15.05.22);07332;Bad Dürkheim;WHGRM2;Räume;RAUM01;1 Raum;9,26;€/m²;WHG012;Durchschnittliche Nettokaltmiete;e
4000W;Wohnungen (Gebietsstand 15.05.2022);STAG;Stichtag;2022-05-15;GEOLK4;Landkreise u. krsfr. Städte (Stand 15.05.22);09190;Weilheim-Schongau;WHGRM2;Räume;RAUM07UM;7 und mehr Räume;7,36;€/m²;WHG012;Durchschnittliche Nettokaltmiete;e
4000W;Wohnungen (Gebietsstand 15.05.2022);STAG;Stichtag;2022-05-15;GEOLK4;Landkreise u. krsfr. Städte (Stand 15.05.22);09572;Erlangen-Höchstadt;WHGRM2;Räume;RAUM02;2 Räume;8,58;€/m²;WHG012;Durchschnittliche Nettokaltmiete;e
4000W;Wohnungen (Gebietsstand 15.05.2022);STAG;Stichtag;2022-05-15;GEOLK4;Landkreise u. krsfr. Städte (Stand 15.05.22);12063;Havelland;WHGRM2;Räume;RAUM05;5 Räume;6,39;€/m²;WHG012;Durchschnittliche Nettokaltmiete;e
4000W;Wohnungen (Gebietsstand 15.05.2022);STAG;Stichtag;2022-05-15;GEOLK4;Landkreise u. krsfr. Städte (Stand 15.05.22);06436;Main-Taunus-Kreis;WHGRM2;Räume;RAUM01;1 Raum;11,53;€/m²;WHG012;Durchschnittliche Nettokaltmiete;e
4000W;Wohnungen (Gebietsstand 15.05.2022);STAG;Stichtag;2022-05-15;GEOLK4;Landkreise u. krsfr. Städte (Stand 15.05.22);06633;Kassel;WHGRM2;Räume;;Insgesamt;5,78;€/m²;WHG012;Durchschnittliche Nettokaltmiete;e
4000W;Wohnungen (Gebietsstand 15.05.2022);STAG;Stichtag;2022-05-15;GEOLK4;Landkreise u. krsfr. Städte (Stand 15.05.22);03251;Diepholz;WHGRM2;Räume;RAUM06;6 Räume;5,23;€/m²;WHG012;Durchschnittliche Nettokaltmiete;e
4000W;Wohnungen (Gebietsstand 15.05.2022);STAG;Stichtag;2022-05-15;GEOLK4;Landkreise u. krsfr. Städte (Stand 15.05.22);08237;Freudenstadt;WHGRM2;Räume;RAUM05;5 Räume;5,76;€/m²;WHG012;Durchschnittliche Nettokaltmiete;e
4000W;Wohnungen (Gebietsstand 15.05.2022);STAG;Stichtag;2022-05-15;GEOLK4;Landkreise u. krsfr. Städte (Stand 15.05.22);05513;Gelsenkirchen, Stadt;WHGRM2;Räume;RAUM05;5 Räume;5,30;€/m²;WHG012;Durchschnittliche Nettokaltmiete;e
4000W;Wohnungen (Gebietsstand 15.05.2022);STAG;Stichtag;2022-05-15;GEOLK4;Landkreise u. krsfr. Städte (Stand 15.05.22);01057;Plön;WHGRM2;Räume;RAUM02;2 Räume;7,52;€/m²;WHG012;Durchschnittliche Nettokaltmiete;e
4000W;Wohnungen (Gebietsstand 15.05.2022);STAG;Stichtag;2022-05-15;GEOLK4;Landkreise u. krsfr. Städte (Stand 15.05.22);16072;Sonneberg;WHGRM2;Räume;;Insgesamt;5,21;€/m²;WHG012;Durchschnittliche Nettokaltmiete;e
4000W;Wohnungen (Gebietsstand 15.05.2022);STAG;Stichtag;2022-05-15;GEOLK4;Landkreise u. krsfr. Städte (Stand 15.05.22);08335;Konstanz;WHGRM2;Räume;;Insgesamt;8,69;€/m²;WHG012;Durchschnittliche Nettokaltmiete;e
4000W;Wohnungen (Gebietsstand 15.05.2022);STAG;Stichtag;2022-05-15;GEOLK4;Landkreise u. krsfr. Städte (Stand 15.05.22);03462;Wittmund;WHGRM2;Räume;RAUM07UM;7 und mehr Räume;4,93;€/m²;WHG012;Durchschnittliche Nettokaltmiete;e
4000W;Wohnungen (Gebietsstand 15.05.2022);STAG;Stichtag;2022-05-15;GEOLK4;Landkreise u. krsfr. Städte (Stand 15.05.22);09190;Weilheim-Schongau;WHGRM2;Räume;RAUM06;6 Räume;7,69;€/m²;WHG012;Durchschnittliche Nettokaltmiete;e
4000W;Wohnungen (Gebietsstand 15.05.2022);STAG;Stichtag;2022-05-15;GEOLK4;Landkreise u. krsfr. Städte (Stand 15.05.22);05570;Warendorf;WHGRM2;Räume;RAUM07UM;7 und mehr Räume;5,30;€/m²;WHG012;Durchschnittliche Nettokaltmiete;e
4000W;Wohnungen (Gebietsstand 15.05.2022);STAG;Stichtag;2022-05-15;GEOLK4;Landkreise u. krsfr. Städte (Stand 15.05.22);09183;Mühldorf a.Inn;WHGRM2;Räume;RAUM07UM;7 und mehr Räume;5,76;€/m²;WHG012;Durchschnittliche Nettokaltmiete;e
4000W;Wohnungen (Gebietsstand 15.05.2022);STAG;Stichtag;2022-05-15;GEOLK4;Landkreise u. krsfr. Städte (Stand 15.05.22);07133;Bad Kreuznach;WHGRM2;Räume;RAUM07UM;7 und mehr Räume;5,01;€/m²;WHG012;Durchschnittliche Nettokaltmiete;e
4000W;Wohnungen (Gebietsstand 15.05.2022);STAG;Stichtag;2022-05-15;GEOLK4;Landkreise u. krsfr. Städte (Stand 15.05.22);09184;München, Landkreis;WHGRM2;Räume;RAUM04;4 Räume;10,83;€/m²;WHG012;Durchschnittliche Nettokaltmiete;e
4000W;Wohnungen (Gebietsstand 15.05.2022);STAG;Stichtag;2022-05-15;GEOLK4;Landkreise u. krsfr. Städte (Stand 15.05.22);07232;Eifelkreis Bitburg-Prüm;WHGRM2;Räume;;Insgesamt;6,19;€/m²;WHG012;Durchschnittliche Nettokaltmiete;e
4000W;Wohnungen (Gebietsstand 15.05.2022);STAG;Stichtag;2022-05-15;GEOLK4;Landkreise u. krsfr. Städte (Stand 15.05.22);16072;Sonneberg;WHGRM2;Räume;RAUM01;1 Raum;6,68;€/m²;WHG012;Durchschnittliche Nettokaltmiete;e
4000W;Wohnungen (Gebietsstand 15.05.2022);STAG;Stichtag;2022-05-15;GEOLK4;Landkreise u. krsfr. Städte (Stand 15.05.22);08325;Rottweil;WHGRM2;Räume;;Insgesamt;6,14;€/m²;WHG012;Durchschnittliche Nettokaltmiete;e
4000W;Wohnungen (Gebietsstand 15.05.2022);STAG;Stichtag;2022-05-15;GEOLK4;Landkreise u. krsfr. Städte (Stand 15.05.22);09562;Erlangen;WHGRM2;Räume;RAUM01;1 Raum;12,77;€/m²;WHG012;Durchschnittliche Nettokaltmiete;e
4000W;Wohnungen (Gebietsstand 15.05.2022);STAG;Stichtag;2022-05-15;GEOLK4;Landkreise u. krsfr. Städte (Stand 15.05.22);07132;Altenkirchen (Westerwald);WHGRM2;Räume;RAUM07UM;7 und mehr Räume;4,29;€/m²;WHG012;Durchschnittliche Nettokaltmiete;e
4000W;Wohnungen (Gebietsstand 15.05.2022);STAG;Stichtag;2022-05-15;GEOLK4;Landkreise u. krsfr. Städte (Stand 15.05.22);05914;Hagen, Stadt der FernUniversität;WHGRM2;Räume;RAUM02;2 Räume;5,86;€/m²;WHG012;Durchschnittliche Nettokaltmiete;e
4000W;Wohnungen (Gebietsstand 15.05.2022);STAG;Stichtag;2022-05-15;GEOLK4;Landkreise u. krsfr. Städte (Stand 15.05.22);01053;Herzogtum Lauenburg;WHGRM2;Räume;RAUM03;3 Räume;7,53;€/m²;WHG012;Durchschnittliche Nettokaltmiete;e
4000W;Wohnungen (Gebietsstand 15.05.2022);STAG;Stichtag;2022-05-15;GEOLK4;Landkreise u. krsfr. Städte (Stand 15.05.22);08216;Rastatt;WHGRM2;Räume;RAUM06;6 Räume;6,21;€/m²;WHG012;Durchschnittliche Nettokaltmiete;e
4000W;Wohnungen (Gebietsstand 15.05.2022);STAG;Stichtag;2022-05-15;GEOLK4;Landkreise u. krsfr. Städte (Stand 15.05.22);09262;Passau, Kreisfreie Stadt;WHGRM2;Räume;RAUM05;5 Räume;6,32;€/m²;WHG012;Durchschnittliche Nettokaltmiete;e
4000W;Wohnungen (Gebietsstand 15.05.2022);STAG;Stichtag;2022-05-15;GEOLK4;Landkreise u. krsfr. Städte (Stand 15.05.22);12072;Teltow-Fläming;WHGRM2;Räume;RAUM04;4 Räume;6,04;€/m²;WHG012;Durchschnittliche Nettokaltmiete;e
4000W;Wohnungen (Gebietsstand 15.05.2022);STAG;Stichtag;2022-05-15;GEOLK4;Landkreise u. krsfr. Städte (Stand 15.05.22);03455;Friesland;WHGRM2;Räume;RAUM02;2 Räume;6,99;€/m²;WHG012;Durchschnittliche Nettokaltmiete;e
4000W;Wohnungen (Gebietsstand 15.05.2022);STAG;Stichtag;2022-05-15;GEOLK4;Landkreise u. krsfr. Städte (Stand 15.05.22);09564;Nürnberg;WHGRM2;Räume;RAUM01;1 Raum;11,10;€/m²;WHG012;Durchschnittliche Nettokaltmiete;e
4000W;Wohnungen (Gebietsstand 15.05.2022);STAG;Stichtag;2022-05-15;GEOLK4;Landkreise u. krsfr. Städte (Stand 15.05.22);03153;Goslar;WHGRM2;Räume;RAUM06;6 Räume;4,52;€/m²;WHG012;Durchschnittliche Nettokaltmiete;e
4000W;Wohnungen (Gebietsstand 15.05.2022);STAG;Stichtag;2022-05-15;GEOLK4;Landkreise u. krsfr. Städte (Stand 15.05.22);14729;Leipzig;WHGRM2;Räume;RAUM07UM;7 und mehr Räume;5,22;€/m²;WHG012;Durchschnittliche Nettokaltmiete;e
4000W;Wohnungen (Gebietsstand 15.05.2022);STAG;Stichtag;2022-05-15;GEOLK4;Landkreise u. krsfr. Städte (Stand 15.05.22);09376;Schwandorf;WHGRM2;Räume;;Insgesamt;5,83;€/m²;WHG012;Durchschnittliche Nettokaltmiete;e
4000W;Wohnungen (Gebietsstand 15.05.2022);STAG;Stichtag;2022-05-15;GEOLK4;Landkreise u. krsfr. Städte (Stand 15.05.22);10046;St. Wendel;WHGRM2;Räume;RAUM01;1 Raum;7,29;€/m²;WHG012;Durchschnittliche Nettokaltmiete;e
4000W;Wohnungen (Gebietsstand 15.05.2022);STAG;Stichtag;2022-05-15;GEOLK4;Landkreise u. krsfr. Städte (Stand 15.05.22);03457;Leer;WHGRM2;Räume;RAUM01;1 Raum;9,13;€/m²;WHG012;Durchschnittliche Nettokaltmiete;e
4000W;Wohnungen (Gebietsstand 15.05.2022);STAG;Stichtag;2022-05-15;GEOLK4;Landkreise u. krsfr. Städte (Stand 15.05.22);05515;Münster, Stadt;WHGRM2;Räume;RAUM05;5 Räume;7,78;€/m²;WHG012;Durchschnittliche Nettokaltmiete;e
4000W;Wohnungen (Gebietsstand 15.05.2022);STAG;Stichtag;2022-05-15;GEOLK4;Landkreise u. krsfr. Städte (Stand 15.05.22);01055;Ostholstein;WHGRM2;Räume;RAUM02;2 Räume;7,97;€/m²;WHG012;Durchschnittliche Nettokaltmiete;e
4000W;Wohnungen (Gebietsstand 15.05.2022);STAG;Stichtag;2022-05-15;GEOLK4;Landkreise u. krsfr. Städte (Stand 15.05.22);09275;Passau, Landkreis;WHGRM2;Räume;RAUM03;3 Räume;5,91;€/m²;WHG012;Durchschnittliche Nettokaltmiete;e
4000W;Wohnungen (Gebietsstand 15.05.2022);STAG;Stichtag;2022-05-15;GEOLK4;Landkreise u. krsfr. Städte (Stand 15.05.22);16053;Jena, Stadt;WHGRM2;Räume;RAUM01;1 Raum;8,74;€/m²;WHG012;Durchschnittliche Nettokaltmiete;e
4000W;Wohnungen (Gebietsstand 15.05.2022);STAG;Stichtag;2022-05-15;GEOLK4;Landkreise u. krsfr. Städte (Stand 15.05.22);07140;Rhein-Hunsrück-Kreis;WHGRM2;Räume;RAUM07UM;7 und mehr Räume;4,43;€/m²;WHG012;Durchschnittliche Nettokaltmiete;e
4000W;Wohnungen (Gebietsstand 15.05.2022);STAG;Stichtag;2022-05-15;GEOLK4;Landkreise u. krsfr. Städte (Stand 15.05.22);07132;Altenkirchen (Westerwald);WHGRM2;Räume;RAUM03;3 Räume;5,42;€/m²;WHG012;Durchschnittliche Nettokaltmiete;e
4000W;Wohnungen (Gebietsstand 15.05.2022);STAG;Stichtag;2022-05-15;GEOLK4;Landkreise u. krsfr. Städte (Stand 15.05.22);07138;Neuwied;WHGRM2;Räume;;Insgesamt;5,91;€/m²;WHG012;Durchschnittliche Nettokaltmiete;e
4000W;Wohnungen (Gebietsstand 15.05.2022);STAG;Stichtag;2022-05-15;GEOLK4;Landkreise u. krsfr. Städte (Stand 15.05.22);09375;Regensburg, Landkreis;WHGRM2;Räume;RAUM01;1 Raum;10,05;€/m²;WHG012;Durchschnittliche Nettokaltmiete;e
4000W;Wohnungen (Gebietsstand 15.05.2022);STAG;Stichtag;2022-05-15;GEOLK4;Landkreise u. krsfr. Städte (Stand 15.05.22);03455;Friesland;WHGRM2;Räume;RAUM07UM;7 und mehr Räume;4,81;€/m²;WHG012;Durchschnittliche Nettokaltmiete;e
4000W;Wohnungen (Gebietsstand 15.05.2022);STAG;Stichtag;2022-05-15;GEOLK4;Landkreise u. krsfr. Städte (Stand 15.05.22);05358;Düren;WHGRM2;Räume;RAUM03;3 Räume;6,21;€/m²;WHG012;Durchschnittliche Nettokaltmiete;e
4000W;Wohnungen (Gebietsstand 15.05.2022);STAG;Stichtag;2022-05-15;GEOLK4;Landkreise u. krsfr. Städte (Stand 15.05.22);09173;Bad Tölz-Wolfratshausen;WHGRM2;Räume;RAUM05;5 Räume;8,60;€/m²;WHG012;Durchschnittliche Nettokaltmiete;e
4000W;Wohnungen (Gebietsstand 15.05.2022);STAG;Stichtag;2022-05-15;GEOLK4;Landkreise u. krsfr. Städte (Stand 15.05.22);08426;Biberach;WHGRM2;Räume;RAUM05;5 Räume;6,13;€/m²;WHG012;Durchschnittliche Nettokaltmiete;e
4000W;Wohnungen (Gebietsstand 15.05.2022);STAG;Stichtag;2022-05-15;GEOLK4;Landkreise u. krsfr. Städte (Stand 15.05.22);03355;Lüneburg;WHGRM2;Räume;RAUM03;3 Räume;7,82;€/m²;WHG012;Durchschnittliche Nettokaltmiete;e
4000W;Wohnungen (Gebietsstand 15.05.2022);STAG;Stichtag;2022-05-15;GEOLK4;Landkreise u. krsfr. Städte (Stand 15.05.22);09663;Würzburg, Kreisfreie Stadt;WHGRM2;Räume;RAUM07UM;7 und mehr Räume;8,08;€/m²;WHG012;Durchschnittliche Nettokaltmiete;e
4000W;Wohnungen (Gebietsstand 15.05.2022);STAG;Stichtag;2022-05-15;GEOLK4;Landkreise u. krsfr. Städte (Stand 15.05.22);05113;Essen, Stadt;WHGRM2;Räume;RAUM07UM;7 und mehr Räume;6,77;€/m²;WHG012;Durchschnittliche Nettokaltmiete;e
4000W;Wohnungen (Gebietsstand 15.05.2022);STAG;Stichtag;2022-05-15;GEOLK4;Landkreise u. krsfr. Städte (Stand 15.05.22);16055;Weimar, Stadt;WHGRM2;Räume;RAUM07UM;7 und mehr Räume;6,55;€/m²;WHG012;Durchschnittliche Nettokaltmiete;e
4000W;Wohnungen (Gebietsstand 15.05.2022);STAG;Stichtag;2022-05-15;GEOLK4;Landkreise u. krsfr. Städte (Stand 15.05.22);03461;Wesermarsch;WHGRM2;Räume;RAUM04;4 Räume;5,15;€/m²;WHG012;Durchschnittliche Nettokaltmiete;e
4000W;Wohnungen (Gebietsstand 15.05.2022);STAG;Stichtag;2022-05-15;GEOLK4;Landkreise u. krsfr. Städte (Stand 15.05.22);03151;Gifhorn;WHGRM2;Räume;RAUM06;6 Räume;5,81;€/m²;WHG012;Durchschnittliche Nettokaltmiete;e
4000W;Wohnungen (Gebietsstand 15.05.2022);STAG;Stichtag;2022-05-15;GEOLK4;Landkreise u. krsfr. Städte (Stand 15.05.22);09186;Pfaffenhofen a.d.Ilm;WHGRM2;Räume;RAUM03;3 Räume;8,50;€/m²;WHG012;Durchschnittliche Nettokaltmiete;e
4000W;Wohnungen (Gebietsstand 15.05.2022);STAG;Stichtag;2022-05-15;GEOLK4;Landkreise u. krsfr. Städte (Stand 15.05.22);09273;Kelheim;WHGRM2;Räume;RAUM03;3 Räume;7,24;€/m²;WHG012;Durchschnittliche Nettokaltmiete;e
4000W;Wohnungen (Gebietsstand 15.05.2022);STAG;Stichtag;2022-05-15;GEOLK4;Landkreise u. krsfr. Städte (Stand 15.05.22);08235;Calw;WHGRM2;Räume;RAUM06;6 Räume;6,15;€/m²;WHG012;Durchschnittliche Nettokaltmiete;e
4000W;Wohnungen (Gebietsstand 15.05.2022);STAG;Stichtag;2022-05-15;GEOLK4;Landkreise u. krsfr. Städte (Stand 15.05.22);06434;Hochtaunuskreis;WHGRM2;Räume;RAUM02;2 Räume;9,82;€/m²;WHG012;Durchschnittliche Nettokaltmiete;e
4000W;Wohnungen (Gebietsstand 15.05.2022);STAG;Stichtag;2022-05-15;GEOLK4;Landkreise u. krsfr. Städte (Stand 15.05.22);06414;Wiesbaden, Landeshauptstadt;WHGRM2;Räume;;Insgesamt;9,21;€/m²;WHG012;Durchschnittliche Nettokaltmiete;e
4000W;Wohnungen (Gebietsstand 15.05.2022);STAG;Stichtag;2022-05-15;GEOLK4;Landkreise u. krsfr. Städte (Stand 15.05.22);12068;Ostprignitz-Ruppin;WHGRM2;Räume;RAUM01;1 Raum;6,86;€/m²;WHG012;Durchschnittliche Nettokaltmiete;e
4000W;Wohnungen (Gebietsstand 15.05.2022);STAG;Stichtag;2022-05-15;GEOLK4;Landkreise u. krsfr. Städte (Stand 15.05.22);05566;Steinfurt;WHGRM2;Räume;RAUM03;3 Räume;6,16;€/m²;WHG012;Durchschnittliche Nettokaltmiete;e
4000W;Wohnungen (Gebietsstand 15.05.2022);STAG;Stichtag;2022-05-15;GEOLK4;Landkreise u. krsfr. Städte (Stand 15.05.22);01004;Neumünster, Stadt;WHGRM2;Räume;RAUM04;4 Räume;6,00;€/m²;WHG012;Durchschnittliche Nettokaltmiete;e
4000W;Wohnungen (Gebietsstand 15.05.2022);STAG;Stichtag;2022-05-15;GEOLK4;Landkreise u. krsfr. Städte (Stand 15.05.22);05362;Rhein-Erft-Kreis;WHGRM2;Räume;RAUM06;6 Räume;7,23;€/m²;WHG012;Durchschnittliche Nettokaltmiete;e
4000W;Wohnungen (Gebietsstand 15.05.2022);STAG;Stichtag;2022-05-15;GEOLK4;Landkreise u. krsfr. Städte (Stand 15.05.22);07340;Südwestpfalz;WHGRM2;Räume;RAUM03;3 Räume;5,07;€/m²;WHG012;Durchschnittliche Nettokaltmiete;e
4000W;Wohnungen (Gebietsstand 15.05.2022);STAG;Stichtag;2022-05-15;GEOLK4;Landkreise u. krsfr. Städte (Stand 15.05.22);09673;Rhön-Grabfeld;WHGRM2;Räume;;Insgesamt;5,22;€/m²;WHG012;Durchschnittliche Nettokaltmiete;e
4000W;Wohnungen (Gebietsstand 15.05.2022);STAG;Stichtag;2022-05-15;GEOLK4;Landkreise u. krsfr. Städte (Stand 15.05.22);06435;Main-Kinzig-Kreis;WHGRM2;Räume;RAUM02;2 Räume;8,05;€/m²;WHG012;Durchschnittliche Nettokaltmiete;e
4000W;Wohnungen (Gebietsstand 15.05.2022);STAG;Stichtag;2022-05-15;GEOLK4;Landkreise u. krsfr. Städte (Stand 15.05.22);03157;Peine;WHGRM2;Räume;RAUM03;3 Räume;6,41;€/m²;WHG012;Durchschnittliche Nettokaltmiete;e
4000W;Wohnungen (Gebietsstand 15.05.2022);STAG;Stichtag;2022-05-15;GEOLK4;Landkreise u. krsfr. Städte (Stand 15.05.22);08337;Waldshut;WHGRM2;Räume;RAUM04;4 Räume;6,64;€/m²;WHG012;Durchschnittliche Nettokaltmiete;e
4000W;Wohnungen (Gebietsstand 15.05.2022);STAG;Stichtag;2022-05-15;GEOLK4;Landkreise u. krsfr. Städte (Stand 15.05.22);08211;Baden-Baden, Stadtkreis;WHGRM2;Räume;RAUM01;1 Raum;10,72;€/m²;WHG012;Durchschnittliche Nettokaltmiete;e
4000W;Wohnungen (Gebietsstand 15.05.2022);STAG;Stichtag;2022-05-15;GEOLK4;Landkreise u. krsfr. Städte (Stand 15.05.22);12064;Märkisch-Oderland;WHGRM2;Räume;RAUM04;4 Räume;5,74;€/m²;WHG012;Durchschnittliche Nettokaltmiete;e
4000W;Wohnungen (Gebietsstand 15.05.2022);STAG;Stichtag;2022-05-15;GEOLK4;Landkreise u. krsfr. Städte (Stand 15.05.22);12070;Prignitz;WHGRM2;Räume;RAUM06;6 Räume;4,29;€/m²;WHG012;Durchschnittliche Nettokaltmiete;e
4000W;Wohnungen (Gebietsstand 15.05.2022);STAG;Stichtag;2022-05-15;GEOLK4;Landkreise u. krsfr. Städte (Stand 15.05.22);05962;Märkischer Kreis;WHGRM2;Räume;RAUM07UM;7 und mehr Räume;4,87;€/m²;WHG012;Durchschnittliche Nettokaltmiete;e
4000W;Wohnungen (Gebietsstand 15.05.2022);STAG;Stichtag;2022-05-15;GEOLK4;Landkreise u. krsfr. Städte (Stand 15.05.22);03461;Wesermarsch;WHGRM2;Räume;RAUM03;3 Räume;5,46;€/m²;WHG012;Durchschnittliche Nettokaltmiete;e
4000W;Wohnungen (Gebietsstand 15.05.2022);STAG;Stichtag;2022-05-15;GEOLK4;Landkreise u. krsfr. Städte (Stand 15.05.22);03254;Hildesheim;WHGRM2;Räume;RAUM04;4 Räume;5,58;€/m²;WHG012;Durchschnittliche Nettokaltmiete;e
4000W;Wohnungen (Gebietsstand 15.05.2022);STAG;Stichtag;2022-05-15;GEOLK4;Landkreise u. krsfr. Städte (Stand 15.05.22);09675;Kitzingen;WHGRM2;Räume;;Insgesamt;5,74;€/m²;WHG012;Durchschnittliche Nettokaltmiete;e
4000W;Wohnungen (Gebietsstand 15.05.2022);STAG;Stichtag;2022-05-15;GEOLK4;Landkreise u. krsfr. Städte (Stand 15.05.22);12068;Ostprignitz-Ruppin;WHGRM2;Räume;RAUM02;2 Räume;5,91;€/m²;WHG012;Durchschnittliche Nettokaltmiete;e
4000W;Wohnungen (Gebietsstand 15.05.2022);STAG;Stichtag;2022-05-15;GEOLK4;Landkreise u. krsfr. Städte (Stand 15.05.22);09678;Schweinfurt, Landkreis;WHGRM2;Räume;RAUM07UM;7 und mehr Räume;4,94;€/m²;WHG012;Durchschnittliche Nettokaltmiete;e
4000W;Wohnungen (Gebietsstand 15.05.2022);STAG;Stichtag;2022-05-15;GEOLK4;Landkreise u. krsfr. Städte (Stand 15.05.22);06431;Bergstraße;WHGRM2;Räume;RAUM04;4 Räume;6,80;€/m²;WHG012;Durchschnittliche Nettokaltmiete;e
4000W;Wohnungen (Gebietsstand 15.05.2022);STAG;Stichtag;2022-05-15;GEOLK4;Landkreise u. krsfr. Städte (Stand 15.05.22);08221;Heidelberg, Stadtkreis;WHGRM2;Räume;RAUM01;1 Raum;13,78;€/m²;WHG012;Durchschnittliche Nettokaltmiete;e
4000W;Wohnungen (Gebietsstand 15.05.2022);STAG;Stichtag;2022-05-15;GEOLK4;Landkreise u. krsfr. Städte (Stand 15.05.22);09778;Unterallgäu;WHGRM2;Räume;RAUM05;5 Räume;6,06;€/m²;WHG012;Durchschnittliche Nettokaltmiete;e
4000W;Wohnungen (Gebietsstand 15.05.2022);STAG;Stichtag;2022-05-15;GEOLK4;Landkreise u. krsfr. Städte (Stand 15.05.22);14523;Vogtlandkreis;WHGRM2;Räume;RAUM04;4 Räume;4,40;€/m²;WHG012;Durchschnittliche Nettokaltmiete;e
4000W;Wohnungen (Gebietsstand 15.05.2022);STAG;Stichtag;2022-05-15;GEOLK4;Landkreise u. krsfr. Städte (Stand 15.05.22);15083;Börde;WHGRM2;Räume;RAUM04;4 Räume;4,96;€/m²;WHG012;Durchschnittliche Nettokaltmiete;e
4000W;Wohnungen (Gebietsstand 15.05.2022);STAG;Stichtag;2022-05-15;GEOLK4;Landkreise u. krsfr. Städte (Stand 15.05.22);09463;Coburg, Kreisfreie Stadt;WHGRM2;Räume;RAUM07UM;7 und mehr Räume;5,91;€/m²;WHG012;Durchschnittliche Nettokaltmiete;e
4000W;Wohnungen (Gebietsstand 15.05.2022);STAG;Stichtag;2022-05-15;GEOLK4;Landkreise u. krsfr. Städte (Stand 15.05.22);05334;Städteregion Aachen;WHGRM2;Räume;RAUM06;6 Räume;6,43;€/m²;WHG012;Durchschnittliche Nettokaltmiete;e
4000W;Wohnungen (Gebietsstand 15.05.2022);STAG;Stichtag;2022-05-15;GEOLK4;Landkreise u. krsfr. Städte (Stand 15.05.22);03351;Celle;WHGRM2;Räume;RAUM05;5 Räume;5,57;€/m²;WHG012;Durchschnittliche Nettokaltmiete;e
4000W;Wohnungen (Gebietsstand 15.05.2022);STAG;Stichtag;2022-05-15;GEOLK4;Landkreise u. krsfr. Städte (Stand 15.05.22);05170;Wesel;WHGRM2;Räume;RAUM01;1 Raum;7,21;€/m²;WHG012;Durchschnittliche Nettokaltmiete;e
4000W;Wohnungen (Gebietsstand 15.05.2022);STAG;Stichtag;2022-05-15;GEOLK4;Landkreise u. krsfr. Städte (Stand 15.05.22);05111;Düsseldorf, Stadt;WHGRM2;Räume;RAUM02;2 Räume;9,70;€/m²;WHG012;Durchschnittliche Nettokaltmiete;e
4000W;Wohnungen (Gebietsstand 15.05.2022);STAG;Stichtag;2022-05-15;GEOLK4;Landkreise u. krsfr. Städte (Stand 15.05.22);12054;Potsdam, Stadt;WHGRM2;Räume;RAUM04;4 Räume;6,91;€/m²;WHG012;Durchschnittliche Nettokaltmiete;e
4000W;Wohnungen (Gebietsstand 15.05.2022);STAG;Stichtag;2022-05-15;GEOLK4;Landkreise u. krsfr. Städte (Stand 15.05.22);01057;Plön;WHGRM2;Räume;RAUM01;1 Raum;7,81;€/m²;WHG012;Durchschnittliche Nettokaltmiete;e
4000W;Wohnungen (Gebietsstand 15.05.2022);STAG;Stichtag;2022-05-15;GEOLK4;Landkreise u. krsfr. Städte (Stand 15.05.22);16070;Ilm-Kreis;WHGRM2;Räume;RAUM03;3 Räume;5,47;€/m²;WHG012;Durchschnittliche Nettokaltmiete;e
4000W;Wohnungen (Gebietsstand 15.05.2022);STAG;Stichtag;2022-05-15;GEOLK4;Landkreise u. krsfr. Städte (Stand 15.05.22);07143;Westerwaldkreis;WHGRM2;Räume;RAUM03;3 Räume;5,84;€/m²;WHG012;Durchschnittliche Nettokaltmiete;e
4000W;Wohnungen (Gebietsstand 15.05.2022);STAG;Stichtag;2022-05-15;GEOLK4;Landkreise u. krsfr. Städte (Stand 15.05.22);13074;Nordwestmecklenburg;WHGRM2;Räume;RAUM01;1 Raum;6,96;€/m²;WHG012;Durchschnittliche Nettokaltmiete;e
4000W;Wohnungen (Gebietsstand 15.05.2022);STAG;Stichtag;2022-05-15;GEOLK4;Landkreise u. krsfr. Städte (Stand 15.05.22);07311;Frankenthal (Pfalz), kreisfreie Stadt;WHGRM2;Räume;RAUM03;3 Räume;7,09;€/m²;WHG012;Durchschnittliche Nettokaltmiete;e
4000W;Wohnungen (Gebietsstand 15.05.2022);STAG;Stichtag;2022-05-15;GEOLK4;Landkreise u. krsfr. Städte (Stand 15.05.22);10045;Saarpfalz-Kreis;WHGRM2;Räume;RAUM01;1 Raum;8,52;€/m²;WHG012;Durchschnittliche Nettokaltmiete;e
4000W;Wohnungen (Gebietsstand 15.05.2022);STAG;Stichtag;2022-05-15;GEOLK4;Landkreise u. krsfr. Städte (Stand 15.05.22);09272;Freyung-Grafenau;WHGRM2;Räume;RAUM04;4 Räume;4,63;€/m²;WHG012;Durchschnittliche Nettokaltmiete;e
4000W;Wohnungen (Gebietsstand 15.05.2022);STAG;Stichtag;2022-05-15;GEOLK4;Landkreise u. krsfr. Städte (Stand 15.05.22);09179;Fürstenfeldbruck;WHGRM2;Räume;RAUM01;1 Raum;12,69;€/m²;WHG012;Durchschnittliche Nettokaltmiete;e
4000W;Wohnungen (Gebietsstand 15.05.2022);STAG;Stichtag;2022-05-15;GEOLK4;Landkreise u. krsfr. Städte (Stand 15.05.22);05766;Lippe;WHGRM2;Räume;RAUM01;1 Raum;8,09;€/m²;WHG012;Durchschnittliche Nettokaltmiete;e
4000W;Wohnungen (Gebietsstand 15.05.2022);STAG;Stichtag;2022-05-15;GEOLK4;Landkreise u. krsfr. Städte (Stand 15.05.22);09363;Weiden i.d.OPf.;WHGRM2;Räume;RAUM03;3 Räume;5,75;€/m²;WHG012;Durchschnittliche Nettokaltmiete;e
4000W;Wohnungen (Gebietsstand 15.05.2022);STAG;Stichtag;2022-05-15;GEOLK4;Landkreise u. krsfr. Städte (Stand 15.05.22);09276;Regen;WHGRM2;Räume;RAUM02;2 Räume;5,85;€/m²;WHG012;Durchschnittliche Nettokaltmiete;e
4000W;Wohnungen (Gebietsstand 15.05.2022);STAG;Stichtag;2022-05-15;GEOLK4;Landkreise u. krsfr. Städte (Stand 15.05.22);05970;Siegen-Wittgenstein;WHGRM2;Räume;RAUM02;2 Räume;7,12;€/m²;WHG012;Durchschnittliche Nettokaltmiete;e
4000W;Wohnungen (Gebietsstand 15.05.2022);STAG;Stichtag;2022-05-15;GEOLK4;Landkreise u. krsfr. Städte (Stand 15.05.22);09464;Hof, Kreisfreie Stadt;WHGRM2;Räume;RAUM01;1 Raum;6,88;€/m²;WHG012;Durchschnittliche Nettokaltmiete;e
4000W;Wohnungen (Gebietsstand 15.05.2022);STAG;Stichtag;2022-05-15;GEOLK4;Landkreise u. krsfr. Städte (Stand 15.05.22);09474;Forchheim;WHGRM2;Räume;RAUM01;1 Raum;8,51;€/m²;WHG012;Durchschnittliche Nettokaltmiete;e
4000W;Wohnungen (Gebietsstand 15.05.2022);STAG;Stichtag;2022-05-15;GEOLK4;Landkreise u. krsfr. Städte (Stand 15.05.22);05914;Hagen, Stadt der FernUniversität;WHGRM2;Räume;RAUM01;1 Raum;6,70;€/m²;WHG012;Durchschnittliche Nettokaltmiete;e
4000W;Wohnungen (Gebietsstand 15.05.2022);STAG;Stichtag;2022-05-15;GEOLK4;Landkreise u. krsfr. Städte (Stand 15.05.22);09182;Miesbach;WHGRM2;Räume;RAUM07UM;7 und mehr Räume;9,29;€/m²;WHG012;Durchschnittliche Nettokaltmiete;e
4000W;Wohnungen (Gebietsstand 15.05.2022);STAG;Stichtag;2022-05-15;GEOLK4;Landkreise u. krsfr. Städte (Stand 15.05.22);09262;Passau, Kreisfreie Stadt;WHGRM2;Räume;RAUM04;4 Räume;6,43;€/m²;WHG012;Durchschnittliche Nettokaltmiete;e
4000W;Wohnungen (Gebietsstand 15.05.2022);STAG;Stichtag;2022-05-15;GEOLK4;Landkreise u. krsfr. Städte (Stand 15.05.22);09375;Regensburg, Landkreis;WHGRM2;Räume;;Insgesamt;7,00;€/m²;WHG012;Durchschnittliche Nettokaltmiete;e
4000W;Wohnungen (Gebietsstand 15.05.2022);STAG;Stichtag;2022-05-15;GEOLK4;Landkreise u. krsfr. Städte (Stand 15.05.22);03153;Goslar;WHGRM2;Räume;RAUM05;5 Räume;4,81;€/m²;WHG012;Durchschnittliche Nettokaltmiete;e
4000W;Wohnungen (Gebietsstand 15.05.2022);STAG;Stichtag;2022-05-15;GEOLK4;Landkreise u. krsfr. Städte (Stand 15.05.22);08327;Tuttlingen;WHGRM2;Räume;;Insgesamt;6,78;€/m²;WHG012;Durchschnittliche Nettokaltmiete;e
4000W;Wohnungen (Gebietsstand 15.05.2022);STAG;Stichtag;2022-05-15;GEOLK4;Landkreise u. krsfr. Städte (Stand 15.05.22);05762;Höxter;WHGRM2;Räume;;Insgesamt;4,76;€/m²;WHG012;Durchschnittliche Nettokaltmiete;e
4000W;Wohnungen (Gebietsstand 15.05.2022);STAG;Stichtag;2022-05-15;GEOLK4;Landkreise u. krsfr. Städte (Stand 15.05.22);07315;Mainz, kreisfreie Stadt;WHGRM2;Räume;RAUM01;1 Raum;12,08;€/m²;WHG012;Durchschnittliche Nettokaltmiete;e
4000W;Wohnungen (Gebietsstand 15.05.2022);STAG;Stichtag;2022-05-15;GEOLK4;Landkreise u. krsfr. Städte (Stand 15.05.22);05762;Höxter;WHGRM2;Räume;RAUM03;3 Räume;4,93;€/m²;WHG012;Durchschnittliche Nettokaltmiete;e
4000W;Wohnungen (Gebietsstand 15.05.2022);STAG;Stichtag;2022-05-15;GEOLK4;Landkreise u. krsfr. Städte (Stand 15.05.22);05166;Viersen;WHGRM2;Räume;RAUM06;6 Räume;6,23;€/m²;WHG012;Durchschnittliche Nettokaltmiete;e
4000W;Wohnungen (Gebietsstand 15.05.2022);STAG;Stichtag;2022-05-15;GEOLK4;Landkreise u. krsfr. Städte (Stand 15.05.22);09373;Neumarkt i.d.OPf.;WHGRM2;Räume;RAUM03;3 Räume;7,12;€/m²;WHG012;Durchschnittliche Nettokaltmiete;e
4000W;Wohnungen (Gebietsstand 15.05.2022);STAG;Stichtag;2022-05-15;GEOLK4;Landkreise u. krsfr. Städte (Stand 15.05.22);09677;Main-Spessart;WHGRM2;Räume;RAUM06;6 Räume;4,87;€/m²;WHG012;Durchschnittliche Nettokaltmiete;e
4000W;Wohnungen (Gebietsstand 15.05.2022);STAG;Stichtag;2022-05-15;GEOLK4;Landkreise u. krsfr. Städte (Stand 15.05.22);09182;Miesbach;WHGRM2;Räume;RAUM05;5 Räume;9,09;€/m²;WHG012;Durchschnittliche Nettokaltmiete;e
4000W;Wohnungen (Gebietsstand 15.05.2022);STAG;Stichtag;2022-05-15;GEOLK4;Landkreise u. krsfr. Städte (Stand 15.05.22);09263;Straubing;WHGRM2;Räume;RAUM04;4 Räume;6,25;€/m²;WHG012;Durchschnittliche Nettokaltmiete;e
4000W;Wohnungen (Gebietsstand 15.05.2022);STAG;Stichtag;2022-05-15;GEOLK4;Landkreise u. krsfr. Städte (Stand 15.05.22);07211;Trier, kreisfreie Stadt;WHGRM2;Räume;RAUM04;4 Räume;6,97;€/m²;WHG012;Durchschnittliche Nettokaltmiete;e
4000W;Wohnungen (Gebietsstand 15.05.2022);STAG;Stichtag;2022-05-15;GEOLK4;Landkreise u. krsfr. Städte (Stand 15.05.22);14730;Nordsachsen;WHGRM2;Räume;RAUM03;3 Räume;5,31;€/m²;WHG012;Durchschnittliche Nettokaltmiete;e
4000W;Wohnungen (Gebietsstand 15.05.2022);STAG;Stichtag;2022-05-15;GEOLK4;Landkreise u. krsfr. Städte (Stand 15.05.22);03451;Ammerland;WHGRM2;Räume;RAUM04;4 Räume;6,36;€/m²;WHG012;Durchschnittliche Nettokaltmiete;e
4000W;Wohnungen (Gebietsstand 15.05.2022);STAG;Stichtag;2022-05-15;GEOLK4;Landkreise u. krsfr. Städte (Stand 15.05.22);03456;Grafschaft Bentheim;WHGRM2;Räume;;Insgesamt;6,05;€/m²;WHG012;Durchschnittliche Nettokaltmiete;e
4000W;Wohnungen (Gebietsstand 15.05.2022);STAG;Stichtag;2022-05-15;GEOLK4;Landkreise u. krsfr. Städte (Stand 15.05.22);03358;Heidekreis;WHGRM2;Räume;RAUM01;1 Raum;7,29;€/m²;WHG012;Durchschnittliche Nettokaltmiete;e
4000W;Wohnungen (Gebietsstand 15.05.2022);STAG;Stichtag;2022-05-15;GEOLK4;Landkreise u. krsfr. Städte (Stand 15.05.22);09374;Neustadt a.d.Waldnaab;WHGRM2;Räume;;Insgesamt;5,05;€/m²;WHG012;Durchschnittliche Nettokaltmiete;e
4000W;Wohnungen (Gebietsstand 15.05.2022);STAG;Stichtag;2022-05-15;GEOLK4;Landkreise u. krsfr. Städte (Stand 15.05.22);10042;Merzig-Wadern;WHGRM2;Räume;RAUM03;3 Räume;6,43;€/m²;WHG012;Durchschnittliche Nettokaltmiete;e
4000W;Wohnungen (Gebietsstand 15.05.2022);STAG;Stichtag;2022-05-15;GEOLK4;Landkreise u. krsfr. Städte (Stand 15.05.22);01001;Flensburg, Stadt;WHGRM2;Räume;RAUM06;6 Räume;6,47;€/m²;WHG012;Durchschnittliche Nettokaltmiete;e
4000W;Wohnungen (Gebietsstand 15.05.2022);STAG;Stichtag;2022-05-15;GEOLK4;Landkreise u. krsfr. Städte (Stand 15.05.22);06633;Kassel;WHGRM2;Räume;RAUM01;1 Raum;7,75;€/m²;WHG012;Durchschnittliche Nettokaltmiete;e
4000W;Wohnungen (Gebietsstand 15.05.2022);STAG;Stichtag;2022-05-15;GEOLK4;Landkreise u. krsfr. Städte (Stand 15.05.22);09176;Eichstätt;WHGRM2;Räume;RAUM03;3 Räume;8,57;€/m²;WHG012;Durchschnittliche Nettokaltmiete;e
4000W;Wohnungen (Gebietsstand 15.05.2022);STAG;Stichtag;2022-05-15;GEOLK4;Landkreise u. krsfr. Städte (Stand 15.05.22);03361;Verden;WHGRM2;Räume;RAUM04;4 Räume;6,24;€/m²;WHG012;Durchschnittliche Nettokaltmiete;e
4000W;Wohnungen (Gebietsstand 15.05.2022);STAG;Stichtag;2022-05-15;GEOLK4;Landkreise u. krsfr. Städte (Stand 15.05.22);05378;Rheinisch-Bergischer Kreis;WHGRM2;Räume;;Insgesamt;7,49;€/m²;WHG012;Durchschnittliche Nettokaltmiete;e
4000W;Wohnungen (Gebietsstand 15.05.2022);STAG;Stichtag;2022-05-15;GEOLK4;Landkreise u. krsfr. Städte (Stand 15.05.22);09561;Ansbach, Kreisfreie Stadt;WHGRM2;Räume;RAUM02;2 Räume;7,39;€/m²;WHG012;Durchschnittliche Nettokaltmiete;e
4000W;Wohnungen (Gebietsstand 15.05.2022);STAG;Stichtag;2022-05-15;GEOLK4;Landkreise u. krsfr. Städte (Stand 15.05.22);05120;Remscheid, Stadt;WHGRM2;Räume;RAUM02;2 Räume;5,91;€/m²;WHG012;Durchschnittliche Nettokaltmiete;e
4000W;Wohnungen (Gebietsstand 15.05.2022);STAG;Stichtag;2022-05-15;GEOLK4;Landkreise u. krsfr. Städte (Stand 15.05.22);01058;Rendsburg-Eckernförde;WHGRM2;Räume;RAUM01;1 Raum;8,19;€/m²;WHG012;Durchschnittliche Nettokaltmiete;e
4000W;Wohnungen (Gebietsstand 15.05.2022);STAG;Stichtag;2022-05-15;GEOLK4;Landkreise u. krsfr. Städte (Stand 15.05.22);09175;Ebersberg;WHGRM2;Räume;RAUM03;3 Räume;10,56;€/m²;WHG012;Durchschnittliche Nettokaltmiete;e
4000W;Wohnungen (Gebietsstand 15.05.2022);STAG;Stichtag;2022-05-15;GEOLK4;Landkreise u. krsfr. Städte (Stand 15.05.22);16077;Altenburger Land;WHGRM2;Räume;RAUM07UM;7 und mehr Räume;3,97;€/m²;WHG012;Durchschnittliche Nettokaltmiete;e
4000W;Wohnungen (Gebietsstand 15.05.2022);STAG;Stichtag;2022-05-15;GEOLK4;Landkreise u. krsfr. Städte (Stand 15.05.22);10041;Regionalverband Saarbrücken;WHGRM2;Räume;RAUM03;3 Räume;6,32;€/m²;WHG012;Durchschnittliche Nettokaltmiete;e
4000W;Wohnungen (Gebietsstand 15.05.2022);STAG;Stichtag;2022-05-15;GEOLK4;Landkreise u. krsfr. Städte (Stand 15.05.22);05512;Bottrop, Stadt;WHGRM2;Räume;RAUM06;6 Räume;6,06;€/m²;WHG012;Durchschnittliche Nettokaltmiete;e
4000W;Wohnungen (Gebietsstand 15.05.2022);STAG;Stichtag;2022-05-15;GEOLK4;Landkreise u. krsfr. Städte (Stand 15.05.22);03452;Aurich;WHGRM2;Räume;RAUM03;3 Räume;6,90;€/m²;WHG012;Durchschnittliche Nettokaltmiete;e
4000W;Wohnungen (Gebietsstand 15.05.2022);STAG;Stichtag;2022-05-15;GEOLK4;Landkreise u. krsfr. Städte (Stand 15.05.22);06632;Hersfeld-Rotenburg;WHGRM2;Räume;RAUM02;2 Räume;5,97;€/m²;WHG012;Durchschnittliche Nettokaltmiete;e
4000W;Wohnungen (Gebietsstand 15.05.2022);STAG;Stichtag;2022-05-15;GEOLK4;Landkreise u. krsfr. Städte (Stand 15.05.22);08327;Tuttlingen;WHGRM2;Räume;RAUM05;5 Räume;6,05;€/m²;WHG012;Durchschnittliche Nettokaltmiete;e
4000W;Wohnungen (Gebietsstand 15.05.2022);STAG;Stichtag;2022-05-15;GEOLK4;Landkreise u. krsfr. Städte (Stand 15.05.22);08326;Schwarzwald-Baar-Kreis;WHGRM2;Räume;;Insgesamt;6,70;€/m²;WHG012;Durchschnittliche Nettokaltmiete;e
4000W;Wohnungen (Gebietsstand 15.05.2022);STAG;Stichtag;2022-05-15;GEOLK4;Landkreise u. krsfr. Städte (Stand 15.05.22);06411;Darmstadt, Wissenschaftsstadt;WHGRM2;Räume;RAUM05;5 Räume;8,38;€/m²;WHG012;Durchschnittliche Nettokaltmiete;e
4000W;Wohnungen (Gebietsstand 15.05.2022);STAG;Stichtag;2022-05-15;GEOLK4;Landkreise u. krsfr. Städte (Stand 15.05.22);12051;Brandenburg an der Havel, Stadt;WHGRM2;Räume;RAUM06;6 Räume;5,35;€/m²;WHG012;Durchschnittliche Nettokaltmiete;e
4000W;Wohnungen (Gebietsstand 15.05.2022);STAG;Stichtag;2022-05-15;GEOLK4;Landkreise u. krsfr. Städte (Stand 15.05.22);16064;Unstrut-Hainich-Kreis;WHGRM2;Räume;RAUM01;1 Raum;6,08;€/m²;WHG012;Durchschnittliche Nettokaltmiete;e
4000W;Wohnungen (Gebietsstand 15.05.2022);STAG;Stichtag;2022-05-15;GEOLK4;Landkreise u. krsfr. Städte (Stand 15.05.22);05162;Rhein-Kreis Neuss;WHGRM2;Räume;;Insgesamt;7,42;€/m²;WHG012;Durchschnittliche Nettokaltmiete;e
4000W;Wohnungen (Gebietsstand 15.05.2022);STAG;Stichtag;2022-05-15;GEOLK4;Landkreise u. krsfr. Städte (Stand 15.05.22);03458;Oldenburg;WHGRM2;Räume;;Insgesamt;6,36;€/m²;WHG012;Durchschnittliche Nettokaltmiete;e
4000W;Wohnungen (Gebietsstand 15.05.2022);STAG;Stichtag;2022-05-15;GEOLK4;Landkreise u. krsfr. Städte (Stand 15.05.22);06531;Gießen;WHGRM2;Räume;RAUM03;3 Räume;7,18;€/m²;WHG012;Durchschnittliche Nettokaltmiete;e
4000W;Wohnungen (Gebietsstand 15.05.2022);STAG;Stichtag;2022-05-15;GEOLK4;Landkreise u. krsfr. Städte (Stand 15.05.22);07331;Alzey-Worms;WHGRM2;Räume;RAUM02;2 Räume;7,19;€/m²;WHG012;Durchschnittliche Nettokaltmiete;e
4000W;Wohnungen (Gebietsstand 15.05.2022);STAG;Stichtag;2022-05-15;GEOLK4;Landkreise u. krsfr. Städte (Stand 15.05.22);09473;Coburg, Landkreis;WHGRM2;Räume;RAUM02;2 Räume;5,64;€/m²;WHG012;Durchschnittliche Nettokaltmiete;e
4000W;Wohnungen (Gebietsstand 15.05.2022);STAG;Stichtag;2022-05-15;GEOLK4;Landkreise u. krsfr. Städte (Stand 15.05.22);03402;Emden, Stadt;WHGRM2;Räume;RAUM05;5 Räume;5,50;€/m²;WHG012;Durchschnittliche Nettokaltmiete;e
4000W;Wohnungen (Gebietsstand 15.05.2022);STAG;Stichtag;2022-05-15;GEOLK4;Landkreise u. krsfr. Städte (Stand 15.05.22);09777;Ostallgäu;WHGRM2;Räume;RAUM05;5 Räume;6,26;€/m²;WHG012;Durchschnittliche Nettokaltmiete;e
4000W;Wohnungen (Gebietsstand 15.05.2022);STAG;Stichtag;2022-05-15;GEOLK4;Landkreise u. krsfr. Städte (Stand 15.05.22);09189;Traunstein;WHGRM2;Räume;RAUM01;1 Raum;8,42;€/m²;WHG012;Durchschnittliche Nettokaltmiete;e
4000W;Wohnungen (Gebietsstand 15.05.2022);STAG;Stichtag;2022-05-15;GEOLK4;Landkreise u. krsfr. Städte (Stand 15.05.22);15087;Mansfeld-Südharz;WHGRM2;Räume;RAUM01;1 Raum;6,25;€/m²;WHG012;Durchschnittliche Nettokaltmiete;e
4000W;Wohnungen (Gebietsstand 15.05.2022);STAG;Stichtag;2022-05-15;GEOLK4;Landkreise u. krsfr. Städte (Stand 15.05.22);09162;München, Landeshauptstadt;WHGRM2;Räume;RAUM05;5 Räume;11,81;€/m²;WHG012;Durchschnittliche Nettokaltmiete;e
4000W;Wohnungen (Gebietsstand 15.05.2022);STAG;Stichtag;2022-05-15;GEOLK4;Landkreise u. krsfr. Städte (Stand 15.05.22);07137;Mayen-Koblenz;WHGRM2;Räume;RAUM01;1 Raum;8,68;€/m²;WHG012;Durchschnittliche Nettokaltmiete;e
4000W;Wohnungen (Gebietsstand 15.05.2022);STAG;Stichtag;2022-05-15;GEOLK4;Landkreise u. krsfr. Städte (Stand 15.05.22);07140;Rhein-Hunsrück-Kreis;WHGRM2;Räume;RAUM04;4 Räume;5,13;€/m²;WHG012;Durchschnittliche Nettokaltmiete;e
4000W;Wohnungen (Gebietsstand 15.05.2022);STAG;Stichtag;2022-05-15;GEOLK4;Landkreise u. krsfr. Städte (Stand 15.05.22);03257;Schaumburg;WHGRM2;Räume;RAUM02;2 Räume;6,31;€/m²;WHG012;Durchschnittliche Nettokaltmiete;e
4000W;Wohnungen (Gebietsstand 15.05.2022);STAG;Stichtag;2022-05-15;GEOLK4;Landkreise u. krsfr. Städte (Stand 15.05.22);08415;Reutlingen;WHGRM2;Räume;RAUM05;5 Räume;6,89;€/m²;WHG012;Durchschnittliche Nettokaltmiete;e
4000W;Wohnungen (Gebietsstand 15.05.2022);STAG;Stichtag;2022-05-15;GEOLK4;Landkreise u. krsfr. Städte (Stand 15.05.22);08111;Stuttgart, Stadtkreis;WHGRM2;Räume;RAUM02;2 Räume;11,18;€/m²;WHG012;Durchschnittliche Nettokaltmiete;e
4000W;Wohnungen (Gebietsstand 15.05.2022);STAG;Stichtag;2022-05-15;GEOLK4;Landkreise u. krsfr. Städte (Stand 15.05.22);13071;Mecklenburgische Seenplatte;WHGRM2;Räume;RAUM02;2 Räume;5,63;€/m²;WHG012;Durchschnittliche Nettokaltmiete;e
4000W;Wohnungen (Gebietsstand 15.05.2022);STAG;Stichtag;2022-05-15;GEOLK4;Landkreise u. krsfr. Städte (Stand 15.05.22);06412;Frankfurt am Main, Stadt;WHGRM2;Räume;RAUM04;4 Räume;9,47;€/m²;WHG012;Durchschnittliche Nettokaltmiete;e
4000W;Wohnungen (Gebietsstand 15.05.2022);STAG;Stichtag;2022-05-15;GEOLK4;Landkreise u. krsfr. Städte (Stand 15.05.22);16063;Wartburgkreis;WHGRM2;Räume;RAUM01;1 Raum;6,54;€/m²;WHG012;Durchschnittliche Nettokaltmiete;e
4000W;Wohnungen (Gebietsstand 15.05.2022);STAG;Stichtag;2022-05-15;GEOLK4;Landkreise u. krsfr. Städte (Stand 15.05.22);06532;Lahn-Dill-Kreis;WHGRM2;Räume;RAUM03;3 Räume;6,55;€/m²;WHG012;Durchschnittliche Nettokaltmiete;e
4000W;Wohnungen (Gebietsstand 15.05.2022);STAG;Stichtag;2022-05-15;GEOLK4;Landkreise u. krsfr. Städte (Stand 15.05.22);09662;Schweinfurt, Kreisfreie Stadt;WHGRM2;Räume;RAUM01;1 Raum;8,44;€/m²;WHG012;Durchschnittliche Nettokaltmiete;e
4000W;Wohnungen (Gebietsstand 15.05.2022);STAG;Stichtag;2022-05-15;GEOLK4;Landkreise u. krsfr. Städte (Stand 15.05.22);07312;Kaiserslautern, kreisfreie Stadt;WHGRM2;Räume;RAUM02;2 Räume;7,15;€/m²;WHG012;Durchschnittliche Nettokaltmiete;e
4000W;Wohnungen (Gebietsstand 15.05.2022);STAG;Stichtag;2022-05-15;GEOLK4;Landkreise u. krsfr. Städte (Stand 15.05.22);09181;Landsberg am Lech;WHGRM2;Räume;RAUM05;5 Räume;8,05;€/m²;WHG012;Durchschnittliche Nettokaltmiete;e
4000W;Wohnungen (Gebietsstand 15.05.2022);STAG;Stichtag;2022-05-15;GEOLK4;Landkreise u. krsfr. Städte (Stand 15.05.22);09661;Aschaffenburg, Kreisfreie Stadt;WHGRM2;Räume;RAUM01;1 Raum;9,66;€/m²;WHG012;Durchschnittliche Nettokaltmiete;e
4000W;Wohnungen (Gebietsstand 15.05.2022);STAG;Stichtag;2022-05-15;GEOLK4;Landkreise u. krsfr. Städte (Stand 15.05.22);08226;Rhein-Neckar-Kreis;WHGRM2;Räume;RAUM06;6 Räume;7,15;€/m²;WHG012;Durchschnittliche Nettokaltmiete;e
4000W;Wohnungen (Gebietsstand 15.05.2022);STAG;Stichtag;2022-05-15;GEOLK4;Landkreise u. krsfr. Städte (Stand 15.05.22);07314;Ludwigshafen am Rhein, kreisfreie Stadt;WHGRM2;Räume;RAUM01;1 Raum;10,08;€/m²;WHG012;Durchschnittliche Nettokaltmiete;e
4000W;Wohnungen (Gebietsstand 15.05.2022);STAG;Stichtag;2022-05-15;GEOLK4;Landkreise u. krsfr. Städte (Stand 15.05.22);05378;Rheinisch-Bergischer Kreis;WHGRM2;Räume;RAUM03;3 Räume;7,53;€/m²;WHG012;Durchschnittliche Nettokaltmiete;e
4000W;Wohnungen (Gebietsstand 15.05.2022);STAG;Stichtag;2022-05-15;GEOLK4;Landkreise u. krsfr. Städte (Stand 15.05.22);07233;Vulkaneifel;WHGRM2;Räume;RAUM02;2 Räume;6,05;€/m²;WHG012;Durchschnittliche Nettokaltmiete;e
4000W;Wohnungen (Gebietsstand 15.05.2022);STAG;Stichtag;2022-05-15;GEOLK4;Landkreise u. krsfr. Städte (Stand 15.05.22);07320;Zweibrücken, kreisfreie Stadt;WHGRM2;Räume;RAUM03;3 Räume;5,21;€/m²;WHG012;Durchschnittliche Nettokaltmiete;e
4000W;Wohnungen (Gebietsstand 15.05.2022);STAG;Stichtag;2022-05-15;GEOLK4;Landkreise u. krsfr. Städte (Stand 15.05.22);16067;Gotha;WHGRM2;Räume;;Insgesamt;5,39;€/m²;WHG012;Durchschnittliche Nettokaltmiete;e
4000W;Wohnungen (Gebietsstand 15.05.2022);STAG;Stichtag;2022-05-15;GEOLK4;Landkreise u. krsfr. Städte (Stand 15.05.22);03157;Peine;WHGRM2;Räume;;Insgesamt;6,05;€/m²;WHG012;Durchschnittliche Nettokaltmiete;e
4000W;Wohnungen (Gebietsstand 15.05.2022);STAG;Stichtag;2022-05-15;GEOLK4;Landkreise u. krsfr. Städte (Stand 15.05.22);02000;Hamburg, Freie und Hansestadt;WHGRM2;Räume;RAUM04;4 Räume;8,58;€/m²;WHG012;Durchschnittliche Nettokaltmiete;e
4000W;Wohnungen (Gebietsstand 15.05.2022);STAG;Stichtag;2022-05-15;GEOLK4;Landkreise u. krsfr. Städte (Stand 15.05.22);05554;Borken;WHGRM2;Räume;RAUM04;4 Räume;6,02;€/m²;WHG012;Durchschnittliche Nettokaltmiete;e
4000W;Wohnungen (Gebietsstand 15.05.2022);STAG;Stichtag;2022-05-15;GEOLK4;Landkreise u. krsfr. Städte (Stand 15.05.22);09461;Bamberg, Kreisfreie Stadt;WHGRM2;Räume;RAUM03;3 Räume;7,27;€/m²;WHG012;Durchschnittliche Nettokaltmiete;e
4000W;Wohnungen (Gebietsstand 15.05.2022);STAG;Stichtag;2022-05-15;GEOLK4;Landkreise u. krsfr. Städte (Stand 15.05.22);14524;Zwickau;WHGRM2;Räume;RAUM03;3 Räume;5,00;€/m²;WHG012;Durchschnittliche Nettokaltmiete;e
4000W;Wohnungen (Gebietsstand 15.05.2022);STAG;Stichtag;2022-05-15;GEOLK4;Landkreise u. krsfr. Städte (Stand 15.05.22);09374;Neustadt a.d.Waldnaab;WHGRM2;Räume;RAUM02;2 Räume;5,65;€/m²;WHG012;Durchschnittliche Nettokaltmiete;e
4000W;Wohnungen (Gebietsstand 15.05.2022);STAG;Stichtag;2022-05-15;GEOLK4;Landkreise u. krsfr. Städte (Stand 15.05.22);14522;Mittelsachsen;WHGRM2;Räume;;Insgesamt;5,05;€/m²;WHG012;Durchschnittliche Nettokaltmiete;e
4000W;Wohnungen (Gebietsstand 15.05.2022);STAG;Stichtag;2022-05-15;GEOLK4;Landkreise u. krsfr. Städte (Stand 15.05.22);03405;Wilhelmshaven, Stadt;WHGRM2;Räume;RAUM03;3 Räume;5,67;€/m²;WHG012;Durchschnittliche Nettokaltmiete;e
4000W;Wohnungen (Gebietsstand 15.05.2022);STAG;Stichtag;2022-05-15;GEOLK4;Landkreise u. krsfr. Städte (Stand 15.05.22);07235;Trier-Saarburg;WHGRM2;Räume;RAUM01;1 Raum;8,87;€/m²;WHG012;Durchschnittliche Nettokaltmiete;e
4000W;Wohnungen (Gebietsstand 15.05.2022);STAG;Stichtag;2022-05-15;GEOLK4;Landkreise u. krsfr. Städte (Stand 15.05.22);15082;Anhalt-Bitterfeld;WHGRM2;Räume;RAUM04;4 Räume;5,05;€/m²;WHG012;Durchschnittliche Nettokaltmiete;e
4000W;Wohnungen (Gebietsstand 15.05.2022);STAG;Stichtag;2022-05-15;GEOLK4;Landkreise u. krsfr. Städte (Stand 15.05.22);08136;Ostalbkreis;WHGRM2;Räume;RAUM07UM;7 und mehr Räume;5,79;€/m²;WHG012;Durchschnittliche Nettokaltmiete;e
4000W;Wohnungen (Gebietsstand 15.05.2022);STAG;Stichtag;2022-05-15;GEOLK4;Landkreise u. krsfr. Städte (Stand 15.05.22);09372;Cham;WHGRM2;Räume;RAUM03;3 Räume;5,47;€/m²;WHG012;Durchschnittliche Nettokaltmiete;e
4000W;Wohnungen (Gebietsstand 15.05.2022);STAG;Stichtag;2022-05-15;GEOLK4;Landkreise u. krsfr. Städte (Stand 15.05.22);09376;Schwandorf;WHGRM2;Räume;RAUM01;1 Raum;8,03;€/m²;WHG012;Durchschnittliche Nettokaltmiete;e
4000W;Wohnungen (Gebietsstand 15.05.2022);STAG;Stichtag;2022-05-15;GEOLK4;Landkreise u. krsfr. Städte (Stand 15.05.22);08336;Lörrach;WHGRM2;Räume;RAUM05;5 Räume;7,60;€/m²;WHG012;Durchschnittliche Nettokaltmiete;e
4000W;Wohnungen (Gebietsstand 15.05.2022);STAG;Stichtag;2022-05-15;GEOLK4;Landkreise u. krsfr. Städte (Stand 15.05.22);08417;Zollernalbkreis;WHGRM2;Räume;RAUM04;4 Räume;6,23;€/m²;WHG012;Durchschnittliche Nettokaltmiete;e
4000W;Wohnungen (Gebietsstand 15.05.2022);STAG;Stichtag;2022-05-15;GEOLK4;Landkreise u. krsfr. Städte (Stand 15.05.22);03158;Wolfenbüttel;WHGRM2;Räume;;Insgesamt;6,23;€/m²;WHG012;Durchschnittliche Nettokaltmiete;e
4000W;Wohnungen (Gebietsstand 15.05.2022);STAG;Stichtag;2022-05-15;GEOLK4;Landkreise u. krsfr. Städte (Stand 15.05.22);15090;Stendal;WHGRM2;Räume;RAUM05;5 Räume;4,68;€/m²;WHG012;Durchschnittliche Nettokaltmiete;e
4000W;Wohnungen (Gebietsstand 15.05.2022);STAG;Stichtag;2022-05-15;GEOLK4;Landkreise u. krsfr. Städte (Stand 15.05.22);08119;Rems-Murr-Kreis;WHGRM2;Räume;RAUM06;6 Räume;7,22;€/m²;WHG012;Durchschnittliche Nettokaltmiete;e
4000W;Wohnungen (Gebietsstand 15.05.2022);STAG;Stichtag;2022-05-15;GEOLK4;Landkreise u. krsfr. Städte (Stand 15.05.22);09471;Bamberg, Landkreis;WHGRM2;Räume;RAUM03;3 Räume;6,13;€/m²;WHG012;Durchschnittliche Nettokaltmiete;e
4000W;Wohnungen (Gebietsstand 15.05.2022);STAG;Stichtag;2022-05-15;GEOLK4;Landkreise u. krsfr. Städte (Stand 15.05.22);05382;Rhein-Sieg-Kreis;WHGRM2;Räume;RAUM06;6 Räume;6,81;€/m²;WHG012;Durchschnittliche Nettokaltmiete;e
4000W;Wohnungen (Gebietsstand 15.05.2022);STAG;Stichtag;2022-05-15;GEOLK4;Landkreise u. krsfr. Städte (Stand 15.05.22);09574;Nürnberger Land;WHGRM2;Räume;RAUM07UM;7 und mehr Räume;6,14;€/m²;WHG012;Durchschnittliche Nettokaltmiete;e
4000W;Wohnungen (Gebietsstand 15.05.2022);STAG;Stichtag;2022-05-15;GEOLK4;Landkreise u. krsfr. Städte (Stand 15.05.22);12065;Oberhavel;WHGRM2;Räume;RAUM03;3 Räume;6,66;€/m²;WHG012;Durchschnittliche Nettokaltmiete;e
4000W;Wohnungen (Gebietsstand 15.05.2022);STAG;Stichtag;2022-05-15;GEOLK4;Landkreise u. krsfr. Städte (Stand 15.05.22);03454;Emsland;WHGRM2;Räume;RAUM02;2 Räume;7,15;€/m²;WHG012;Durchschnittliche Nettokaltmiete;e
4000W;Wohnungen (Gebietsstand 15.05.2022);STAG;Stichtag;2022-05-15;GEOLK4;Landkreise u. krsfr. Städte (Stand 15.05.22);03462;Wittmund;WHGRM2;Räume;RAUM03;3 Räume;6,51;€/m²;WHG012;Durchschnittliche Nettokaltmiete;e
4000W;Wohnungen (Gebietsstand 15.05.2022);STAG;Stichtag;2022-05-15;GEOLK4;Landkreise u. krsfr. Städte (Stand 15.05.22);12067;Oder-Spree;WHGRM2;Räume;RAUM02;2 Räume;6,55;€/m²;WHG012;Durchschnittliche Nettokaltmiete;e
4000W;Wohnungen (Gebietsstand 15.05.2022);STAG;Stichtag;2022-05-15;GEOLK4;Landkreise u. krsfr. Städte (Stand 15.05.22);03241;Region Hannover;WHGRM2;Räume;RAUM06;6 Räume;6,86;€/m²;WHG012;Durchschnittliche Nettokaltmiete;e
4000W;Wohnungen (Gebietsstand 15.05.2022);STAG;Stichtag;2022-05-15;GEOLK4;Landkreise u. krsfr. Städte (Stand 15.05.22);03154;Helmstedt;WHGRM2;Räume;RAUM05;5 Räume;5,08;€/m²;WHG012;Durchschnittliche Nettokaltmiete;e
4000W;Wohnungen (Gebietsstand 15.05.2022);STAG;Stichtag;2022-05-15;GEOLK4;Landkreise u. krsfr. Städte (Stand 15.05.22);06533;Limburg-Weilburg;WHGRM2;Räume;RAUM02;2 Räume;7,03;€/m²;WHG012;Durchschnittliche Nettokaltmiete;e
4000W;Wohnungen (Gebietsstand 15.05.2022);STAG;Stichtag;2022-05-15;GEOLK4;Landkreise u. krsfr. Städte (Stand 15.05.22);09779;Donau-Ries;WHGRM2;Räume;RAUM04;4 Räume;5,96;€/m²;WHG012;Durchschnittliche Nettokaltmiete;e
4000W;Wohnungen (Gebietsstand 15.05.2022);STAG;Stichtag;2022-05-15;GEOLK4;Landkreise u. krsfr. Städte (Stand 15.05.22);03403;Oldenburg (Oldenburg), Stadt;WHGRM2;Räume;RAUM07UM;7 und mehr Räume;6,86;€/m²;WHG012;Durchschnittliche Nettokaltmiete;e
4000W;Wohnungen (Gebietsstand 15.05.2022);STAG;Stichtag;2022-05-15;GEOLK4;Landkreise u. krsfr. Städte (Stand 15.05.22);01003;Lübeck, Hansestadt;WHGRM2;Räume;RAUM05;5 Räume;6,96;€/m²;WHG012;Durchschnittliche Nettokaltmiete;e
4000W;Wohnungen (Gebietsstand 15.05.2022);STAG;Stichtag;2022-05-15;GEOLK4;Landkreise u. krsfr. Städte (Stand 15.05.22);03352;Cuxhaven;WHGRM2;Räume;RAUM04;4 Räume;5,76;€/m²;WHG012;Durchschnittliche Nettokaltmiete;e
4000W;Wohnungen (Gebietsstand 15.05.2022);STAG;Stichtag;2022-05-15;GEOLK4;Landkreise u. krsfr. Städte (Stand 15.05.22);05374;Oberbergischer Kreis;WHGRM2;Räume;RAUM05;5 Räume;5,51;€/m²;WHG012;Durchschnittliche Nettokaltmiete;e
4000W;Wohnungen (Gebietsstand 15.05.2022);STAG;Stichtag;2022-05-15;GEOLK4;Landkreise u. krsfr. Städte (Stand 15.05.22);03403;Oldenburg (Oldenburg), Stadt;WHGRM2;Räume;RAUM04;4 Räume;7,16;€/m²;WHG012;Durchschnittliche Nettokaltmiete;e
4000W;Wohnungen (Gebietsstand 15.05.2022);STAG;Stichtag;2022-05-15;GEOLK4;Landkreise u. krsfr. Städte (Stand 15.05.22);05978;Unna;WHGRM2;Räume;RAUM06;6 Räume;5,52;€/m²;WHG012;Durchschnittliche Nettokaltmiete;e
4000W;Wohnungen (Gebietsstand 15.05.2022);STAG;Stichtag;2022-05-15;GEOLK4;Landkreise u. krsfr. Städte (Stand 15.05.22);13073;Vorpommern-Rügen;WHGRM2;Räume;RAUM01;1 Raum;6,30;€/m²;WHG012;Durchschnittliche Nettokaltmiete;e
4000W;Wohnungen (Gebietsstand 15.05.2022);STAG;Stichtag;2022-05-15;GEOLK4;Landkreise u. krsfr. Städte (Stand 15.05.22);12071;Spree-Neiße;WHGRM2;Räume;RAUM05;5 Räume;5,23;€/m²;WHG012;Durchschnittliche Nettokaltmiete;e
4000W;Wohnungen (Gebietsstand 15.05.2022);STAG;Stichtag;2022-05-15;GEOLK4;Landkreise u. krsfr. Städte (Stand 15.05.22);14521;Erzgebirgskreis;WHGRM2;Räume;;Insgesamt;4,65;€/m²;WHG012;Durchschnittliche Nettokaltmiete;e
4000W;Wohnungen (Gebietsstand 15.05.2022);STAG;Stichtag;2022-05-15;GEOLK4;Landkreise u. krsfr. Städte (Stand 15.05.22);06414;Wiesbaden, Landeshauptstadt;WHGRM2;Räume;RAUM03;3 Räume;8,89;€/m²;WHG012;Durchschnittliche Nettokaltmiete;e
4000W;Wohnungen (Gebietsstand 15.05.2022);STAG;Stichtag;2022-05-15;GEOLK4;Landkreise u. krsfr. Städte (Stand 15.05.22);05915;Hamm, Stadt;WHGRM2;Räume;RAUM01;1 Raum;7,42;€/m²;WHG012;Durchschnittliche Nettokaltmiete;e
4000W;Wohnungen (Gebietsstand 15.05.2022);STAG;Stichtag;2022-05-15;GEOLK4;Landkreise u. krsfr. Städte (Stand 15.05.22);15086;Jerichower Land;WHGRM2;Räume;RAUM02;2 Räume;5,67;€/m²;WHG012;Durchschnittliche Nettokaltmiete;e
4000W;Wohnungen (Gebietsstand 15.05.2022);STAG;Stichtag;2022-05-15;GEOLK4;Landkreise u. krsfr. Städte (Stand 15.05.22);07332;Bad Dürkheim;WHGRM2;Räume;RAUM07UM;7 und mehr Räume;5,99;€/m²;WHG012;Durchschnittliche Nettokaltmiete;e
4000W;Wohnungen (Gebietsstand 15.05.2022);STAG;Stichtag;2022-05-15;GEOLK4;Landkreise u. krsfr. Städte (Stand 15.05.22);07231;Bernkastel-Wittlich;WHGRM2;Räume;RAUM03;3 Räume;5,95;€/m²;WHG012;Durchschnittliche Nettokaltmiete;e
4000W;Wohnungen (Gebietsstand 15.05.2022);STAG;Stichtag;2022-05-15;GEOLK4;Landkreise u. krsfr. Städte (Stand 15.05.22);09161;Ingolstadt;WHGRM2;Räume;RAUM06;6 Räume;8,35;€/m²;WHG012;Durchschnittliche Nettokaltmiete;e
4000W;Wohnungen (Gebietsstand 15.05.2022);STAG;Stichtag;2022-05-15;GEOLK4;Landkreise u. krsfr. Städte (Stand 15.05.22);01060;Segeberg;WHGRM2;Räume;RAUM05;5 Räume;7,47;€/m²;WHG012;Durchschnittliche Nettokaltmiete;e
4000W;Wohnungen (Gebietsstand 15.05.2022);STAG;Stichtag;2022-05-15;GEOLK4;Landkreise u. krsfr. Städte (Stand 15.05.22);06635;Waldeck-Frankenberg;WHGRM2;Räume;;Insgesamt;5,08;€/m²;WHG012;Durchschnittliche Nettokaltmiete;e
4000W;Wohnungen (Gebietsstand 15.05.2022);STAG;Stichtag;2022-05-15;GEOLK4;Landkreise u. krsfr. Städte (Stand 15.05.22);03356;Osterholz;WHGRM2;Räume;RAUM02;2 Räume;7,92;€/m²;WHG012;Durchschnittliche Nettokaltmiete;e
4000W;Wohnungen (Gebietsstand 15.05.2022);STAG;Stichtag;2022-05-15;GEOLK4;Landkreise u. krsfr. Städte (Stand 15.05.22);05913;Dortmund, Stadt;WHGRM2;Räume;RAUM02;2 Räume;6,73;€/m²;WHG012;Durchschnittliche Nettokaltmiete;e
4000W;Wohnungen (Gebietsstand 15.05.2022);STAG;Stichtag;2022-05-15;GEOLK4;Landkreise u. krsfr. Städte (Stand 15.05.22);09571;Ansbach, Landkreis;WHGRM2;Räume;RAUM02;2 Räume;6,91;€/m²;WHG012;Durchschnittliche Nettokaltmiete;e
4000W;Wohnungen (Gebietsstand 15.05.2022);STAG;Stichtag;2022-05-15;GEOLK4;Landkreise u. krsfr. Städte (Stand 15.05.22);09261;Landshut, Kreisfreie Stadt;WHGRM2;Räume;RAUM05;5 Räume;7,35;€/m²;WHG012;Durchschnittliche Nettokaltmiete;e
4000W;Wohnungen (Gebietsstand 15.05.2022);STAG;Stichtag;2022-05-15;GEOLK4;Landkreise u. krsfr. Städte (Stand 15.05.22);01054;Nordfriesland;WHGRM2;Räume;RAUM03;3 Räume;7,62;€/m²;WHG012;Durchschnittliche Nettokaltmiete;e
4000W;Wohnungen (Gebietsstand 15.05.2022);STAG;Stichtag;2022-05-15;GEOLK4;Landkreise u. krsfr. Städte (Stand 15.05.22);09174;Dachau;WHGRM2;Räume;RAUM04;4 Räume;9,67;€/m²;WHG012;Durchschnittliche Nettokaltmiete;e
4000W;Wohnungen (Gebietsstand 15.05.2022);STAG;Stichtag;2022-05-15;GEOLK4;Landkreise u. krsfr. Städte (Stand 15.05.22);16073;Saalfeld-Rudolstadt;WHGRM2;Räume;RAUM01;1 Raum;6,39;€/m²;WHG012;Durchschnittliche Nettokaltmiete;e
4000W;Wohnungen (Gebietsstand 15.05.2022);STAG;Stichtag;2022-05-15;GEOLK4;Landkreise u. krsfr. Städte (Stand 15.05.22);05119;Oberhausen, Stadt;WHGRM2;Räume;RAUM06;6 Räume;5,24;€/m²;WHG012;Durchschnittliche Nettokaltmiete;e
4000W;Wohnungen (Gebietsstand 15.05.2022);STAG;Stichtag;2022-05-15;GEOLK4;Landkreise u. krsfr. Städte (Stand 15.05.22);08236;Enzkreis;WHGRM2;Räume;RAUM06;6 Räume;6,41;€/m²;WHG012;Durchschnittliche Nettokaltmiete;e
4000W;Wohnungen (Gebietsstand 15.05.2022);STAG;Stichtag;2022-05-15;GEOLK4;Landkreise u. krsfr. Städte (Stand 15.05.22);05911;Bochum, Stadt;WHGRM2;Räume;RAUM03;3 Räume;6,22;€/m²;WHG012;Durchschnittliche Nettokaltmiete;e
4000W;Wohnungen (Gebietsstand 15.05.2022);STAG;Stichtag;2022-05-15;GEOLK4;Landkreise u. krsfr. Städte (Stand 15.05.22);08317;Ortenaukreis;WHGRM2;Räume;RAUM05;5 Räume;6,17;€/m²;WHG012;Durchschnittliche Nettokaltmiete;e
4000W;Wohnungen (Gebietsstand 15.05.2022);STAG;Stichtag;2022-05-15;GEOLK4;Landkreise u. krsfr. Städte (Stand 15.05.22);01056;Pinneberg;WHGRM2;Räume;RAUM02;2 Räume;8,62;€/m²;WHG012;Durchschnittliche Nettokaltmiete;e
4000W;Wohnungen (Gebietsstand 15.05.2022);STAG;Stichtag;2022-05-15;GEOLK4;Landkreise u. krsfr. Städte (Stand 15.05.22);08325;Rottweil;WHGRM2;Räume;RAUM06;6 Räume;5,31;€/m²;WHG012;Durchschnittliche Nettokaltmiete;e
4000W;Wohnungen (Gebietsstand 15.05.2022);STAG;Stichtag;2022-05-15;GEOLK4;Landkreise u. krsfr. Städte (Stand 15.05.22);08335;Konstanz;WHGRM2;Räume;RAUM07UM;7 und mehr Räume;7,61;€/m²;WHG012;Durchschnittliche Nettokaltmiete;e
4000W;Wohnungen (Gebietsstand 15.05.2022);STAG;Stichtag;2022-05-15;GEOLK4;Landkreise u. krsfr. Städte (Stand 15.05.22);05754;Gütersloh;WHGRM2;Räume;RAUM02;2 Räume;6,94;€/m²;WHG012;Durchschnittliche Nettokaltmiete;e
4000W;Wohnungen (Gebietsstand 15.05.2022);STAG;Stichtag;2022-05-15;GEOLK4;Landkreise u. krsfr. Städte (Stand 15.05.22);07131;Ahrweiler;WHGRM2;Räume;RAUM04;4 Räume;5,99;€/m²;WHG012;Durchschnittliche Nettokaltmiete;e
4000W;Wohnungen (Gebietsstand 15.05.2022);STAG;Stichtag;2022-05-15;GEOLK4;Landkreise u. krsfr. Städte (Stand 15.05.22);09375;Regensburg, Landkreis;WHGRM2;Räume;RAUM07UM;7 und mehr Räume;6,04;€/m²;WHG012;Durchschnittliche Nettokaltmiete;e
4000W;Wohnungen (Gebietsstand 15.05.2022);STAG;Stichtag;2022-05-15;GEOLK4;Landkreise u. krsfr. Städte (Stand 15.05.22);03457;Leer;WHGRM2;Räume;;Insgesamt;6,11;€/m²;WHG012;Durchschnittliche Nettokaltmiete;e
4000W;Wohnungen (Gebietsstand 15.05.2022);STAG;Stichtag;2022-05-15;GEOLK4;Landkreise u. krsfr. Städte (Stand 15.05.22);14626;Görlitz;WHGRM2;Räume;RAUM01;1 Raum;5,75;€/m²;WHG012;Durchschnittliche Nettokaltmiete;e
4000W;Wohnungen (Gebietsstand 15.05.2022);STAG;Stichtag;2022-05-15;GEOLK4;Landkreise u. krsfr. Städte (Stand 15.05.22);03360;Uelzen;WHGRM2;Räume;RAUM05;5 Räume;5,15;€/m²;WHG012;Durchschnittliche Nettokaltmiete;e
4000W;Wohnungen (Gebietsstand 15.05.2022);STAG;Stichtag;2022-05-15;GEOLK4;Landkreise u. krsfr. Städte (Stand 15.05.22);09563;Fürth, Kreisfreie Stadt;WHGRM2;Räume;RAUM01;1 Raum;10,87;€/m²;WHG012;Durchschnittliche Nettokaltmiete;e
4000W;Wohnungen (Gebietsstand 15.05.2022);STAG;Stichtag;2022-05-15;GEOLK4;Landkreise u. krsfr. Städte (Stand 15.05.22);14521;Erzgebirgskreis;WHGRM2;Räume;RAUM07UM;7 und mehr Räume;4,10;€/m²;WHG012;Durchschnittliche Nettokaltmiete;e
4000W;Wohnungen (Gebietsstand 15.05.2022);STAG;Stichtag;2022-05-15;GEOLK4;Landkreise u. krsfr. Städte (Stand 15.05.22);07133;Bad Kreuznach;WHGRM2;Räume;RAUM03;3 Räume;6,24;€/m²;WHG012;Durchschnittliche Nettokaltmiete;e
4000W;Wohnungen (Gebietsstand 15.05.2022);STAG;Stichtag;2022-05-15;GEOLK4;Landkreise u. krsfr. Städte (Stand 15.05.22);16071;Weimarer Land;WHGRM2;Räume;RAUM02;2 Räume;5,76;€/m²;WHG012;Durchschnittliche Nettokaltmiete;e
4000W;Wohnungen (Gebietsstand 15.05.2022);STAG;Stichtag;2022-05-15;GEOLK4;Landkreise u. krsfr. Städte (Stand 15.05.22);06412;Frankfurt am Main, Stadt;WHGRM2;Räume;;Insgesamt;10,58;€/m²;WHG012;Durchschnittliche Nettokaltmiete;e
4000W;Wohnungen (Gebietsstand 15.05.2022);STAG;Stichtag;2022-05-15;GEOLK4;Landkreise u. krsfr. Städte (Stand 15.05.22);05122;Solingen, Klingenstadt;WHGRM2;Räume;RAUM01;1 Raum;7,16;€/m²;WHG012;Durchschnittliche Nettokaltmiete;e
4000W;Wohnungen (Gebietsstand 15.05.2022);STAG;Stichtag;2022-05-15;GEOLK4;Landkreise u. krsfr. Städte (Stand 15.05.22);12073;Uckermark;WHGRM2;Räume;RAUM04;4 Räume;5,05;€/m²;WHG012;Durchschnittliche Nettokaltmiete;e
4000W;Wohnungen (Gebietsstand 15.05.2022);STAG;Stichtag;2022-05-15;GEOLK4;Landkreise u. krsfr. Städte (Stand 15.05.22);06433;Groß-Gerau;WHGRM2;Räume;RAUM07UM;7 und mehr Räume;7,53;€/m²;WHG012;Durchschnittliche Nettokaltmiete;e
4000W;Wohnungen (Gebietsstand 15.05.2022);STAG;Stichtag;2022-05-15;GEOLK4;Landkreise u. krsfr. Städte (Stand 15.05.22);09361;Amberg;WHGRM2;Räume;RAUM04;4 Räume;5,97;€/m²;WHG012;Durchschnittliche Nettokaltmiete;e
4000W;Wohnungen (Gebietsstand 15.05.2022);STAG;Stichtag;2022-05-15;GEOLK4;Landkreise u. krsfr. Städte (Stand 15.05.22);03460;Vechta;WHGRM2;Räume;RAUM04;4 Räume;6,20;€/m²;WHG012;Durchschnittliche Nettokaltmiete;e
4000W;Wohnungen (Gebietsstand 15.05.2022);STAG;Stichtag;2022-05-15;GEOLK4;Landkreise u. krsfr. Städte (Stand 15.05.22);16074;Saale-Holzland-Kreis;WHGRM2;Räume;;Insgesamt;5,29;€/m²;WHG012;Durchschnittliche Nettokaltmiete;e
4000W;Wohnungen (Gebietsstand 15.05.2022);STAG;Stichtag;2022-05-15;GEOLK4;Landkreise u. krsfr. Städte (Stand 15.05.22);09185;Neuburg-Schrobenhausen;WHGRM2;Räume;RAUM03;3 Räume;7,78;€/m²;WHG012;Durchschnittliche Nettokaltmiete;e
4000W;Wohnungen (Gebietsstand 15.05.2022);STAG;Stichtag;2022-05-15;GEOLK4;Landkreise u. krsfr. Städte (Stand 15.05.22);03456;Grafschaft Bentheim;WHGRM2;Räume;RAUM01;1 Raum;7,79;€/m²;WHG012;Durchschnittliche Nettokaltmiete;e
4000W;Wohnungen (Gebietsstand 15.05.2022);STAG;Stichtag;2022-05-15;GEOLK4;Landkreise u. krsfr. Städte (Stand 15.05.22);12069;Potsdam-Mittelmark;WHGRM2;Räume;RAUM01;1 Raum;8,62;€/m²;WHG012;Durchschnittliche Nettokaltmiete;e
4000W;Wohnungen (Gebietsstand 15.05.2022);STAG;Stichtag;2022-05-15;GEOLK4;Landkreise u. krsfr. Städte (Stand 15.05.22);05962;Märkischer Kreis;WHGRM2;Räume;RAUM01;1 Raum;6,92;€/m²;WHG012;Durchschnittliche Nettokaltmiete;e
4000W;Wohnungen (Gebietsstand 15.05.2022);STAG;Stichtag;2022-05-15;GEOLK4;Landkreise u. krsfr. Städte (Stand 15.05.22);06535;Vogelsbergkreis;WHGRM2;Räume;RAUM01;1 Raum;7,69;€/m²;WHG012;Durchschnittliche Nettokaltmiete;e
4000W;Wohnungen (Gebietsstand 15.05.2022);STAG;Stichtag;2022-05-15;GEOLK4;Landkreise u. krsfr. Städte (Stand 15.05.22);09671;Aschaffenburg, Landkreis;WHGRM2;Räume;RAUM01;1 Raum;9,12;€/m²;WHG012;Durchschnittliche Nettokaltmiete;e
4000W;Wohnungen (Gebietsstand 15.05.2022);STAG;Stichtag;2022-05-15;GEOLK4;Landkreise u. krsfr. Städte (Stand 15.05.22);09274;Landshut, Landkreis;WHGRM2;Räume;RAUM03;3 Räume;7,12;€/m²;WHG012;Durchschnittliche Nettokaltmiete;e
4000W;Wohnungen (Gebietsstand 15.05.2022);STAG;Stichtag;2022-05-15;GEOLK4;Landkreise u. krsfr. Städte (Stand 15.05.22);09463;Coburg, Kreisfreie Stadt;WHGRM2;Räume;RAUM02;2 Räume;6,97;€/m²;WHG012;Durchschnittliche Nettokaltmiete;e
4000W;Wohnungen (Gebietsstand 15.05.2022);STAG;Stichtag;2022-05-15;GEOLK4;Landkreise u. krsfr. Städte (Stand 15.05.22);15084;Burgenlandkreis;WHGRM2;Räume;RAUM03;3 Räume;5,12;€/m²;WHG012;Durchschnittliche Nettokaltmiete;e
4000W;Wohnungen (Gebietsstand 15.05.2022);STAG;Stichtag;2022-05-15;GEOLK4;Landkreise u. krsfr. Städte (Stand 15.05.22);15003;Magdeburg, Landeshauptstadt;WHGRM2;Räume;RAUM06;6 Räume;5,95;€/m²;WHG012;Durchschnittliche Nettokaltmiete;e
4000W;Wohnungen (Gebietsstand 15.05.2022);STAG;Stichtag;2022-05-15;GEOLK4;Landkreise u. krsfr. Städte (Stand 15.05.22);09674;Haßberge;WHGRM2;Räume;;Insgesamt;5,40;€/m²;WHG012;Durchschnittliche Nettokaltmiete;e
4000W;Wohnungen (Gebietsstand 15.05.2022);STAG;Stichtag;2022-05-15;GEOLK4;Landkreise u. krsfr. Städte (Stand 15.05.22);08425;Alb-Donau-Kreis;WHGRM2;Räume;RAUM05;5 Räume;6,34;€/m²;WHG012;Durchschnittliche Nettokaltmiete;e
4000W;Wohnungen (Gebietsstand 15.05.2022);STAG;Stichtag;2022-05-15;GEOLK4;Landkreise u. krsfr. Städte (Stand 15.05.22);12060;Barnim;WHGRM2;Räume;RAUM06;6 Räume;6,45;€/m²;WHG012;Durchschnittliche Nettokaltmiete;e
4000W;Wohnungen (Gebietsstand 15.05.2022);STAG;Stichtag;2022-05-15;GEOLK4;Landkreise u. krsfr. Städte (Stand 15.05.22);05770;Minden-Lübbecke;WHGRM2;Räume;RAUM07UM;7 und mehr Räume;5,10;€/m²;WHG012;Durchschnittliche Nettokaltmiete;e
4000W;Wohnungen (Gebietsstand 15.05.2022);STAG;Stichtag;2022-05-15;GEOLK4;Landkreise u. krsfr. Städte (Stand 15.05.22);12067;Oder-Spree;WHGRM2;Räume;RAUM07UM;7 und mehr Räume;6,42;€/m²;WHG012;Durchschnittliche Nettokaltmiete;e
4000W;Wohnungen (Gebietsstand 15.05.2022);STAG;Stichtag;2022-05-15;GEOLK4;Landkreise u. krsfr. Städte (Stand 15.05.22);03354;Lüchow-Dannenberg;WHGRM2;Räume;RAUM03;3 Räume;4,87;€/m²;WHG012;Durchschnittliche Nettokaltmiete;e
4000W;Wohnungen (Gebietsstand 15.05.2022);STAG;Stichtag;2022-05-15;GEOLK4;Landkreise u. krsfr. Städte (Stand 15.05.22);16054;Suhl, Stadt;WHGRM2;Räume;RAUM01;1 Raum;5,59;€/m²;WHG012;Durchschnittliche Nettokaltmiete;e
4000W;Wohnungen (Gebietsstand 15.05.2022);STAG;Stichtag;2022-05-15;GEOLK4;Landkreise u. krsfr. Städte (Stand 15.05.22);09172;Berchtesgadener Land;WHGRM2;Räume;RAUM05;5 Räume;6,84;€/m²;WHG012;Durchschnittliche Nettokaltmiete;e
4000W;Wohnungen (Gebietsstand 15.05.2022);STAG;Stichtag;2022-05-15;GEOLK4;Landkreise u. krsfr. Städte (Stand 15.05.22);15081;Altmarkkreis Salzwedel;WHGRM2;Räume;RAUM07UM;7 und mehr Räume;4,05;€/m²;WHG012;Durchschnittliche Nettokaltmiete;e
4000W;Wohnungen (Gebietsstand 15.05.2022);STAG;Stichtag;2022-05-15;GEOLK4;Landkreise u. krsfr. Städte (Stand 15.05.22);15091;Wittenberg;WHGRM2;Räume;RAUM05;5 Räume;4,74;€/m²;WHG012;Durchschnittliche Nettokaltmiete;e
4000W;Wohnungen (Gebietsstand 15.05.2022);STAG;Stichtag;2022-05-15;GEOLK4;Landkreise u. krsfr. Städte (Stand 15.05.22);01055;Ostholstein;WHGRM2;Räume;RAUM07UM;7 und mehr Räume;6,17;€/m²;WHG012;Durchschnittliche Nettokaltmiete;e
4000W;Wohnungen (Gebietsstand 15.05.2022);STAG;Stichtag;2022-05-15;GEOLK4;Landkreise u. krsfr. Städte (Stand 15.05.22);09375;Regensburg, Landkreis;WHGRM2;Räume;RAUM02;2 Räume;7,96;€/m²;WHG012;Durchschnittliche Nettokaltmiete;e
4000W;Wohnungen (Gebietsstand 15.05.2022);STAG;Stichtag;2022-05-15;GEOLK4;Landkreise u. krsfr. Städte (Stand 15.05.22);07132;Altenkirchen (Westerwald);WHGRM2;Räume;RAUM06;6 Räume;4,95;€/m²;WHG012;Durchschnittliche Nettokaltmiete;e
4000W;Wohnungen (Gebietsstand 15.05.2022);STAG;Stichtag;2022-05-15;GEOLK4;Landkreise u. krsfr. Städte (Stand 15.05.22);07141;Rhein-Lahn-Kreis;WHGRM2;Räume;RAUM03;3 Räume;5,68;€/m²;WHG012;Durchschnittliche Nettokaltmiete;e
4000W;Wohnungen (Gebietsstand 15.05.2022);STAG;Stichtag;2022-05-15;GEOLK4;Landkreise u. krsfr. Städte (Stand 15.05.22);03353;Harburg;WHGRM2;Räume;RAUM05;5 Räume;7,66;€/m²;WHG012;Durchschnittliche Nettokaltmiete;e
4000W;Wohnungen (Gebietsstand 15.05.2022);STAG;Stichtag;2022-05-15;GEOLK4;Landkreise u. krsfr. Städte (Stand 15.05.22);05562;Recklinghausen;WHGRM2;Räume;RAUM01;1 Raum;7,24;€/m²;WHG012;Durchschnittliche Nettokaltmiete;e
4000W;Wohnungen (Gebietsstand 15.05.2022);STAG;Stichtag;2022-05-15;GEOLK4;Landkreise u. krsfr. Städte (Stand 15.05.22);08127;Schwäbisch Hall;WHGRM2;Räume;RAUM03;3 Räume;6,81;€/m²;WHG012;Durchschnittliche Nettokaltmiete;e
4000W;Wohnungen (Gebietsstand 15.05.2022);STAG;Stichtag;2022-05-15;GEOLK4;Landkreise u. krsfr. Städte (Stand 15.05.22);05758;Herford;WHGRM2;Räume;;Insgesamt;5,54;€/m²;WHG012;Durchschnittliche Nettokaltmiete;e
4000W;Wohnungen (Gebietsstand 15.05.2022);STAG;Stichtag;2022-05-15;GEOLK4;Landkreise u. krsfr. Städte (Stand 15.05.22);07232;Eifelkreis Bitburg-Prüm;WHGRM2;Räume;RAUM02;2 Räume;7,27;€/m²;WHG012;Durchschnittliche Nettokaltmiete;e
4000W;Wohnungen (Gebietsstand 15.05.2022);STAG;Stichtag;2022-05-15;GEOLK4;Landkreise u. krsfr. Städte (Stand 15.05.22);05962;Märkischer Kreis;WHGRM2;Räume;RAUM02;2 Räume;5,93;€/m²;WHG012;Durchschnittliche Nettokaltmiete;e
4000W;Wohnungen (Gebietsstand 15.05.2022);STAG;Stichtag;2022-05-15;GEOLK4;Landkreise u. krsfr. Städte (Stand 15.05.22);09780;Oberallgäu;WHGRM2;Räume;RAUM01;1 Raum;8,63;€/m²;WHG012;Durchschnittliche Nettokaltmiete;e
4000W;Wohnungen (Gebietsstand 15.05.2022);STAG;Stichtag;2022-05-15;GEOLK4;Landkreise u. krsfr. Städte (Stand 15.05.22);16077;Altenburger Land;WHGRM2;Räume;RAUM05;5 Räume;4,70;€/m²;WHG012;Durchschnittliche Nettokaltmiete;e
4000W;Wohnungen (Gebietsstand 15.05.2022);STAG;Stichtag;2022-05-15;GEOLK4;Landkreise u. krsfr. Städte (Stand 15.05.22);16077;Altenburger Land;WHGRM2;Räume;;Insgesamt;5,03;€/m²;WHG012;Durchschnittliche Nettokaltmiete;e
4000W;Wohnungen (Gebietsstand 15.05.2022);STAG;Stichtag;2022-05-15;GEOLK4;Landkreise u. krsfr. Städte (Stand 15.05.22);03453;Cloppenburg;WHGRM2;Räume;RAUM01;1 Raum;8,76;€/m²;WHG012;Durchschnittliche Nettokaltmiete;e
4000W;Wohnungen (Gebietsstand 15.05.2022);STAG;Stichtag;2022-05-15;GEOLK4;Landkreise u. krsfr. Städte (Stand 15.05.22);15003;Magdeburg, Landeshauptstadt;WHGRM2;Räume;RAUM07UM;7 und mehr Räume;5,86;€/m²;WHG012;Durchschnittliche Nettokaltmiete;e
4000W;Wohnungen (Gebietsstand 15.05.2022);STAG;Stichtag;2022-05-15;GEOLK4;Landkreise u. krsfr. Städte (Stand 15.05.22);07318;Speyer, kreisfreie Stadt;WHGRM2;Räume;RAUM03;3 Räume;7,16;€/m²;WHG012;Durchschnittliche Nettokaltmiete;e
4000W;Wohnungen (Gebietsstand 15.05.2022);STAG;Stichtag;2022-05-15;GEOLK4;Landkreise u. krsfr. Städte (Stand 15.05.22);09371;Amberg-Sulzbach;WHGRM2;Räume;RAUM03;3 Räume;5,50;€/m²;WHG012;Durchschnittliche Nettokaltmiete;e
4000W;Wohnungen (Gebietsstand 15.05.2022);STAG;Stichtag;2022-05-15;GEOLK4;Landkreise u. krsfr. Städte (Stand 15.05.22);05114;Krefeld, Stadt;WHGRM2;Räume;RAUM05;5 Räume;6,68;€/m²;WHG012;Durchschnittliche Nettokaltmiete;e
4000W;Wohnungen (Gebietsstand 15.05.2022);STAG;Stichtag;2022-05-15;GEOLK4;Landkreise u. krsfr. Städte (Stand 15.05.22);08311;Freiburg im Breisgau, Stadtkreis;WHGRM2;Räume;RAUM06;6 Räume;9,22;€/m²;WHG012;Durchschnittliche Nettokaltmiete;e
4000W;Wohnungen (Gebietsstand 15.05.2022);STAG;Stichtag;2022-05-15;GEOLK4;Landkreise u. krsfr. Städte (Stand 15.05.22);09771;Aichach-Friedberg;WHGRM2;Räume;RAUM04;4 Räume;7,36;€/m²;WHG012;Durchschnittliche Nettokaltmiete;e
4000W;Wohnungen (Gebietsstand 15.05.2022);STAG;Stichtag;2022-05-15;GEOLK4;Landkreise u. krsfr. Städte (Stand 15.05.22);13004;Schwerin;WHGRM2;Räume;RAUM05;5 Räume;5,96;€/m²;WHG012;Durchschnittliche Nettokaltmiete;e
4000W;Wohnungen (Gebietsstand 15.05.2022);STAG;Stichtag;2022-05-15;GEOLK4;Landkreise u. krsfr. Städte (Stand 15.05.22);09561;Ansbach, Kreisfreie Stadt;WHGRM2;Räume;;Insgesamt;6,68;€/m²;WHG012;Durchschnittliche Nettokaltmiete;e
4000W;Wohnungen (Gebietsstand 15.05.2022);STAG;Stichtag;2022-05-15;GEOLK4;Landkreise u. krsfr. Städte (Stand 15.05.22);13073;Vorpommern-Rügen;WHGRM2;Räume;RAUM04;4 Räume;5,51;€/m²;WHG012;Durchschnittliche Nettokaltmiete;e
4000W;Wohnungen (Gebietsstand 15.05.2022);STAG;Stichtag;2022-05-15;GEOLK4;Landkreise u. krsfr. Städte (Stand 15.05.22);05966;Olpe;WHGRM2;Räume;RAUM01;1 Raum;8,50;€/m²;WHG012;Durchschnittliche Nettokaltmiete;e
4000W;Wohnungen (Gebietsstand 15.05.2022);STAG;Stichtag;2022-05-15;GEOLK4;Landkreise u. krsfr. Städte (Stand 15.05.22);12052;Cottbus, Stadt;WHGRM2;Räume;RAUM05;5 Räume;5,17;€/m²;WHG012;Durchschnittliche Nettokaltmiete;e
4000W;Wohnungen (Gebietsstand 15.05.2022);STAG;Stichtag;2022-05-15;GEOLK4;Landkreise u. krsfr. Städte (Stand 15.05.22);14626;Görlitz;WHGRM2;Räume;RAUM03;3 Räume;4,71;€/m²;WHG012;Durchschnittliche Nettokaltmiete;e
4000W;Wohnungen (Gebietsstand 15.05.2022);STAG;Stichtag;2022-05-15;GEOLK4;Landkreise u. krsfr. Städte (Stand 15.05.22);08436;Ravensburg;WHGRM2;Räume;RAUM05;5 Räume;6,77;€/m²;WHG012;Durchschnittliche Nettokaltmiete;e
4000W;Wohnungen (Gebietsstand 15.05.2022);STAG;Stichtag;2022-05-15;GEOLK4;Landkreise u. krsfr. Städte (Stand 15.05.22);05711;Bielefeld, Stadt;WHGRM2;Räume;RAUM05;5 Räume;6,65;€/m²;WHG012;Durchschnittliche Nettokaltmiete;e
4000W;Wohnungen (Gebietsstand 15.05.2022);STAG;Stichtag;2022-05-15;GEOLK4;Landkreise u. krsfr. Städte (Stand 15.05.22);14713;Leipzig, Stadt;WHGRM2;Räume;RAUM03;3 Räume;6,29;€/m²;WHG012;Durchschnittliche Nettokaltmiete;e
4000W;Wohnungen (Gebietsstand 15.05.2022);STAG;Stichtag;2022-05-15;GEOLK4;Landkreise u. krsfr. Städte (Stand 15.05.22);08125;Heilbronn, Landkreis;WHGRM2;Räume;;Insgesamt;7,61;€/m²;WHG012;Durchschnittliche Nettokaltmiete;e
4000W;Wohnungen (Gebietsstand 15.05.2022);STAG;Stichtag;2022-05-15;GEOLK4;Landkreise u. krsfr. Städte (Stand 15.05.22);09174;Dachau;WHGRM2;Räume;;Insgesamt;10,09;€/m²;WHG012;Durchschnittliche Nettokaltmiete;e
4000W;Wohnungen (Gebietsstand 15.05.2022);STAG;Stichtag;2022-05-15;GEOLK4;Landkreise u. krsfr. Städte (Stand 15.05.22);08416;Tübingen;WHGRM2;Räume;RAUM07UM;7 und mehr Räume;8,04;€/m²;WHG012;Durchschnittliche Nettokaltmiete;e
4000W;Wohnungen (Gebietsstand 15.05.2022);STAG;Stichtag;2022-05-15;GEOLK4;Landkreise u. krsfr. Städte (Stand 15.05.22);07314;Ludwigshafen am Rhein, kreisfreie Stadt;WHGRM2;Räume;RAUM04;4 Räume;6,80;€/m²;WHG012;Durchschnittliche Nettokaltmiete;e
4000W;Wohnungen (Gebietsstand 15.05.2022);STAG;Stichtag;2022-05-15;GEOLK4;Landkreise u. krsfr. Städte (Stand 15.05.22);08315;Breisgau-Hochschwarzwald;WHGRM2;Räume;RAUM05;5 Räume;7,32;€/m²;WHG012;Durchschnittliche Nettokaltmiete;e
4000W;Wohnungen (Gebietsstand 15.05.2022);STAG;Stichtag;2022-05-15;GEOLK4;Landkreise u. krsfr. Städte (Stand 15.05.22);09679;Würzburg, Landkreis;WHGRM2;Räume;RAUM06;6 Räume;7,00;€/m²;WHG012;Durchschnittliche Nettokaltmiete;e
4000W;Wohnungen (Gebietsstand 15.05.2022);STAG;Stichtag;2022-05-15;GEOLK4;Landkreise u. krsfr. Städte (Stand 15.05.22);09180;Garmisch-Partenkirchen;WHGRM2;Räume;RAUM07UM;7 und mehr Räume;8,19;€/m²;WHG012;Durchschnittliche Nettokaltmiete;e
4000W;Wohnungen (Gebietsstand 15.05.2022);STAG;Stichtag;2022-05-15;GEOLK4;Landkreise u. krsfr. Städte (Stand 15.05.22);04011;Bremen, Stadt;WHGRM2;Räume;RAUM04;4 Räume;7,17;€/m²;WHG012;Durchschnittliche Nettokaltmiete;e
4000W;Wohnungen (Gebietsstand 15.05.2022);STAG;Stichtag;2022-05-15;GEOLK4;Landkreise u. krsfr. Städte (Stand 15.05.22);09163;Rosenheim, Kreisfreie Stadt;WHGRM2;Räume;RAUM03;3 Räume;8,92;€/m²;WHG012;Durchschnittliche Nettokaltmiete;e
4000W;Wohnungen (Gebietsstand 15.05.2022);STAG;Stichtag;2022-05-15;GEOLK4;Landkreise u. krsfr. Städte (Stand 15.05.22);08111;Stuttgart, Stadtkreis;WHGRM2;Räume;;Insgesamt;10,39;€/m²;WHG012;Durchschnittliche Nettokaltmiete;e
4000W;Wohnungen (Gebietsstand 15.05.2022);STAG;Stichtag;2022-05-15;GEOLK4;Landkreise u. krsfr. Städte (Stand 15.05.22);03101;Braunschweig, Stadt;WHGRM2;Räume;RAUM02;2 Räume;7,77;€/m²;WHG012;Durchschnittliche Nettokaltmiete;e
4000W;Wohnungen (Gebietsstand 15.05.2022);STAG;Stichtag;2022-05-15;GEOLK4;Landkreise u. krsfr. Städte (Stand 15.05.22);03102;Salzgitter, Stadt;WHGRM2;Räume;RAUM07UM;7 und mehr Räume;4,63;€/m²;WHG012;Durchschnittliche Nettokaltmiete;e
4000W;Wohnungen (Gebietsstand 15.05.2022);STAG;Stichtag;2022-05-15;GEOLK4;Landkreise u. krsfr. Städte (Stand 15.05.22);03241;Region Hannover;WHGRM2;Räume;RAUM02;2 Räume;7,94;€/m²;WHG012;Durchschnittliche Nettokaltmiete;e
4000W;Wohnungen (Gebietsstand 15.05.2022);STAG;Stichtag;2022-05-15;GEOLK4;Landkreise u. krsfr. Städte (Stand 15.05.22);08118;Ludwigsburg;WHGRM2;Räume;RAUM06;6 Räume;7,91;€/m²;WHG012;Durchschnittliche Nettokaltmiete;e
4000W;Wohnungen (Gebietsstand 15.05.2022);STAG;Stichtag;2022-05-15;GEOLK4;Landkreise u. krsfr. Städte (Stand 15.05.22);13004;Schwerin;WHGRM2;Räume;;Insgesamt;6,06;€/m²;WHG012;Durchschnittliche Nettokaltmiete;e
4000W;Wohnungen (Gebietsstand 15.05.2022);STAG;Stichtag;2022-05-15;GEOLK4;Landkreise u. krsfr. Städte (Stand 15.05.22);16052;Gera, Stadt;WHGRM2;Räume;RAUM02;2 Räume;5,27;€/m²;WHG012;Durchschnittliche Nettokaltmiete;e
4000W;Wohnungen (Gebietsstand 15.05.2022);STAG;Stichtag;2022-05-15;GEOLK4;Landkreise u. krsfr. Städte (Stand 15.05.22);06531;Gießen;WHGRM2;Räume;RAUM07UM;7 und mehr Räume;6,16;€/m²;WHG012;Durchschnittliche Nettokaltmiete;e
4000W;Wohnungen (Gebietsstand 15.05.2022);STAG;Stichtag;2022-05-15;GEOLK4;Landkreise u. krsfr. Städte (Stand 15.05.22);09188;Starnberg;WHGRM2;Räume;RAUM06;6 Räume;11,47;€/m²;WHG012;Durchschnittliche Nettokaltmiete;e
4000W;Wohnungen (Gebietsstand 15.05.2022);STAG;Stichtag;2022-05-15;GEOLK4;Landkreise u. krsfr. Städte (Stand 15.05.22);07336;Kusel;WHGRM2;Räume;;Insgesamt;5,49;€/m²;WHG012;Durchschnittliche Nettokaltmiete;e
4000W;Wohnungen (Gebietsstand 15.05.2022);STAG;Stichtag;2022-05-15;GEOLK4;Landkreise u. krsfr. Städte (Stand 15.05.22);09775;Neu-Ulm;WHGRM2;Räume;RAUM03;3 Räume;7,90;€/m²;WHG012;Durchschnittliche Nettokaltmiete;e
4000W;Wohnungen (Gebietsstand 15.05.2022);STAG;Stichtag;2022-05-15;GEOLK4;Landkreise u. krsfr. Städte (Stand 15.05.22);14521;Erzgebirgskreis;WHGRM2;Räume;RAUM02;2 Räume;4,96;€/m²;WHG012;Durchschnittliche Nettokaltmiete;e
4000W;Wohnungen (Gebietsstand 15.05.2022);STAG;Stichtag;2022-05-15;GEOLK4;Landkreise u. krsfr. Städte (Stand 15.05.22);01002;Kiel, Landeshauptstadt;WHGRM2;Räume;RAUM05;5 Räume;7,48;€/m²;WHG012;Durchschnittliche Nettokaltmiete;e
4000W;Wohnungen (Gebietsstand 15.05.2022);STAG;Stichtag;2022-05-15;GEOLK4;Landkreise u. krsfr. Städte (Stand 15.05.22);09362;Regensburg, Kreisfreie Stadt;WHGRM2;Räume;RAUM06;6 Räume;8,76;€/m²;WHG012;Durchschnittliche Nettokaltmiete;e
4000W;Wohnungen (Gebietsstand 15.05.2022);STAG;Stichtag;2022-05-15;GEOLK4;Landkreise u. krsfr. Städte (Stand 15.05.22);09275;Passau, Landkreis;WHGRM2;Räume;RAUM06;6 Räume;4,92;€/m²;WHG012;Durchschnittliche Nettokaltmiete;e
4000W;Wohnungen (Gebietsstand 15.05.2022);STAG;Stichtag;2022-05-15;GEOLK4;Landkreise u. krsfr. Städte (Stand 15.05.22);10043;Neunkirchen;WHGRM2;Räume;RAUM01;1 Raum;9,75;€/m²;WHG012;Durchschnittliche Nettokaltmiete;e
4000W;Wohnungen (Gebietsstand 15.05.2022);STAG;Stichtag;2022-05-15;GEOLK4;Landkreise u. krsfr. Städte (Stand 15.05.22);03254;Hildesheim;WHGRM2;Räume;;Insgesamt;5,86;€/m²;WHG012;Durchschnittliche Nettokaltmiete;e
4000W;Wohnungen (Gebietsstand 15.05.2022);STAG;Stichtag;2022-05-15;GEOLK4;Landkreise u. krsfr. Städte (Stand 15.05.22);06433;Groß-Gerau;WHGRM2;Räume;RAUM05;5 Räume;7,69;€/m²;WHG012;Durchschnittliche Nettokaltmiete;e
4000W;Wohnungen (Gebietsstand 15.05.2022);STAG;Stichtag;2022-05-15;GEOLK4;Landkreise u. krsfr. Städte (Stand 15.05.22);15085;Harz;WHGRM2;Räume;RAUM01;1 Raum;6,08;€/m²;WHG012;Durchschnittliche Nettokaltmiete;e
4000W;Wohnungen (Gebietsstand 15.05.2022);STAG;Stichtag;2022-05-15;GEOLK4;Landkreise u. krsfr. Städte (Stand 15.05.22);12067;Oder-Spree;WHGRM2;Räume;RAUM05;5 Räume;5,61;€/m²;WHG012;Durchschnittliche Nettokaltmiete;e
4000W;Wohnungen (Gebietsstand 15.05.2022);STAG;Stichtag;2022-05-15;GEOLK4;Landkreise u. krsfr. Städte (Stand 15.05.22);03154;Helmstedt;WHGRM2;Räume;RAUM02;2 Räume;6,20;€/m²;WHG012;Durchschnittliche Nettokaltmiete;e
4000W;Wohnungen (Gebietsstand 15.05.2022);STAG;Stichtag;2022-05-15;GEOLK4;Landkreise u. krsfr. Städte (Stand 15.05.22);06533;Limburg-Weilburg;WHGRM2;Räume;;Insgesamt;6,10;€/m²;WHG012;Durchschnittliche Nettokaltmiete;e
4000W;Wohnungen (Gebietsstand 15.05.2022);STAG;Stichtag;2022-05-15;GEOLK4;Landkreise u. krsfr. Städte (Stand 15.05.22);06631;Fulda;WHGRM2;Räume;RAUM02;2 Räume;6,72;€/m²;WHG012;Durchschnittliche Nettokaltmiete;e
4000W;Wohnungen (Gebietsstand 15.05.2022);STAG;Stichtag;2022-05-15;GEOLK4;Landkreise u. krsfr. Städte (Stand 15.05.22);07333;Donnersbergkreis;WHGRM2;Räume;RAUM04;4 Räume;5,46;€/m²;WHG012;Durchschnittliche Nettokaltmiete;e
4000W;Wohnungen (Gebietsstand 15.05.2022);STAG;Stichtag;2022-05-15;GEOLK4;Landkreise u. krsfr. Städte (Stand 15.05.22);09476;Kronach;WHGRM2;Räume;;Insgesamt;5,27;€/m²;WHG012;Durchschnittliche Nettokaltmiete;e
4000W;Wohnungen (Gebietsstand 15.05.2022);STAG;Stichtag;2022-05-15;GEOLK4;Landkreise u. krsfr. Städte (Stand 15.05.22);08426;Biberach;WHGRM2;Räume;RAUM02;2 Räume;7,95;€/m²;WHG012;Durchschnittliche Nettokaltmiete;e
4000W;Wohnungen (Gebietsstand 15.05.2022);STAG;Stichtag;2022-05-15;GEOLK4;Landkreise u. krsfr. Städte (Stand 15.05.22);14523;Vogtlandkreis;WHGRM2;Räume;RAUM07UM;7 und mehr Räume;4,06;€/m²;WHG012;Durchschnittliche Nettokaltmiete;e
4000W;Wohnungen (Gebietsstand 15.05.2022);STAG;Stichtag;2022-05-15;GEOLK4;Landkreise u. krsfr. Städte (Stand 15.05.22);03458;Oldenburg;WHGRM2;Räume;RAUM06;6 Räume;5,56;€/m²;WHG012;Durchschnittliche Nettokaltmiete;e
4000W;Wohnungen (Gebietsstand 15.05.2022);STAG;Stichtag;2022-05-15;GEOLK4;Landkreise u. krsfr. Städte (Stand 15.05.22);09572;Erlangen-Höchstadt;WHGRM2;Räume;RAUM01;1 Raum;9,73;€/m²;WHG012;Durchschnittliche Nettokaltmiete;e
4000W;Wohnungen (Gebietsstand 15.05.2022);STAG;Stichtag;2022-05-15;GEOLK4;Landkreise u. krsfr. Städte (Stand 15.05.22);05315;Köln, Stadt;WHGRM2;Räume;RAUM03;3 Räume;9,05;€/m²;WHG012;Durchschnittliche Nettokaltmiete;e
4000W;Wohnungen (Gebietsstand 15.05.2022);STAG;Stichtag;2022-05-15;GEOLK4;Landkreise u. krsfr. Städte (Stand 15.05.22);06635;Waldeck-Frankenberg;WHGRM2;Räume;RAUM01;1 Raum;7,07;€/m²;WHG012;Durchschnittliche Nettokaltmiete;e
4000W;Wohnungen (Gebietsstand 15.05.2022);STAG;Stichtag;2022-05-15;GEOLK4;Landkreise u. krsfr. Städte (Stand 15.05.22);08237;Freudenstadt;WHGRM2;Räume;RAUM02;2 Räume;7,21;€/m²;WHG012;Durchschnittliche Nettokaltmiete;e
4000W;Wohnungen (Gebietsstand 15.05.2022);STAG;Stichtag;2022-05-15;GEOLK4;Landkreise u. krsfr. Städte (Stand 15.05.22);09772;Augsburg, Landkreis;WHGRM2;Räume;RAUM07UM;7 und mehr Räume;6,65;€/m²;WHG012;Durchschnittliche Nettokaltmiete;e
4000W;Wohnungen (Gebietsstand 15.05.2022);STAG;Stichtag;2022-05-15;GEOLK4;Landkreise u. krsfr. Städte (Stand 15.05.22);01061;Steinburg;WHGRM2;Räume;RAUM01;1 Raum;7,69;€/m²;WHG012;Durchschnittliche Nettokaltmiete;e
4000W;Wohnungen (Gebietsstand 15.05.2022);STAG;Stichtag;2022-05-15;GEOLK4;Landkreise u. krsfr. Städte (Stand 15.05.22);07340;Südwestpfalz;WHGRM2;Räume;RAUM06;6 Räume;4,81;€/m²;WHG012;Durchschnittliche Nettokaltmiete;e
4000W;Wohnungen (Gebietsstand 15.05.2022);STAG;Stichtag;2022-05-15;GEOLK4;Landkreise u. krsfr. Städte (Stand 15.05.22);16073;Saalfeld-Rudolstadt;WHGRM2;Räume;RAUM06;6 Räume;5,03;€/m²;WHG012;Durchschnittliche Nettokaltmiete;e
4000W;Wohnungen (Gebietsstand 15.05.2022);STAG;Stichtag;2022-05-15;GEOLK4;Landkreise u. krsfr. Städte (Stand 15.05.22);16067;Gotha;WHGRM2;Räume;RAUM02;2 Räume;5,70;€/m²;WHG012;Durchschnittliche Nettokaltmiete;e
4000W;Wohnungen (Gebietsstand 15.05.2022);STAG;Stichtag;2022-05-15;GEOLK4;Landkreise u. krsfr. Städte (Stand 15.05.22);03351;Celle;WHGRM2;Räume;RAUM07UM;7 und mehr Räume;5,02;€/m²;WHG012;Durchschnittliche Nettokaltmiete;e
4000W;Wohnungen (Gebietsstand 15.05.2022);STAG;Stichtag;2022-05-15;GEOLK4;Landkreise u. krsfr. Städte (Stand 15.05.22);09178;Freising;WHGRM2;Räume;RAUM03;3 Räume;10,13;€/m²;WHG012;Durchschnittliche Nettokaltmiete;e
4000W;Wohnungen (Gebietsstand 15.05.2022);STAG;Stichtag;2022-05-15;GEOLK4;Landkreise u. krsfr. Städte (Stand 15.05.22);12061;Dahme-Spreewald;WHGRM2;Räume;RAUM02;2 Räume;7,83;€/m²;WHG012;Durchschnittliche Nettokaltmiete;e
4000W;Wohnungen (Gebietsstand 15.05.2022);STAG;Stichtag;2022-05-15;GEOLK4;Landkreise u. krsfr. Städte (Stand 15.05.22);09377;Tirschenreuth;WHGRM2;Räume;RAUM06;6 Räume;4,27;€/m²;WHG012;Durchschnittliche Nettokaltmiete;e
4000W;Wohnungen (Gebietsstand 15.05.2022);STAG;Stichtag;2022-05-15;GEOLK4;Landkreise u. krsfr. Städte (Stand 15.05.22);05120;Remscheid, Stadt;WHGRM2;Räume;;Insgesamt;5,78;€/m²;WHG012;Durchschnittliche Nettokaltmiete;e
4000W;Wohnungen (Gebietsstand 15.05.2022);STAG;Stichtag;2022-05-15;GEOLK4;Landkreise u. krsfr. Städte (Stand 15.05.22);08417;Zollernalbkreis;WHGRM2;Räume;RAUM05;5 Räume;5,83;€/m²;WHG012;Durchschnittliche Nettokaltmiete;e
4000W;Wohnungen (Gebietsstand 15.05.2022);STAG;Stichtag;2022-05-15;GEOLK4;Landkreise u. krsfr. Städte (Stand 15.05.22);09571;Ansbach, Landkreis;WHGRM2;Räume;RAUM07UM;7 und mehr Räume;5,28;€/m²;WHG012;Durchschnittliche Nettokaltmiete;e
4000W;Wohnungen (Gebietsstand 15.05.2022);STAG;Stichtag;2022-05-15;GEOLK4;Landkreise u. krsfr. Städte (Stand 15.05.22);15001;Dessau-Roßlau, Stadt;WHGRM2;Räume;RAUM02;2 Räume;5,81;€/m²;WHG012;Durchschnittliche Nettokaltmiete;e
4000W;Wohnungen (Gebietsstand 15.05.2022);STAG;Stichtag;2022-05-15;GEOLK4;Landkreise u. krsfr. Städte (Stand 15.05.22);06535;Vogelsbergkreis;WHGRM2;Räume;RAUM05;5 Räume;4,67;€/m²;WHG012;Durchschnittliche Nettokaltmiete;e
4000W;Wohnungen (Gebietsstand 15.05.2022);STAG;Stichtag;2022-05-15;GEOLK4;Landkreise u. krsfr. Städte (Stand 15.05.22);03405;Wilhelmshaven, Stadt;WHGRM2;Räume;RAUM06;6 Räume;4,98;€/m²;WHG012;Durchschnittliche Nettokaltmiete;e
4000W;Wohnungen (Gebietsstand 15.05.2022);STAG;Stichtag;2022-05-15;GEOLK4;Landkreise u. krsfr. Städte (Stand 15.05.22);03455;Friesland;WHGRM2;Räume;RAUM05;5 Räume;5,32;€/m²;WHG012;Durchschnittliche Nettokaltmiete;e
4000W;Wohnungen (Gebietsstand 15.05.2022);STAG;Stichtag;2022-05-15;GEOLK4;Landkreise u. krsfr. Städte (Stand 15.05.22);07331;Alzey-Worms;WHGRM2;Räume;RAUM07UM;7 und mehr Räume;5,79;€/m²;WHG012;Durchschnittliche Nettokaltmiete;e
4000W;Wohnungen (Gebietsstand 15.05.2022);STAG;Stichtag;2022-05-15;GEOLK4;Landkreise u. krsfr. Städte (Stand 15.05.22);13075;Vorpommern-Greifswald;WHGRM2;Räume;RAUM07UM;7 und mehr Räume;5,12;€/m²;WHG012;Durchschnittliche Nettokaltmiete;e
4000W;Wohnungen (Gebietsstand 15.05.2022);STAG;Stichtag;2022-05-15;GEOLK4;Landkreise u. krsfr. Städte (Stand 15.05.22);09476;Kronach;WHGRM2;Räume;RAUM04;4 Räume;4,99;€/m²;WHG012;Durchschnittliche Nettokaltmiete;e
4000W;Wohnungen (Gebietsstand 15.05.2022);STAG;Stichtag;2022-05-15;GEOLK4;Landkreise u. krsfr. Städte (Stand 15.05.22);09563;Fürth, Kreisfreie Stadt;WHGRM2;Räume;RAUM04;4 Räume;7,11;€/m²;WHG012;Durchschnittliche Nettokaltmiete;e
4000W;Wohnungen (Gebietsstand 15.05.2022);STAG;Stichtag;2022-05-15;GEOLK4;Landkreise u. krsfr. Städte (Stand 15.05.22);06412;Frankfurt am Main, Stadt;WHGRM2;Räume;RAUM07UM;7 und mehr Räume;10,59;€/m²;WHG012;Durchschnittliche Nettokaltmiete;e
4000W;Wohnungen (Gebietsstand 15.05.2022);STAG;Stichtag;2022-05-15;GEOLK4;Landkreise u. krsfr. Städte (Stand 15.05.22);06414;Wiesbaden, Landeshauptstadt;WHGRM2;Räume;RAUM05;5 Räume;8,89;€/m²;WHG012;Durchschnittliche Nettokaltmiete;e
4000W;Wohnungen (Gebietsstand 15.05.2022);STAG;Stichtag;2022-05-15;GEOLK4;Landkreise u. krsfr. Städte (Stand 15.05.22);03256;Nienburg (Weser);WHGRM2;Räume;RAUM02;2 Räume;6,31;€/m²;WHG012;Durchschnittliche Nettokaltmiete;e
4000W;Wohnungen (Gebietsstand 15.05.2022);STAG;Stichtag;2022-05-15;GEOLK4;Landkreise u. krsfr. Städte (Stand 15.05.22);16065;Kyffhäuserkreis;WHGRM2;Räume;RAUM07UM;7 und mehr Räume;4,26;€/m²;WHG012;Durchschnittliche Nettokaltmiete;e
4000W;Wohnungen (Gebietsstand 15.05.2022);STAG;Stichtag;2022-05-15;GEOLK4;Landkreise u. krsfr. Städte (Stand 15.05.22);09679;Würzburg, Landkreis;WHGRM2;Räume;RAUM07UM;7 und mehr Räume;6,03;€/m²;WHG012;Durchschnittliche Nettokaltmiete;e
4000W;Wohnungen (Gebietsstand 15.05.2022);STAG;Stichtag;2022-05-15;GEOLK4;Landkreise u. krsfr. Städte (Stand 15.05.22);09277;Rottal-Inn;WHGRM2;Räume;RAUM01;1 Raum;8,62;€/m²;WHG012;Durchschnittliche Nettokaltmiete;e
4000W;Wohnungen (Gebietsstand 15.05.2022);STAG;Stichtag;2022-05-15;GEOLK4;Landkreise u. krsfr. Städte (Stand 15.05.22);03255;Holzminden;WHGRM2;Räume;RAUM04;4 Räume;4,47;€/m²;WHG012;Durchschnittliche Nettokaltmiete;e
4000W;Wohnungen (Gebietsstand 15.05.2022);STAG;Stichtag;2022-05-15;GEOLK4;Landkreise u. krsfr. Städte (Stand 15.05.22);08225;Neckar-Odenwald-Kreis;WHGRM2;Räume;RAUM04;4 Räume;5,66;€/m²;WHG012;Durchschnittliche Nettokaltmiete;e
4000W;Wohnungen (Gebietsstand 15.05.2022);STAG;Stichtag;2022-05-15;GEOLK4;Landkreise u. krsfr. Städte (Stand 15.05.22);06438;Offenbach;WHGRM2;Räume;RAUM07UM;7 und mehr Räume;8,13;€/m²;WHG012;Durchschnittliche Nettokaltmiete;e
4000W;Wohnungen (Gebietsstand 15.05.2022);STAG;Stichtag;2022-05-15;GEOLK4;Landkreise u. krsfr. Städte (Stand 15.05.22);09464;Hof, Kreisfreie Stadt;WHGRM2;Räume;RAUM06;6 Räume;4,69;€/m²;WHG012;Durchschnittliche Nettokaltmiete;e
4000W;Wohnungen (Gebietsstand 15.05.2022);STAG;Stichtag;2022-05-15;GEOLK4;Landkreise u. krsfr. Städte (Stand 15.05.22);07134;Birkenfeld;WHGRM2;Räume;RAUM01;1 Raum;6,82;€/m²;WHG012;Durchschnittliche Nettokaltmiete;e
4000W;Wohnungen (Gebietsstand 15.05.2022);STAG;Stichtag;2022-05-15;GEOLK4;Landkreise u. krsfr. Städte (Stand 15.05.22);09173;Bad Tölz-Wolfratshausen;WHGRM2;Räume;RAUM06;6 Räume;9,16;€/m²;WHG012;Durchschnittliche Nettokaltmiete;e
4000W;Wohnungen (Gebietsstand 15.05.2022);STAG;Stichtag;2022-05-15;GEOLK4;Landkreise u. krsfr. Städte (Stand 15.05.22);05316;Leverkusen, Stadt;WHGRM2;Räume;RAUM01;1 Raum;8,55;€/m²;WHG012;Durchschnittliche Nettokaltmiete;e
4000W;Wohnungen (Gebietsstand 15.05.2022);STAG;Stichtag;2022-05-15;GEOLK4;Landkreise u. krsfr. Städte (Stand 15.05.22);06414;Wiesbaden, Landeshauptstadt;WHGRM2;Räume;RAUM07UM;7 und mehr Räume;9,96;€/m²;WHG012;Durchschnittliche Nettokaltmiete;e
4000W;Wohnungen (Gebietsstand 15.05.2022);STAG;Stichtag;2022-05-15;GEOLK4;Landkreise u. krsfr. Städte (Stand 15.05.22);09182;Miesbach;WHGRM2;Räume;RAUM03;3 Räume;9,42;€/m²;WHG012;Durchschnittliche Nettokaltmiete;e
4000W;Wohnungen (Gebietsstand 15.05.2022);STAG;Stichtag;2022-05-15;GEOLK4;Landkreise u. krsfr. Städte (Stand 15.05.22);09186;Pfaffenhofen a.d.Ilm;WHGRM2;Räume;RAUM02;2 Räume;9,50;€/m²;WHG012;Durchschnittliche Nettokaltmiete;e
4000W;Wohnungen (Gebietsstand 15.05.2022);STAG;Stichtag;2022-05-15;GEOLK4;Landkreise u. krsfr. Städte (Stand 15.05.22);09273;Kelheim;WHGRM2;Räume;RAUM02;2 Räume;8,08;€/m²;WHG012;Durchschnittliche Nettokaltmiete;e
4000W;Wohnungen (Gebietsstand 15.05.2022);STAG;Stichtag;2022-05-15;GEOLK4;Landkreise u. krsfr. Städte (Stand 15.05.22);03353;Harburg;WHGRM2;Räume;RAUM07UM;7 und mehr Räume;6,63;€/m²;WHG012;Durchschnittliche Nettokaltmiete;e
4000W;Wohnungen (Gebietsstand 15.05.2022);STAG;Stichtag;2022-05-15;GEOLK4;Landkreise u. krsfr. Städte (Stand 15.05.22);06434;Hochtaunuskreis;WHGRM2;Räume;RAUM03;3 Räume;8,80;€/m²;WHG012;Durchschnittliche Nettokaltmiete;e
4000W;Wohnungen (Gebietsstand 15.05.2022);STAG;Stichtag;2022-05-15;GEOLK4;Landkreise u. krsfr. Städte (Stand 15.05.22);13072;Landkreis Rostock;WHGRM2;Räume;;Insgesamt;5,94;€/m²;WHG012;Durchschnittliche Nettokaltmiete;e
4000W;Wohnungen (Gebietsstand 15.05.2022);STAG;Stichtag;2022-05-15;GEOLK4;Landkreise u. krsfr. Städte (Stand 15.05.22);01059;Schleswig-Flensburg;WHGRM2;Räume;RAUM04;4 Räume;6,22;€/m²;WHG012;Durchschnittliche Nettokaltmiete;e
4000W;Wohnungen (Gebietsstand 15.05.2022);STAG;Stichtag;2022-05-15;GEOLK4;Landkreise u. krsfr. Städte (Stand 15.05.22);16054;Suhl, Stadt;WHGRM2;Räume;RAUM06;6 Räume;5,37;€/m²;WHG012;Durchschnittliche Nettokaltmiete;e
4000W;Wohnungen (Gebietsstand 15.05.2022);STAG;Stichtag;2022-05-15;GEOLK4;Landkreise u. krsfr. Städte (Stand 15.05.22);03251;Diepholz;WHGRM2;Räume;RAUM05;5 Räume;5,54;€/m²;WHG012;Durchschnittliche Nettokaltmiete;e
4000W;Wohnungen (Gebietsstand 15.05.2022);STAG;Stichtag;2022-05-15;GEOLK4;Landkreise u. krsfr. Städte (Stand 15.05.22);10045;Saarpfalz-Kreis;WHGRM2;Räume;RAUM05;5 Räume;5,60;€/m²;WHG012;Durchschnittliche Nettokaltmiete;e
4000W;Wohnungen (Gebietsstand 15.05.2022);STAG;Stichtag;2022-05-15;GEOLK4;Landkreise u. krsfr. Städte (Stand 15.05.22);03351;Celle;WHGRM2;Räume;RAUM01;1 Raum;7,75;€/m²;WHG012;Durchschnittliche Nettokaltmiete;e
4000W;Wohnungen (Gebietsstand 15.05.2022);STAG;Stichtag;2022-05-15;GEOLK4;Landkreise u. krsfr. Städte (Stand 15.05.22);03459;Osnabrück;WHGRM2;Räume;RAUM04;4 Räume;5,53;€/m²;WHG012;Durchschnittliche Nettokaltmiete;e
4000W;Wohnungen (Gebietsstand 15.05.2022);STAG;Stichtag;2022-05-15;GEOLK4;Landkreise u. krsfr. Städte (Stand 15.05.22);05916;Herne, Stadt;WHGRM2;Räume;;Insgesamt;5,71;€/m²;WHG012;Durchschnittliche Nettokaltmiete;e
4000W;Wohnungen (Gebietsstand 15.05.2022);STAG;Stichtag;2022-05-15;GEOLK4;Landkreise u. krsfr. Städte (Stand 15.05.22);06438;Offenbach;WHGRM2;Räume;RAUM02;2 Räume;9,22;€/m²;WHG012;Durchschnittliche Nettokaltmiete;e
4000W;Wohnungen (Gebietsstand 15.05.2022);STAG;Stichtag;2022-05-15;GEOLK4;Landkreise u. krsfr. Städte (Stand 15.05.22);09761;Augsburg, Kreisfreie Stadt;WHGRM2;Räume;RAUM01;1 Raum;11,79;€/m²;WHG012;Durchschnittliche Nettokaltmiete;e
4000W;Wohnungen (Gebietsstand 15.05.2022);STAG;Stichtag;2022-05-15;GEOLK4;Landkreise u. krsfr. Städte (Stand 15.05.22);12072;Teltow-Fläming;WHGRM2;Räume;RAUM07UM;7 und mehr Räume;6,12;€/m²;WHG012;Durchschnittliche Nettokaltmiete;e
4000W;Wohnungen (Gebietsstand 15.05.2022);STAG;Stichtag;2022-05-15;GEOLK4;Landkreise u. krsfr. Städte (Stand 15.05.22);09188;Starnberg;WHGRM2;Räume;;Insgesamt;10,90;€/m²;WHG012;Durchschnittliche Nettokaltmiete;e
4000W;Wohnungen (Gebietsstand 15.05.2022);STAG;Stichtag;2022-05-15;GEOLK4;Landkreise u. krsfr. Städte (Stand 15.05.22);09190;Weilheim-Schongau;WHGRM2;Räume;RAUM03;3 Räume;8,16;€/m²;WHG012;Durchschnittliche Nettokaltmiete;e
4000W;Wohnungen (Gebietsstand 15.05.2022);STAG;Stichtag;2022-05-15;GEOLK4;Landkreise u. krsfr. Städte (Stand 15.05.22);16054;Suhl, Stadt;WHGRM2;Räume;RAUM07UM;7 und mehr Räume;4,62;€/m²;WHG012;Durchschnittliche Nettokaltmiete;e
4000W;Wohnungen (Gebietsstand 15.05.2022);STAG;Stichtag;2022-05-15;GEOLK4;Landkreise u. krsfr. Städte (Stand 15.05.22);05916;Herne, Stadt;WHGRM2;Räume;RAUM02;2 Räume;6,03;€/m²;WHG012;Durchschnittliche Nettokaltmiete;e
4000W;Wohnungen (Gebietsstand 15.05.2022);STAG;Stichtag;2022-05-15;GEOLK4;Landkreise u. krsfr. Städte (Stand 15.05.22);09575;Neustadt a.d.Aisch-Bad Windsheim;WHGRM2;Räume;;Insgesamt;5,61;€/m²;WHG012;Durchschnittliche Nettokaltmiete;e
4000W;Wohnungen (Gebietsstand 15.05.2022);STAG;Stichtag;2022-05-15;GEOLK4;Landkreise u. krsfr. Städte (Stand 15.05.22);05112;Duisburg, Stadt;WHGRM2;Räume;RAUM01;1 Raum;7,01;€/m²;WHG012;Durchschnittliche Nettokaltmiete;e
4000W;Wohnungen (Gebietsstand 15.05.2022);STAG;Stichtag;2022-05-15;GEOLK4;Landkreise u. krsfr. Städte (Stand 15.05.22);09676;Miltenberg;WHGRM2;Räume;RAUM05;5 Räume;5,58;€/m²;WHG012;Durchschnittliche Nettokaltmiete;e
4000W;Wohnungen (Gebietsstand 15.05.2022);STAG;Stichtag;2022-05-15;GEOLK4;Landkreise u. krsfr. Städte (Stand 15.05.22);05119;Oberhausen, Stadt;WHGRM2;Räume;RAUM07UM;7 und mehr Räume;5,34;€/m²;WHG012;Durchschnittliche Nettokaltmiete;e
4000W;Wohnungen (Gebietsstand 15.05.2022);STAG;Stichtag;2022-05-15;GEOLK4;Landkreise u. krsfr. Städte (Stand 15.05.22);05558;Coesfeld;WHGRM2;Räume;RAUM01;1 Raum;7,16;€/m²;WHG012;Durchschnittliche Nettokaltmiete;e
4000W;Wohnungen (Gebietsstand 15.05.2022);STAG;Stichtag;2022-05-15;GEOLK4;Landkreise u. krsfr. Städte (Stand 15.05.22);09477;Kulmbach;WHGRM2;Räume;RAUM02;2 Räume;6,12;€/m²;WHG012;Durchschnittliche Nettokaltmiete;e
4000W;Wohnungen (Gebietsstand 15.05.2022);STAG;Stichtag;2022-05-15;GEOLK4;Landkreise u. krsfr. Städte (Stand 15.05.22);09564;Nürnberg;WHGRM2;Räume;RAUM02;2 Räume;8,68;€/m²;WHG012;Durchschnittliche Nettokaltmiete;e
4000W;Wohnungen (Gebietsstand 15.05.2022);STAG;Stichtag;2022-05-15;GEOLK4;Landkreise u. krsfr. Städte (Stand 15.05.22);16063;Wartburgkreis;WHGRM2;Räume;RAUM03;3 Räume;5,46;€/m²;WHG012;Durchschnittliche Nettokaltmiete;e
4000W;Wohnungen (Gebietsstand 15.05.2022);STAG;Stichtag;2022-05-15;GEOLK4;Landkreise u. krsfr. Städte (Stand 15.05.22);01055;Ostholstein;WHGRM2;Räume;RAUM05;5 Räume;6,84;€/m²;WHG012;Durchschnittliche Nettokaltmiete;e
4000W;Wohnungen (Gebietsstand 15.05.2022);STAG;Stichtag;2022-05-15;GEOLK4;Landkreise u. krsfr. Städte (Stand 15.05.22);07141;Rhein-Lahn-Kreis;WHGRM2;Räume;RAUM07UM;7 und mehr Räume;4,64;€/m²;WHG012;Durchschnittliche Nettokaltmiete;e
4000W;Wohnungen (Gebietsstand 15.05.2022);STAG;Stichtag;2022-05-15;GEOLK4;Landkreise u. krsfr. Städte (Stand 15.05.22);08119;Rems-Murr-Kreis;WHGRM2;Räume;;Insgesamt;8,18;€/m²;WHG012;Durchschnittliche Nettokaltmiete;e
4000W;Wohnungen (Gebietsstand 15.05.2022);STAG;Stichtag;2022-05-15;GEOLK4;Landkreise u. krsfr. Städte (Stand 15.05.22);09177;Erding;WHGRM2;Räume;RAUM05;5 Räume;8,47;€/m²;WHG012;Durchschnittliche Nettokaltmiete;e
4000W;Wohnungen (Gebietsstand 15.05.2022);STAG;Stichtag;2022-05-15;GEOLK4;Landkreise u. krsfr. Städte (Stand 15.05.22);07334;Germersheim;WHGRM2;Räume;RAUM02;2 Räume;7,76;€/m²;WHG012;Durchschnittliche Nettokaltmiete;e
4000W;Wohnungen (Gebietsstand 15.05.2022);STAG;Stichtag;2022-05-15;GEOLK4;Landkreise u. krsfr. Städte (Stand 15.05.22);06531;Gießen;WHGRM2;Räume;RAUM06;6 Räume;6,16;€/m²;WHG012;Durchschnittliche Nettokaltmiete;e
4000W;Wohnungen (Gebietsstand 15.05.2022);STAG;Stichtag;2022-05-15;GEOLK4;Landkreise u. krsfr. Städte (Stand 15.05.22);09674;Haßberge;WHGRM2;Räume;RAUM01;1 Raum;6,78;€/m²;WHG012;Durchschnittliche Nettokaltmiete;e
4000W;Wohnungen (Gebietsstand 15.05.2022);STAG;Stichtag;2022-05-15;GEOLK4;Landkreise u. krsfr. Städte (Stand 15.05.22);05954;Ennepe-Ruhr-Kreis;WHGRM2;Räume;RAUM03;3 Räume;5,92;€/m²;WHG012;Durchschnittliche Nettokaltmiete;e
4000W;Wohnungen (Gebietsstand 15.05.2022);STAG;Stichtag;2022-05-15;GEOLK4;Landkreise u. krsfr. Städte (Stand 15.05.22);07319;Worms, kreisfreie Stadt;WHGRM2;Räume;RAUM01;1 Raum;8,97;€/m²;WHG012;Durchschnittliche Nettokaltmiete;e
4000W;Wohnungen (Gebietsstand 15.05.2022);STAG;Stichtag;2022-05-15;GEOLK4;Landkreise u. krsfr. Städte (Stand 15.05.22);05770;Minden-Lübbecke;WHGRM2;Räume;RAUM01;1 Raum;8,14;€/m²;WHG012;Durchschnittliche Nettokaltmiete;e
4000W;Wohnungen (Gebietsstand 15.05.2022);STAG;Stichtag;2022-05-15;GEOLK4;Landkreise u. krsfr. Städte (Stand 15.05.22);08326;Schwarzwald-Baar-Kreis;WHGRM2;Räume;RAUM06;6 Räume;5,89;€/m²;WHG012;Durchschnittliche Nettokaltmiete;e
4000W;Wohnungen (Gebietsstand 15.05.2022);STAG;Stichtag;2022-05-15;GEOLK4;Landkreise u. krsfr. Städte (Stand 15.05.22);13073;Vorpommern-Rügen;WHGRM2;Räume;RAUM07UM;7 und mehr Räume;5,64;€/m²;WHG012;Durchschnittliche Nettokaltmiete;e
4000W;Wohnungen (Gebietsstand 15.05.2022);STAG;Stichtag;2022-05-15;GEOLK4;Landkreise u. krsfr. Städte (Stand 15.05.22);09763;Kempten (Allgäu);WHGRM2;Räume;RAUM05;5 Räume;6,60;€/m²;WHG012;Durchschnittliche Nettokaltmiete;e
4000W;Wohnungen (Gebietsstand 15.05.2022);STAG;Stichtag;2022-05-15;GEOLK4;Landkreise u. krsfr. Städte (Stand 15.05.22);16055;Weimar, Stadt;WHGRM2;Räume;RAUM03;3 Räume;6,27;€/m²;WHG012;Durchschnittliche Nettokaltmiete;e
4000W;Wohnungen (Gebietsstand 15.05.2022);STAG;Stichtag;2022-05-15;GEOLK4;Landkreise u. krsfr. Städte (Stand 15.05.22);16069;Hildburghausen;WHGRM2;Räume;RAUM06;6 Räume;4,39;€/m²;WHG012;Durchschnittliche Nettokaltmiete;e
4000W;Wohnungen (Gebietsstand 15.05.2022);STAG;Stichtag;2022-05-15;GEOLK4;Landkreise u. krsfr. Städte (Stand 15.05.22);09472;Bayreuth, Landkreis;WHGRM2;Räume;RAUM05;5 Räume;4,88;€/m²;WHG012;Durchschnittliche Nettokaltmiete;e
4000W;Wohnungen (Gebietsstand 15.05.2022);STAG;Stichtag;2022-05-15;GEOLK4;Landkreise u. krsfr. Städte (Stand 15.05.22);14612;Dresden, Stadt;WHGRM2;Räume;RAUM01;1 Raum;8,04;€/m²;WHG012;Durchschnittliche Nettokaltmiete;e
4000W;Wohnungen (Gebietsstand 15.05.2022);STAG;Stichtag;2022-05-15;GEOLK4;Landkreise u. krsfr. Städte (Stand 15.05.22);09262;Passau, Kreisfreie Stadt;WHGRM2;Räume;RAUM07UM;7 und mehr Räume;6,67;€/m²;WHG012;Durchschnittliche Nettokaltmiete;e
4000W;Wohnungen (Gebietsstand 15.05.2022);STAG;Stichtag;2022-05-15;GEOLK4;Landkreise u. krsfr. Städte (Stand 15.05.22);09774;Günzburg;WHGRM2;Räume;RAUM07UM;7 und mehr Räume;5,64;€/m²;WHG012;Durchschnittliche Nettokaltmiete;e
4000W;Wohnungen (Gebietsstand 15.05.2022);STAG;Stichtag;2022-05-15;GEOLK4;Landkreise u. krsfr. Städte (Stand 15.05.22);01001;Flensburg, Stadt;WHGRM2;Räume;;Insgesamt;6,96;€/m²;WHG012;Durchschnittliche Nettokaltmiete;e
4000W;Wohnungen (Gebietsstand 15.05.2022);STAG;Stichtag;2022-05-15;GEOLK4;Landkreise u. krsfr. Städte (Stand 15.05.22);12063;Havelland;WHGRM2;Räume;RAUM06;6 Räume;5,73;€/m²;WHG012;Durchschnittliche Nettokaltmiete;e
4000W;Wohnungen (Gebietsstand 15.05.2022);STAG;Stichtag;2022-05-15;GEOLK4;Landkreise u. krsfr. Städte (Stand 15.05.22);08335;Konstanz;WHGRM2;Räume;RAUM03;3 Räume;8,56;€/m²;WHG012;Durchschnittliche Nettokaltmiete;e
4000W;Wohnungen (Gebietsstand 15.05.2022);STAG;Stichtag;2022-05-15;GEOLK4;Landkreise u. krsfr. Städte (Stand 15.05.22);04012;Bremerhaven, Stadt;WHGRM2;Räume;;Insgesamt;5,58;€/m²;WHG012;Durchschnittliche Nettokaltmiete;e
4000W;Wohnungen (Gebietsstand 15.05.2022);STAG;Stichtag;2022-05-15;GEOLK4;Landkreise u. krsfr. Städte (Stand 15.05.22);09462;Bayreuth, Kreisfreie Stadt;WHGRM2;Räume;RAUM02;2 Räume;7,03;€/m²;WHG012;Durchschnittliche Nettokaltmiete;e
4000W;Wohnungen (Gebietsstand 15.05.2022);STAG;Stichtag;2022-05-15;GEOLK4;Landkreise u. krsfr. Städte (Stand 15.05.22);14627;Meißen;WHGRM2;Räume;RAUM01;1 Raum;6,58;€/m²;WHG012;Durchschnittliche Nettokaltmiete;e
4000W;Wohnungen (Gebietsstand 15.05.2022);STAG;Stichtag;2022-05-15;GEOLK4;Landkreise u. krsfr. Städte (Stand 15.05.22);07338;Rhein-Pfalz-Kreis;WHGRM2;Räume;RAUM01;1 Raum;9,05;€/m²;WHG012;Durchschnittliche Nettokaltmiete;e
4000W;Wohnungen (Gebietsstand 15.05.2022);STAG;Stichtag;2022-05-15;GEOLK4;Landkreise u. krsfr. Städte (Stand 15.05.22);12053;Frankfurt (Oder), Stadt;WHGRM2;Räume;RAUM03;3 Räume;5,47;€/m²;WHG012;Durchschnittliche Nettokaltmiete;e
4000W;Wohnungen (Gebietsstand 15.05.2022);STAG;Stichtag;2022-05-15;GEOLK4;Landkreise u. krsfr. Städte (Stand 15.05.22);09279;Dingolfing-Landau;WHGRM2;Räume;RAUM05;5 Räume;5,65;€/m²;WHG012;Durchschnittliche Nettokaltmiete;e
4000W;Wohnungen (Gebietsstand 15.05.2022);STAG;Stichtag;2022-05-15;GEOLK4;Landkreise u. krsfr. Städte (Stand 15.05.22);08437;Sigmaringen;WHGRM2;Räume;RAUM03;3 Räume;6,44;€/m²;WHG012;Durchschnittliche Nettokaltmiete;e
4000W;Wohnungen (Gebietsstand 15.05.2022);STAG;Stichtag;2022-05-15;GEOLK4;Landkreise u. krsfr. Städte (Stand 15.05.22);14713;Leipzig, Stadt;WHGRM2;Räume;RAUM07UM;7 und mehr Räume;6,44;€/m²;WHG012;Durchschnittliche Nettokaltmiete;e
4000W;Wohnungen (Gebietsstand 15.05.2022);STAG;Stichtag;2022-05-15;GEOLK4;Landkreise u. krsfr. Städte (Stand 15.05.22);06633;Kassel;WHGRM2;Räume;RAUM06;6 Räume;5,02;€/m²;WHG012;Durchschnittliche Nettokaltmiete;e
4000W;Wohnungen (Gebietsstand 15.05.2022);STAG;Stichtag;2022-05-15;GEOLK4;Landkreise u. krsfr. Städte (Stand 15.05.22);15087;Mansfeld-Südharz;WHGRM2;Räume;RAUM05;5 Räume;4,79;€/m²;WHG012;Durchschnittliche Nettokaltmiete;e
4000W;Wohnungen (Gebietsstand 15.05.2022);STAG;Stichtag;2022-05-15;GEOLK4;Landkreise u. krsfr. Städte (Stand 15.05.22);05154;Kleve;WHGRM2;Räume;;Insgesamt;6,30;€/m²;WHG012;Durchschnittliche Nettokaltmiete;e
4000W;Wohnungen (Gebietsstand 15.05.2022);STAG;Stichtag;2022-05-15;GEOLK4;Landkreise u. krsfr. Städte (Stand 15.05.22);15081;Altmarkkreis Salzwedel;WHGRM2;Räume;RAUM02;2 Räume;4,94;€/m²;WHG012;Durchschnittliche Nettokaltmiete;e
4000W;Wohnungen (Gebietsstand 15.05.2022);STAG;Stichtag;2022-05-15;GEOLK4;Landkreise u. krsfr. Städte (Stand 15.05.22);01053;Herzogtum Lauenburg;WHGRM2;Räume;RAUM02;2 Räume;8,13;€/m²;WHG012;Durchschnittliche Nettokaltmiete;e
4000W;Wohnungen (Gebietsstand 15.05.2022);STAG;Stichtag;2022-05-15;GEOLK4;Landkreise u. krsfr. Städte (Stand 15.05.22);03357;Rotenburg (Wümme);WHGRM2;Räume;RAUM04;4 Räume;5,83;€/m²;WHG012;Durchschnittliche Nettokaltmiete;e
4000W;Wohnungen (Gebietsstand 15.05.2022);STAG;Stichtag;2022-05-15;GEOLK4;Landkreise u. krsfr. Städte (Stand 15.05.22);12072;Teltow-Fläming;WHGRM2;Räume;RAUM03;3 Räume;6,34;€/m²;WHG012;Durchschnittliche Nettokaltmiete;e
4000W;Wohnungen (Gebietsstand 15.05.2022);STAG;Stichtag;2022-05-15;GEOLK4;Landkreise u. krsfr. Städte (Stand 15.05.22);09776;Lindau (Bodensee);WHGRM2;Räume;RAUM01;1 Raum;10,34;€/m²;WHG012;Durchschnittliche Nettokaltmiete;e
4000W;Wohnungen (Gebietsstand 15.05.2022);STAG;Stichtag;2022-05-15;GEOLK4;Landkreise u. krsfr. Städte (Stand 15.05.22);10041;Regionalverband Saarbrücken;WHGRM2;Räume;RAUM06;6 Räume;5,59;€/m²;WHG012;Durchschnittliche Nettokaltmiete;e
4000W;Wohnungen (Gebietsstand 15.05.2022);STAG;Stichtag;2022-05-15;GEOLK4;Landkreise u. krsfr. Städte (Stand 15.05.22);08316;Emmendingen;WHGRM2;Räume;RAUM03;3 Räume;7,68;€/m²;WHG012;Durchschnittliche Nettokaltmiete;e
4000W;Wohnungen (Gebietsstand 15.05.2022);STAG;Stichtag;2022-05-15;GEOLK4;Landkreise u. krsfr. Städte (Stand 15.05.22);09574;Nürnberger Land;WHGRM2;Räume;RAUM05;5 Räume;6,53;€/m²;WHG012;Durchschnittliche Nettokaltmiete;e
4000W;Wohnungen (Gebietsstand 15.05.2022);STAG;Stichtag;2022-05-15;GEOLK4;Landkreise u. krsfr. Städte (Stand 15.05.22);09661;Aschaffenburg, Kreisfreie Stadt;WHGRM2;Räume;RAUM05;5 Räume;7,20;€/m²;WHG012;Durchschnittliche Nettokaltmiete;e
4000W;Wohnungen (Gebietsstand 15.05.2022);STAG;Stichtag;2022-05-15;GEOLK4;Landkreise u. krsfr. Städte (Stand 15.05.22);05515;Münster, Stadt;WHGRM2;Räume;RAUM04;4 Räume;7,83;€/m²;WHG012;Durchschnittliche Nettokaltmiete;e
4000W;Wohnungen (Gebietsstand 15.05.2022);STAG;Stichtag;2022-05-15;GEOLK4;Landkreise u. krsfr. Städte (Stand 15.05.22);03158;Wolfenbüttel;WHGRM2;Räume;RAUM01;1 Raum;10,14;€/m²;WHG012;Durchschnittliche Nettokaltmiete;e
4000W;Wohnungen (Gebietsstand 15.05.2022);STAG;Stichtag;2022-05-15;GEOLK4;Landkreise u. krsfr. Städte (Stand 15.05.22);07111;Koblenz, kreisfreie Stadt;WHGRM2;Räume;RAUM02;2 Räume;8,59;€/m²;WHG012;Durchschnittliche Nettokaltmiete;e
4000W;Wohnungen (Gebietsstand 15.05.2022);STAG;Stichtag;2022-05-15;GEOLK4;Landkreise u. krsfr. Städte (Stand 15.05.22);09277;Rottal-Inn;WHGRM2;Räume;RAUM07UM;7 und mehr Räume;4,67;€/m²;WHG012;Durchschnittliche Nettokaltmiete;e
4000W;Wohnungen (Gebietsstand 15.05.2022);STAG;Stichtag;2022-05-15;GEOLK4;Landkreise u. krsfr. Städte (Stand 15.05.22);07336;Kusel;WHGRM2;Räume;RAUM05;5 Räume;5,23;€/m²;WHG012;Durchschnittliche Nettokaltmiete;e
4000W;Wohnungen (Gebietsstand 15.05.2022);STAG;Stichtag;2022-05-15;GEOLK4;Landkreise u. krsfr. Städte (Stand 15.05.22);03459;Osnabrück;WHGRM2;Räume;RAUM07UM;7 und mehr Räume;4,73;€/m²;WHG012;Durchschnittliche Nettokaltmiete;e
4000W;Wohnungen (Gebietsstand 15.05.2022);STAG;Stichtag;2022-05-15;GEOLK4;Landkreise u. krsfr. Städte (Stand 15.05.22);16070;Ilm-Kreis;WHGRM2;Räume;RAUM04;4 Räume;5,31;€/m²;WHG012;Durchschnittliche Nettokaltmiete;e
4000W;Wohnungen (Gebietsstand 15.05.2022);STAG;Stichtag;2022-05-15;GEOLK4;Landkreise u. krsfr. Städte (Stand 15.05.22);07311;Frankenthal (Pfalz), kreisfreie Stadt;WHGRM2;Räume;RAUM02;2 Räume;7,45;€/m²;WHG012;Durchschnittliche Nettokaltmiete;e
4000W;Wohnungen (Gebietsstand 15.05.2022);STAG;Stichtag;2022-05-15;GEOLK4;Landkreise u. krsfr. Städte (Stand 15.05.22);03462;Wittmund;WHGRM2;Räume;RAUM06;6 Räume;5,12;€/m²;WHG012;Durchschnittliche Nettokaltmiete;e
4000W;Wohnungen (Gebietsstand 15.05.2022);STAG;Stichtag;2022-05-15;GEOLK4;Landkreise u. krsfr. Städte (Stand 15.05.22);12073;Uckermark;WHGRM2;Räume;RAUM01;1 Raum;6,28;€/m²;WHG012;Durchschnittliche Nettokaltmiete;e
4000W;Wohnungen (Gebietsstand 15.05.2022);STAG;Stichtag;2022-05-15;GEOLK4;Landkreise u. krsfr. Städte (Stand 15.05.22);03402;Emden, Stadt;WHGRM2;Räume;RAUM04;4 Räume;5,67;€/m²;WHG012;Durchschnittliche Nettokaltmiete;e
4000W;Wohnungen (Gebietsstand 15.05.2022);STAG;Stichtag;2022-05-15;GEOLK4;Landkreise u. krsfr. Städte (Stand 15.05.22);15085;Harz;WHGRM2;Räume;;Insgesamt;5,22;€/m²;WHG012;Durchschnittliche Nettokaltmiete;e
4000W;Wohnungen (Gebietsstand 15.05.2022);STAG;Stichtag;2022-05-15;GEOLK4;Landkreise u. krsfr. Städte (Stand 15.05.22);09475;Hof, Landkreis;WHGRM2;Räume;RAUM06;6 Räume;4,09;€/m²;WHG012;Durchschnittliche Nettokaltmiete;e
4000W;Wohnungen (Gebietsstand 15.05.2022);STAG;Stichtag;2022-05-15;GEOLK4;Landkreise u. krsfr. Städte (Stand 15.05.22);05554;Borken;WHGRM2;Räume;RAUM07UM;7 und mehr Räume;5,51;€/m²;WHG012;Durchschnittliche Nettokaltmiete;e
4000W;Wohnungen (Gebietsstand 15.05.2022);STAG;Stichtag;2022-05-15;GEOLK4;Landkreise u. krsfr. Städte (Stand 15.05.22);09162;München, Landeshauptstadt;WHGRM2;Räume;RAUM06;6 Räume;12,88;€/m²;WHG012;Durchschnittliche Nettokaltmiete;e
4000W;Wohnungen (Gebietsstand 15.05.2022);STAG;Stichtag;2022-05-15;GEOLK4;Landkreise u. krsfr. Städte (Stand 15.05.22);08111;Stuttgart, Stadtkreis;WHGRM2;Räume;RAUM05;5 Räume;9,81;€/m²;WHG012;Durchschnittliche Nettokaltmiete;e
4000W;Wohnungen (Gebietsstand 15.05.2022);STAG;Stichtag;2022-05-15;GEOLK4;Landkreise u. krsfr. Städte (Stand 15.05.22);06437;Odenwaldkreis;WHGRM2;Räume;;Insgesamt;6,21;€/m²;WHG012;Durchschnittliche Nettokaltmiete;e
4000W;Wohnungen (Gebietsstand 15.05.2022);STAG;Stichtag;2022-05-15;GEOLK4;Landkreise u. krsfr. Städte (Stand 15.05.22);03153;Goslar;WHGRM2;Räume;RAUM04;4 Räume;5,12;€/m²;WHG012;Durchschnittliche Nettokaltmiete;e
4000W;Wohnungen (Gebietsstand 15.05.2022);STAG;Stichtag;2022-05-15;GEOLK4;Landkreise u. krsfr. Städte (Stand 15.05.22);09573;Fürth, Landkreis;WHGRM2;Räume;RAUM07UM;7 und mehr Räume;6,89;€/m²;WHG012;Durchschnittliche Nettokaltmiete;e
4000W;Wohnungen (Gebietsstand 15.05.2022);STAG;Stichtag;2022-05-15;GEOLK4;Landkreise u. krsfr. Städte (Stand 15.05.22);06532;Lahn-Dill-Kreis;WHGRM2;Räume;RAUM04;4 Räume;6,19;€/m²;WHG012;Durchschnittliche Nettokaltmiete;e
4000W;Wohnungen (Gebietsstand 15.05.2022);STAG;Stichtag;2022-05-15;GEOLK4;Landkreise u. krsfr. Städte (Stand 15.05.22);05762;Höxter;WHGRM2;Räume;RAUM02;2 Räume;5,42;€/m²;WHG012;Durchschnittliche Nettokaltmiete;e
4000W;Wohnungen (Gebietsstand 15.05.2022);STAG;Stichtag;2022-05-15;GEOLK4;Landkreise u. krsfr. Städte (Stand 15.05.22);05515;Münster, Stadt;WHGRM2;Räume;RAUM03;3 Räume;8,32;€/m²;WHG012;Durchschnittliche Nettokaltmiete;e
4000W;Wohnungen (Gebietsstand 15.05.2022);STAG;Stichtag;2022-05-15;GEOLK4;Landkreise u. krsfr. Städte (Stand 15.05.22);05362;Rhein-Erft-Kreis;WHGRM2;Räume;RAUM01;1 Raum;9,45;€/m²;WHG012;Durchschnittliche Nettokaltmiete;e
4000W;Wohnungen (Gebietsstand 15.05.2022);STAG;Stichtag;2022-05-15;GEOLK4;Landkreise u. krsfr. Städte (Stand 15.05.22);05915;Hamm, Stadt;WHGRM2;Räume;RAUM04;4 Räume;5,57;€/m²;WHG012;Durchschnittliche Nettokaltmiete;e
4000W;Wohnungen (Gebietsstand 15.05.2022);STAG;Stichtag;2022-05-15;GEOLK4;Landkreise u. krsfr. Städte (Stand 15.05.22);05974;Soest;WHGRM2;Räume;RAUM01;1 Raum;7,31;€/m²;WHG012;Durchschnittliche Nettokaltmiete;e
4000W;Wohnungen (Gebietsstand 15.05.2022);STAG;Stichtag;2022-05-15;GEOLK4;Landkreise u. krsfr. Städte (Stand 15.05.22);12060;Barnim;WHGRM2;Räume;RAUM05;5 Räume;6,28;€/m²;WHG012;Durchschnittliche Nettokaltmiete;e
4000W;Wohnungen (Gebietsstand 15.05.2022);STAG;Stichtag;2022-05-15;GEOLK4;Landkreise u. krsfr. Städte (Stand 15.05.22);05378;Rheinisch-Bergischer Kreis;WHGRM2;Räume;RAUM06;6 Räume;7,12;€/m²;WHG012;Durchschnittliche Nettokaltmiete;e
4000W;Wohnungen (Gebietsstand 15.05.2022);STAG;Stichtag;2022-05-15;GEOLK4;Landkreise u. krsfr. Städte (Stand 15.05.22);05374;Oberbergischer Kreis;WHGRM2;Räume;;Insgesamt;5,84;€/m²;WHG012;Durchschnittliche Nettokaltmiete;e
4000W;Wohnungen (Gebietsstand 15.05.2022);STAG;Stichtag;2022-05-15;GEOLK4;Landkreise u. krsfr. Städte (Stand 15.05.22);09772;Augsburg, Landkreis;WHGRM2;Räume;RAUM01;1 Raum;9,79;€/m²;WHG012;Durchschnittliche Nettokaltmiete;e
4000W;Wohnungen (Gebietsstand 15.05.2022);STAG;Stichtag;2022-05-15;GEOLK4;Landkreise u. krsfr. Städte (Stand 15.05.22);06435;Main-Kinzig-Kreis;WHGRM2;Räume;RAUM01;1 Raum;9,87;€/m²;WHG012;Durchschnittliche Nettokaltmiete;e
4000W;Wohnungen (Gebietsstand 15.05.2022);STAG;Stichtag;2022-05-15;GEOLK4;Landkreise u. krsfr. Städte (Stand 15.05.22);08119;Rems-Murr-Kreis;WHGRM2;Räume;RAUM03;3 Räume;8,31;€/m²;WHG012;Durchschnittliche Nettokaltmiete;e
4000W;Wohnungen (Gebietsstand 15.05.2022);STAG;Stichtag;2022-05-15;GEOLK4;Landkreise u. krsfr. Städte (Stand 15.05.22);12068;Ostprignitz-Ruppin;WHGRM2;Räume;;Insgesamt;5,49;€/m²;WHG012;Durchschnittliche Nettokaltmiete;e
4000W;Wohnungen (Gebietsstand 15.05.2022);STAG;Stichtag;2022-05-15;GEOLK4;Landkreise u. krsfr. Städte (Stand 15.05.22);05558;Coesfeld;WHGRM2;Räume;RAUM07UM;7 und mehr Räume;5,78;€/m²;WHG012;Durchschnittliche Nettokaltmiete;e
4000W;Wohnungen (Gebietsstand 15.05.2022);STAG;Stichtag;2022-05-15;GEOLK4;Landkreise u. krsfr. Städte (Stand 15.05.22);07316;Neustadt an der Weinstraße, kreisfreie Stadt;WHGRM2;Räume;;Insgesamt;6,85;€/m²;WHG012;Durchschnittliche Nettokaltmiete;e
4000W;Wohnungen (Gebietsstand 15.05.2022);STAG;Stichtag;2022-05-15;GEOLK4;Landkreise u. krsfr. Städte (Stand 15.05.22);08236;Enzkreis;WHGRM2;Räume;RAUM05;5 Räume;6,53;€/m²;WHG012;Durchschnittliche Nettokaltmiete;e
4000W;Wohnungen (Gebietsstand 15.05.2022);STAG;Stichtag;2022-05-15;GEOLK4;Landkreise u. krsfr. Städte (Stand 15.05.22);16069;Hildburghausen;WHGRM2;Räume;RAUM05;5 Räume;4,54;€/m²;WHG012;Durchschnittliche Nettokaltmiete;e
4000W;Wohnungen (Gebietsstand 15.05.2022);STAG;Stichtag;2022-05-15;GEOLK4;Landkreise u. krsfr. Städte (Stand 15.05.22);07235;Trier-Saarburg;WHGRM2;Räume;RAUM04;4 Räume;6,38;€/m²;WHG012;Durchschnittliche Nettokaltmiete;e
4000W;Wohnungen (Gebietsstand 15.05.2022);STAG;Stichtag;2022-05-15;GEOLK4;Landkreise u. krsfr. Städte (Stand 15.05.22);08211;Baden-Baden, Stadtkreis;WHGRM2;Räume;RAUM02;2 Räume;8,90;€/m²;WHG012;Durchschnittliche Nettokaltmiete;e
4000W;Wohnungen (Gebietsstand 15.05.2022);STAG;Stichtag;2022-05-15;GEOLK4;Landkreise u. krsfr. Städte (Stand 15.05.22);10042;Merzig-Wadern;WHGRM2;Räume;RAUM04;4 Räume;5,82;€/m²;WHG012;Durchschnittliche Nettokaltmiete;e
4000W;Wohnungen (Gebietsstand 15.05.2022);STAG;Stichtag;2022-05-15;GEOLK4;Landkreise u. krsfr. Städte (Stand 15.05.22);05958;Hochsauerlandkreis;WHGRM2;Räume;RAUM01;1 Raum;6,67;€/m²;WHG012;Durchschnittliche Nettokaltmiete;e
4000W;Wohnungen (Gebietsstand 15.05.2022);STAG;Stichtag;2022-05-15;GEOLK4;Landkreise u. krsfr. Städte (Stand 15.05.22);09774;Günzburg;WHGRM2;Räume;RAUM06;6 Räume;5,76;€/m²;WHG012;Durchschnittliche Nettokaltmiete;e
4000W;Wohnungen (Gebietsstand 15.05.2022);STAG;Stichtag;2022-05-15;GEOLK4;Landkreise u. krsfr. Städte (Stand 15.05.22);16055;Weimar, Stadt;WHGRM2;Räume;RAUM04;4 Räume;6,41;€/m²;WHG012;Durchschnittliche Nettokaltmiete;e
4000W;Wohnungen (Gebietsstand 15.05.2022);STAG;Stichtag;2022-05-15;GEOLK4;Landkreise u. krsfr. Städte (Stand 15.05.22);03361;Verden;WHGRM2;Räume;RAUM05;5 Räume;5,85;€/m²;WHG012;Durchschnittliche Nettokaltmiete;e
4000W;Wohnungen (Gebietsstand 15.05.2022);STAG;Stichtag;2022-05-15;GEOLK4;Landkreise u. krsfr. Städte (Stand 15.05.22);09171;Altötting;WHGRM2;Räume;RAUM02;2 Räume;6,88;€/m²;WHG012;Durchschnittliche Nettokaltmiete;e
4000W;Wohnungen (Gebietsstand 15.05.2022);STAG;Stichtag;2022-05-15;GEOLK4;Landkreise u. krsfr. Städte (Stand 15.05.22);09671;Aschaffenburg, Landkreis;WHGRM2;Räume;;Insgesamt;6,82;€/m²;WHG012;Durchschnittliche Nettokaltmiete;e
4000W;Wohnungen (Gebietsstand 15.05.2022);STAG;Stichtag;2022-05-15;GEOLK4;Landkreise u. krsfr. Städte (Stand 15.05.22);16074;Saale-Holzland-Kreis;WHGRM2;Räume;RAUM04;4 Räume;5,19;€/m²;WHG012;Durchschnittliche Nettokaltmiete;e
4000W;Wohnungen (Gebietsstand 15.05.2022);STAG;Stichtag;2022-05-15;GEOLK4;Landkreise u. krsfr. Städte (Stand 15.05.22);05120;Remscheid, Stadt;WHGRM2;Räume;RAUM01;1 Raum;6,22;€/m²;WHG012;Durchschnittliche Nettokaltmiete;e
4000W;Wohnungen (Gebietsstand 15.05.2022);STAG;Stichtag;2022-05-15;GEOLK4;Landkreise u. krsfr. Städte (Stand 15.05.22);08115;Böblingen;WHGRM2;Räume;RAUM05;5 Räume;8,46;€/m²;WHG012;Durchschnittliche Nettokaltmiete;e
4000W;Wohnungen (Gebietsstand 15.05.2022);STAG;Stichtag;2022-05-15;GEOLK4;Landkreise u. krsfr. Städte (Stand 15.05.22);09575;Neustadt a.d.Aisch-Bad Windsheim;WHGRM2;Räume;RAUM03;3 Räume;5,83;€/m²;WHG012;Durchschnittliche Nettokaltmiete;e
4000W;Wohnungen (Gebietsstand 15.05.2022);STAG;Stichtag;2022-05-15;GEOLK4;Landkreise u. krsfr. Städte (Stand 15.05.22);08126;Hohenlohekreis;WHGRM2;Räume;RAUM06;6 Räume;5,60;€/m²;WHG012;Durchschnittliche Nettokaltmiete;e
4000W;Wohnungen (Gebietsstand 15.05.2022);STAG;Stichtag;2022-05-15;GEOLK4;Landkreise u. krsfr. Städte (Stand 15.05.22);10046;St. Wendel;WHGRM2;Räume;RAUM02;2 Räume;6,60;€/m²;WHG012;Durchschnittliche Nettokaltmiete;e
4000W;Wohnungen (Gebietsstand 15.05.2022);STAG;Stichtag;2022-05-15;GEOLK4;Landkreise u. krsfr. Städte (Stand 15.05.22);12068;Ostprignitz-Ruppin;WHGRM2;Räume;RAUM03;3 Räume;5,49;€/m²;WHG012;Durchschnittliche Nettokaltmiete;e
4000W;Wohnungen (Gebietsstand 15.05.2022);STAG;Stichtag;2022-05-15;GEOLK4;Landkreise u. krsfr. Städte (Stand 15.05.22);11000;Berlin, Stadt;WHGRM2;Räume;;Insgesamt;7,67;€/m²;WHG012;Durchschnittliche Nettokaltmiete;e
4000W;Wohnungen (Gebietsstand 15.05.2022);STAG;Stichtag;2022-05-15;GEOLK4;Landkreise u. krsfr. Städte (Stand 15.05.22);15083;Börde;WHGRM2;Räume;RAUM05;5 Räume;4,88;€/m²;WHG012;Durchschnittliche Nettokaltmiete;e
4000W;Wohnungen (Gebietsstand 15.05.2022);STAG;Stichtag;2022-05-15;GEOLK4;Landkreise u. krsfr. Städte (Stand 15.05.22);09778;Unterallgäu;WHGRM2;Räume;RAUM04;4 Räume;6,43;€/m²;WHG012;Durchschnittliche Nettokaltmiete;e
4000W;Wohnungen (Gebietsstand 15.05.2022);STAG;Stichtag;2022-05-15;GEOLK4;Landkreise u. krsfr. Städte (Stand 15.05.22);05314;Bonn, Stadt;WHGRM2;Räume;RAUM06;6 Räume;8,44;€/m²;WHG012;Durchschnittliche Nettokaltmiete;e
4000W;Wohnungen (Gebietsstand 15.05.2022);STAG;Stichtag;2022-05-15;GEOLK4;Landkreise u. krsfr. Städte (Stand 15.05.22);12054;Potsdam, Stadt;WHGRM2;Räume;;Insgesamt;7,85;€/m²;WHG012;Durchschnittliche Nettokaltmiete;e
4000W;Wohnungen (Gebietsstand 15.05.2022);STAG;Stichtag;2022-05-15;GEOLK4;Landkreise u. krsfr. Städte (Stand 15.05.22);13074;Nordwestmecklenburg;WHGRM2;Räume;RAUM02;2 Räume;6,30;€/m²;WHG012;Durchschnittliche Nettokaltmiete;e
4000W;Wohnungen (Gebietsstand 15.05.2022);STAG;Stichtag;2022-05-15;GEOLK4;Landkreise u. krsfr. Städte (Stand 15.05.22);09273;Kelheim;WHGRM2;Räume;;Insgesamt;7,05;€/m²;WHG012;Durchschnittliche Nettokaltmiete;e
4000W;Wohnungen (Gebietsstand 15.05.2022);STAG;Stichtag;2022-05-15;GEOLK4;Landkreise u. krsfr. Städte (Stand 15.05.22);07331;Alzey-Worms;WHGRM2;Räume;RAUM01;1 Raum;8,43;€/m²;WHG012;Durchschnittliche Nettokaltmiete;e
4000W;Wohnungen (Gebietsstand 15.05.2022);STAG;Stichtag;2022-05-15;GEOLK4;Landkreise u. krsfr. Städte (Stand 15.05.22);01004;Neumünster, Stadt;WHGRM2;Räume;RAUM01;1 Raum;7,72;€/m²;WHG012;Durchschnittliche Nettokaltmiete;e
4000W;Wohnungen (Gebietsstand 15.05.2022);STAG;Stichtag;2022-05-15;GEOLK4;Landkreise u. krsfr. Städte (Stand 15.05.22);09190;Weilheim-Schongau;WHGRM2;Räume;RAUM02;2 Räume;8,73;€/m²;WHG012;Durchschnittliche Nettokaltmiete;e
4000W;Wohnungen (Gebietsstand 15.05.2022);STAG;Stichtag;2022-05-15;GEOLK4;Landkreise u. krsfr. Städte (Stand 15.05.22);09272;Freyung-Grafenau;WHGRM2;Räume;RAUM05;5 Räume;4,44;€/m²;WHG012;Durchschnittliche Nettokaltmiete;e
4000W;Wohnungen (Gebietsstand 15.05.2022);STAG;Stichtag;2022-05-15;GEOLK4;Landkreise u. krsfr. Städte (Stand 15.05.22);16076;Greiz;WHGRM2;Räume;RAUM07UM;7 und mehr Räume;3,88;€/m²;WHG012;Durchschnittliche Nettokaltmiete;e
4000W;Wohnungen (Gebietsstand 15.05.2022);STAG;Stichtag;2022-05-15;GEOLK4;Landkreise u. krsfr. Städte (Stand 15.05.22);07140;Rhein-Hunsrück-Kreis;WHGRM2;Räume;RAUM05;5 Räume;4,79;€/m²;WHG012;Durchschnittliche Nettokaltmiete;e
4000W;Wohnungen (Gebietsstand 15.05.2022);STAG;Stichtag;2022-05-15;GEOLK4;Landkreise u. krsfr. Städte (Stand 15.05.22);05970;Siegen-Wittgenstein;WHGRM2;Räume;RAUM01;1 Raum;9,09;€/m²;WHG012;Durchschnittliche Nettokaltmiete;e
4000W;Wohnungen (Gebietsstand 15.05.2022);STAG;Stichtag;2022-05-15;GEOLK4;Landkreise u. krsfr. Städte (Stand 15.05.22);07137;Mayen-Koblenz;WHGRM2;Räume;RAUM02;2 Räume;6,81;€/m²;WHG012;Durchschnittliche Nettokaltmiete;e
4000W;Wohnungen (Gebietsstand 15.05.2022);STAG;Stichtag;2022-05-15;GEOLK4;Landkreise u. krsfr. Städte (Stand 15.05.22);13076;Ludwigslust-Parchim;WHGRM2;Räume;RAUM05;5 Räume;5,03;€/m²;WHG012;Durchschnittliche Nettokaltmiete;e
4000W;Wohnungen (Gebietsstand 15.05.2022);STAG;Stichtag;2022-05-15;GEOLK4;Landkreise u. krsfr. Städte (Stand 15.05.22);14625;Bautzen;WHGRM2;Räume;RAUM05;5 Räume;4,94;€/m²;WHG012;Durchschnittliche Nettokaltmiete;e
4000W;Wohnungen (Gebietsstand 15.05.2022);STAG;Stichtag;2022-05-15;GEOLK4;Landkreise u. krsfr. Städte (Stand 15.05.22);09181;Landsberg am Lech;WHGRM2;Räume;RAUM06;6 Räume;8,03;€/m²;WHG012;Durchschnittliche Nettokaltmiete;e
4000W;Wohnungen (Gebietsstand 15.05.2022);STAG;Stichtag;2022-05-15;GEOLK4;Landkreise u. krsfr. Städte (Stand 15.05.22);08222;Mannheim, Stadtkreis;WHGRM2;Räume;RAUM03;3 Räume;8,05;€/m²;WHG012;Durchschnittliche Nettokaltmiete;e
4000W;Wohnungen (Gebietsstand 15.05.2022);STAG;Stichtag;2022-05-15;GEOLK4;Landkreise u. krsfr. Städte (Stand 15.05.22);09662;Schweinfurt, Kreisfreie Stadt;WHGRM2;Räume;RAUM02;2 Räume;7,00;€/m²;WHG012;Durchschnittliche Nettokaltmiete;e
4000W;Wohnungen (Gebietsstand 15.05.2022);STAG;Stichtag;2022-05-15;GEOLK4;Landkreise u. krsfr. Städte (Stand 15.05.22);05119;Oberhausen, Stadt;WHGRM2;Räume;RAUM01;1 Raum;6,76;€/m²;WHG012;Durchschnittliche Nettokaltmiete;e
4000W;Wohnungen (Gebietsstand 15.05.2022);STAG;Stichtag;2022-05-15;GEOLK4;Landkreise u. krsfr. Städte (Stand 15.05.22);07315;Mainz, kreisfreie Stadt;WHGRM2;Räume;RAUM02;2 Räume;9,77;€/m²;WHG012;Durchschnittliche Nettokaltmiete;e
4000W;Wohnungen (Gebietsstand 15.05.2022);STAG;Stichtag;2022-05-15;GEOLK4;Landkreise u. krsfr. Städte (Stand 15.05.22);01055;Ostholstein;WHGRM2;Räume;RAUM06;6 Räume;6,42;€/m²;WHG012;Durchschnittliche Nettokaltmiete;e
4000W;Wohnungen (Gebietsstand 15.05.2022);STAG;Stichtag;2022-05-15;GEOLK4;Landkreise u. krsfr. Städte (Stand 15.05.22);09479;Wunsiedel i.Fichtelgebirge;WHGRM2;Räume;RAUM06;6 Räume;4,08;€/m²;WHG012;Durchschnittliche Nettokaltmiete;e
4000W;Wohnungen (Gebietsstand 15.05.2022);STAG;Stichtag;2022-05-15;GEOLK4;Landkreise u. krsfr. Städte (Stand 15.05.22);09262;Passau, Kreisfreie Stadt;WHGRM2;Räume;RAUM01;1 Raum;12,58;€/m²;WHG012;Durchschnittliche Nettokaltmiete;e
4000W;Wohnungen (Gebietsstand 15.05.2022);STAG;Stichtag;2022-05-15;GEOLK4;Landkreise u. krsfr. Städte (Stand 15.05.22);07231;Bernkastel-Wittlich;WHGRM2;Räume;RAUM04;4 Räume;5,51;€/m²;WHG012;Durchschnittliche Nettokaltmiete;e
4000W;Wohnungen (Gebietsstand 15.05.2022);STAG;Stichtag;2022-05-15;GEOLK4;Landkreise u. krsfr. Städte (Stand 15.05.22);07138;Neuwied;WHGRM2;Räume;RAUM01;1 Raum;8,31;€/m²;WHG012;Durchschnittliche Nettokaltmiete;e
4000W;Wohnungen (Gebietsstand 15.05.2022);STAG;Stichtag;2022-05-15;GEOLK4;Landkreise u. krsfr. Städte (Stand 15.05.22);09279;Dingolfing-Landau;WHGRM2;Räume;RAUM07UM;7 und mehr Räume;5,07;€/m²;WHG012;Durchschnittliche Nettokaltmiete;e
4000W;Wohnungen (Gebietsstand 15.05.2022);STAG;Stichtag;2022-05-15;GEOLK4;Landkreise u. krsfr. Städte (Stand 15.05.22);07317;Pirmasens, kreisfreie Stadt;WHGRM2;Räume;RAUM05;5 Räume;4,44;€/m²;WHG012;Durchschnittliche Nettokaltmiete;e
4000W;Wohnungen (Gebietsstand 15.05.2022);STAG;Stichtag;2022-05-15;GEOLK4;Landkreise u. krsfr. Städte (Stand 15.05.22);03157;Peine;WHGRM2;Räume;RAUM04;4 Räume;5,82;€/m²;WHG012;Durchschnittliche Nettokaltmiete;e
4000W;Wohnungen (Gebietsstand 15.05.2022);STAG;Stichtag;2022-05-15;GEOLK4;Landkreise u. krsfr. Städte (Stand 15.05.22);05554;Borken;WHGRM2;Räume;RAUM01;1 Raum;8,85;€/m²;WHG012;Durchschnittliche Nettokaltmiete;e
4000W;Wohnungen (Gebietsstand 15.05.2022);STAG;Stichtag;2022-05-15;GEOLK4;Landkreise u. krsfr. Städte (Stand 15.05.22);07311;Frankenthal (Pfalz), kreisfreie Stadt;WHGRM2;Räume;;Insgesamt;7,12;€/m²;WHG012;Durchschnittliche Nettokaltmiete;e
4000W;Wohnungen (Gebietsstand 15.05.2022);STAG;Stichtag;2022-05-15;GEOLK4;Landkreise u. krsfr. Städte (Stand 15.05.22);09476;Kronach;WHGRM2;Räume;RAUM07UM;7 und mehr Räume;4,26;€/m²;WHG012;Durchschnittliche Nettokaltmiete;e
4000W;Wohnungen (Gebietsstand 15.05.2022);STAG;Stichtag;2022-05-15;GEOLK4;Landkreise u. krsfr. Städte (Stand 15.05.22);08211;Baden-Baden, Stadtkreis;WHGRM2;Räume;RAUM07UM;7 und mehr Räume;7,58;€/m²;WHG012;Durchschnittliche Nettokaltmiete;e
4000W;Wohnungen (Gebietsstand 15.05.2022);STAG;Stichtag;2022-05-15;GEOLK4;Landkreise u. krsfr. Städte (Stand 15.05.22);12064;Märkisch-Oderland;WHGRM2;Räume;RAUM03;3 Räume;6,19;€/m²;WHG012;Durchschnittliche Nettokaltmiete;e
4000W;Wohnungen (Gebietsstand 15.05.2022);STAG;Stichtag;2022-05-15;GEOLK4;Landkreise u. krsfr. Städte (Stand 15.05.22);05911;Bochum, Stadt;WHGRM2;Räume;RAUM06;6 Räume;5,94;€/m²;WHG012;Durchschnittliche Nettokaltmiete;e
4000W;Wohnungen (Gebietsstand 15.05.2022);STAG;Stichtag;2022-05-15;GEOLK4;Landkreise u. krsfr. Städte (Stand 15.05.22);09374;Neustadt a.d.Waldnaab;WHGRM2;Räume;RAUM05;5 Räume;4,80;€/m²;WHG012;Durchschnittliche Nettokaltmiete;e
4000W;Wohnungen (Gebietsstand 15.05.2022);STAG;Stichtag;2022-05-15;GEOLK4;Landkreise u. krsfr. Städte (Stand 15.05.22);09363;Weiden i.d.OPf.;WHGRM2;Räume;;Insgesamt;5,95;€/m²;WHG012;Durchschnittliche Nettokaltmiete;e
4000W;Wohnungen (Gebietsstand 15.05.2022);STAG;Stichtag;2022-05-15;GEOLK4;Landkreise u. krsfr. Städte (Stand 15.05.22);09372;Cham;WHGRM2;Räume;;Insgesamt;5,27;€/m²;WHG012;Durchschnittliche Nettokaltmiete;e
4000W;Wohnungen (Gebietsstand 15.05.2022);STAG;Stichtag;2022-05-15;GEOLK4;Landkreise u. krsfr. Städte (Stand 15.05.22);09377;Tirschenreuth;WHGRM2;Räume;;Insgesamt;4,57;€/m²;WHG012;Durchschnittliche Nettokaltmiete;e
4000W;Wohnungen (Gebietsstand 15.05.2022);STAG;Stichtag;2022-05-15;GEOLK4;Landkreise u. krsfr. Städte (Stand 15.05.22);10046;St. Wendel;WHGRM2;Räume;RAUM07UM;7 und mehr Räume;4,46;€/m²;WHG012;Durchschnittliche Nettokaltmiete;e
4000W;Wohnungen (Gebietsstand 15.05.2022);STAG;Stichtag;2022-05-15;GEOLK4;Landkreise u. krsfr. Städte (Stand 15.05.22);05515;Münster, Stadt;WHGRM2;Räume;;Insgesamt;8,71;€/m²;WHG012;Durchschnittliche Nettokaltmiete;e
4000W;Wohnungen (Gebietsstand 15.05.2022);STAG;Stichtag;2022-05-15;GEOLK4;Landkreise u. krsfr. Städte (Stand 15.05.22);08317;Ortenaukreis;WHGRM2;Räume;;Insgesamt;6,75;€/m²;WHG012;Durchschnittliche Nettokaltmiete;e
4000W;Wohnungen (Gebietsstand 15.05.2022);STAG;Stichtag;2022-05-15;GEOLK4;Landkreise u. krsfr. Städte (Stand 15.05.22);09175;Ebersberg;WHGRM2;Räume;RAUM02;2 Räume;11,58;€/m²;WHG012;Durchschnittliche Nettokaltmiete;e
4000W;Wohnungen (Gebietsstand 15.05.2022);STAG;Stichtag;2022-05-15;GEOLK4;Landkreise u. krsfr. Städte (Stand 15.05.22);05122;Solingen, Klingenstadt;WHGRM2;Räume;RAUM04;4 Räume;6,21;€/m²;WHG012;Durchschnittliche Nettokaltmiete;e
4000W;Wohnungen (Gebietsstand 15.05.2022);STAG;Stichtag;2022-05-15;GEOLK4;Landkreise u. krsfr. Städte (Stand 15.05.22);08221;Heidelberg, Stadtkreis;WHGRM2;Räume;RAUM04;4 Räume;8,98;€/m²;WHG012;Durchschnittliche Nettokaltmiete;e
4000W;Wohnungen (Gebietsstand 15.05.2022);STAG;Stichtag;2022-05-15;GEOLK4;Landkreise u. krsfr. Städte (Stand 15.05.22);08327;Tuttlingen;WHGRM2;Räume;RAUM04;4 Räume;6,48;€/m²;WHG012;Durchschnittliche Nettokaltmiete;e
4000W;Wohnungen (Gebietsstand 15.05.2022);STAG;Stichtag;2022-05-15;GEOLK4;Landkreise u. krsfr. Städte (Stand 15.05.22);05366;Euskirchen;WHGRM2;Räume;RAUM07UM;7 und mehr Räume;5,18;€/m²;WHG012;Durchschnittliche Nettokaltmiete;e
4000W;Wohnungen (Gebietsstand 15.05.2022);STAG;Stichtag;2022-05-15;GEOLK4;Landkreise u. krsfr. Städte (Stand 15.05.22);09672;Bad Kissingen;WHGRM2;Räume;RAUM06;6 Räume;4,59;€/m²;WHG012;Durchschnittliche Nettokaltmiete;e
4000W;Wohnungen (Gebietsstand 15.05.2022);STAG;Stichtag;2022-05-15;GEOLK4;Landkreise u. krsfr. Städte (Stand 15.05.22);16051;Erfurt, Stadt;WHGRM2;Räume;RAUM04;4 Räume;6,57;€/m²;WHG012;Durchschnittliche Nettokaltmiete;e
4000W;Wohnungen (Gebietsstand 15.05.2022);STAG;Stichtag;2022-05-15;GEOLK4;Landkreise u. krsfr. Städte (Stand 15.05.22);14523;Vogtlandkreis;WHGRM2;Räume;RAUM05;5 Räume;4,32;€/m²;WHG012;Durchschnittliche Nettokaltmiete;e
4000W;Wohnungen (Gebietsstand 15.05.2022);STAG;Stichtag;2022-05-15;GEOLK4;Landkreise u. krsfr. Städte (Stand 15.05.22);03452;Aurich;WHGRM2;Räume;RAUM04;4 Räume;6,15;€/m²;WHG012;Durchschnittliche Nettokaltmiete;e
4000W;Wohnungen (Gebietsstand 15.05.2022);STAG;Stichtag;2022-05-15;GEOLK4;Landkreise u. krsfr. Städte (Stand 15.05.22);08136;Ostalbkreis;WHGRM2;Räume;;Insgesamt;6,97;€/m²;WHG012;Durchschnittliche Nettokaltmiete;e
4000W;Wohnungen (Gebietsstand 15.05.2022);STAG;Stichtag;2022-05-15;GEOLK4;Landkreise u. krsfr. Städte (Stand 15.05.22);08128;Main-Tauber-Kreis;WHGRM2;Räume;RAUM01;1 Raum;9,83;€/m²;WHG012;Durchschnittliche Nettokaltmiete;e
4000W;Wohnungen (Gebietsstand 15.05.2022);STAG;Stichtag;2022-05-15;GEOLK4;Landkreise u. krsfr. Städte (Stand 15.05.22);06411;Darmstadt, Wissenschaftsstadt;WHGRM2;Räume;RAUM04;4 Räume;8,71;€/m²;WHG012;Durchschnittliche Nettokaltmiete;e
4000W;Wohnungen (Gebietsstand 15.05.2022);STAG;Stichtag;2022-05-15;GEOLK4;Landkreise u. krsfr. Städte (Stand 15.05.22);12060;Barnim;WHGRM2;Räume;;Insgesamt;6,48;€/m²;WHG012;Durchschnittliche Nettokaltmiete;e
4000W;Wohnungen (Gebietsstand 15.05.2022);STAG;Stichtag;2022-05-15;GEOLK4;Landkreise u. krsfr. Städte (Stand 15.05.22);03460;Vechta;WHGRM2;Räume;RAUM03;3 Räume;6,84;€/m²;WHG012;Durchschnittliche Nettokaltmiete;e
4000W;Wohnungen (Gebietsstand 15.05.2022);STAG;Stichtag;2022-05-15;GEOLK4;Landkreise u. krsfr. Städte (Stand 15.05.22);07143;Westerwaldkreis;WHGRM2;Räume;RAUM06;6 Räume;5,01;€/m²;WHG012;Durchschnittliche Nettokaltmiete;e
4000W;Wohnungen (Gebietsstand 15.05.2022);STAG;Stichtag;2022-05-15;GEOLK4;Landkreise u. krsfr. Städte (Stand 15.05.22);15088;Saalekreis;WHGRM2;Räume;RAUM02;2 Räume;5,88;€/m²;WHG012;Durchschnittliche Nettokaltmiete;e
4000W;Wohnungen (Gebietsstand 15.05.2022);STAG;Stichtag;2022-05-15;GEOLK4;Landkreise u. krsfr. Städte (Stand 15.05.22);09473;Coburg, Landkreis;WHGRM2;Räume;RAUM03;3 Räume;5,33;€/m²;WHG012;Durchschnittliche Nettokaltmiete;e
4000W;Wohnungen (Gebietsstand 15.05.2022);STAG;Stichtag;2022-05-15;GEOLK4;Landkreise u. krsfr. Städte (Stand 15.05.22);01051;Dithmarschen;WHGRM2;Räume;RAUM06;6 Räume;5,03;€/m²;WHG012;Durchschnittliche Nettokaltmiete;e
4000W;Wohnungen (Gebietsstand 15.05.2022);STAG;Stichtag;2022-05-15;GEOLK4;Landkreise u. krsfr. Städte (Stand 15.05.22);08421;Ulm, Stadtkreis;WHGRM2;Räume;RAUM06;6 Räume;8,05;€/m²;WHG012;Durchschnittliche Nettokaltmiete;e
4000W;Wohnungen (Gebietsstand 15.05.2022);STAG;Stichtag;2022-05-15;GEOLK4;Landkreise u. krsfr. Städte (Stand 15.05.22);05512;Bottrop, Stadt;WHGRM2;Räume;RAUM03;3 Räume;6,00;€/m²;WHG012;Durchschnittliche Nettokaltmiete;e
4000W;Wohnungen (Gebietsstand 15.05.2022);STAG;Stichtag;2022-05-15;GEOLK4;Landkreise u. krsfr. Städte (Stand 15.05.22);09189;Traunstein;WHGRM2;Räume;RAUM04;4 Räume;6,88;€/m²;WHG012;Durchschnittliche Nettokaltmiete;e
4000W;Wohnungen (Gebietsstand 15.05.2022);STAG;Stichtag;2022-05-15;GEOLK4;Landkreise u. krsfr. Städte (Stand 15.05.22);13071;Mecklenburgische Seenplatte;WHGRM2;Räume;RAUM01;1 Raum;6,21;€/m²;WHG012;Durchschnittliche Nettokaltmiete;e
4000W;Wohnungen (Gebietsstand 15.05.2022);STAG;Stichtag;2022-05-15;GEOLK4;Landkreise u. krsfr. Städte (Stand 15.05.22);16066;Schmalkalden-Meiningen;WHGRM2;Räume;RAUM05;5 Räume;4,97;€/m²;WHG012;Durchschnittliche Nettokaltmiete;e
4000W;Wohnungen (Gebietsstand 15.05.2022);STAG;Stichtag;2022-05-15;GEOLK4;Landkreise u. krsfr. Städte (Stand 15.05.22);03403;Oldenburg (Oldenburg), Stadt;WHGRM2;Räume;RAUM03;3 Räume;7,63;€/m²;WHG012;Durchschnittliche Nettokaltmiete;e
4000W;Wohnungen (Gebietsstand 15.05.2022);STAG;Stichtag;2022-05-15;GEOLK4;Landkreise u. krsfr. Städte (Stand 15.05.22);15003;Magdeburg, Landeshauptstadt;WHGRM2;Räume;RAUM05;5 Räume;5,59;€/m²;WHG012;Durchschnittliche Nettokaltmiete;e
4000W;Wohnungen (Gebietsstand 15.05.2022);STAG;Stichtag;2022-05-15;GEOLK4;Landkreise u. krsfr. Städte (Stand 15.05.22);09673;Rhön-Grabfeld;WHGRM2;Räume;RAUM03;3 Räume;5,49;€/m²;WHG012;Durchschnittliche Nettokaltmiete;e
4000W;Wohnungen (Gebietsstand 15.05.2022);STAG;Stichtag;2022-05-15;GEOLK4;Landkreise u. krsfr. Städte (Stand 15.05.22);15084;Burgenlandkreis;WHGRM2;Räume;RAUM04;4 Räume;4,93;€/m²;WHG012;Durchschnittliche Nettokaltmiete;e
4000W;Wohnungen (Gebietsstand 15.05.2022);STAG;Stichtag;2022-05-15;GEOLK4;Landkreise u. krsfr. Städte (Stand 15.05.22);03151;Gifhorn;WHGRM2;Räume;RAUM01;1 Raum;7,88;€/m²;WHG012;Durchschnittliche Nettokaltmiete;e
4000W;Wohnungen (Gebietsstand 15.05.2022);STAG;Stichtag;2022-05-15;GEOLK4;Landkreise u. krsfr. Städte (Stand 15.05.22);07337;Südliche Weinstraße;WHGRM2;Räume;RAUM04;4 Räume;6,27;€/m²;WHG012;Durchschnittliche Nettokaltmiete;e
4000W;Wohnungen (Gebietsstand 15.05.2022);STAG;Stichtag;2022-05-15;GEOLK4;Landkreise u. krsfr. Städte (Stand 15.05.22);08425;Alb-Donau-Kreis;WHGRM2;Räume;RAUM04;4 Räume;6,75;€/m²;WHG012;Durchschnittliche Nettokaltmiete;e
4000W;Wohnungen (Gebietsstand 15.05.2022);STAG;Stichtag;2022-05-15;GEOLK4;Landkreise u. krsfr. Städte (Stand 15.05.22);03355;Lüneburg;WHGRM2;Räume;RAUM07UM;7 und mehr Räume;6,20;€/m²;WHG012;Durchschnittliche Nettokaltmiete;e
4000W;Wohnungen (Gebietsstand 15.05.2022);STAG;Stichtag;2022-05-15;GEOLK4;Landkreise u. krsfr. Städte (Stand 15.05.22);03155;Northeim;WHGRM2;Räume;;Insgesamt;5,03;€/m²;WHG012;Durchschnittliche Nettokaltmiete;e
4000W;Wohnungen (Gebietsstand 15.05.2022);STAG;Stichtag;2022-05-15;GEOLK4;Landkreise u. krsfr. Städte (Stand 15.05.22);09373;Neumarkt i.d.OPf.;WHGRM2;Räume;RAUM06;6 Räume;6,03;€/m²;WHG012;Durchschnittliche Nettokaltmiete;e
4000W;Wohnungen (Gebietsstand 15.05.2022);STAG;Stichtag;2022-05-15;GEOLK4;Landkreise u. krsfr. Städte (Stand 15.05.22);07312;Kaiserslautern, kreisfreie Stadt;WHGRM2;Räume;RAUM01;1 Raum;9,09;€/m²;WHG012;Durchschnittliche Nettokaltmiete;e
4000W;Wohnungen (Gebietsstand 15.05.2022);STAG;Stichtag;2022-05-15;GEOLK4;Landkreise u. krsfr. Städte (Stand 15.05.22);12071;Spree-Neiße;WHGRM2;Räume;RAUM06;6 Räume;4,78;€/m²;WHG012;Durchschnittliche Nettokaltmiete;e
4000W;Wohnungen (Gebietsstand 15.05.2022);STAG;Stichtag;2022-05-15;GEOLK4;Landkreise u. krsfr. Städte (Stand 15.05.22);01060;Segeberg;WHGRM2;Räume;RAUM04;4 Räume;7,66;€/m²;WHG012;Durchschnittliche Nettokaltmiete;e
4000W;Wohnungen (Gebietsstand 15.05.2022);STAG;Stichtag;2022-05-15;GEOLK4;Landkreise u. krsfr. Städte (Stand 15.05.22);16075;Saale-Orla-Kreis;WHGRM2;Räume;RAUM01;1 Raum;5,62;€/m²;WHG012;Durchschnittliche Nettokaltmiete;e
4000W;Wohnungen (Gebietsstand 15.05.2022);STAG;Stichtag;2022-05-15;GEOLK4;Landkreise u. krsfr. Städte (Stand 15.05.22);06634;Schwalm-Eder-Kreis;WHGRM2;Räume;RAUM04;4 Räume;5,13;€/m²;WHG012;Durchschnittliche Nettokaltmiete;e
4000W;Wohnungen (Gebietsstand 15.05.2022);STAG;Stichtag;2022-05-15;GEOLK4;Landkreise u. krsfr. Städte (Stand 15.05.22);03451;Ammerland;WHGRM2;Räume;RAUM05;5 Räume;5,89;€/m²;WHG012;Durchschnittliche Nettokaltmiete;e
4000W;Wohnungen (Gebietsstand 15.05.2022);STAG;Stichtag;2022-05-15;GEOLK4;Landkreise u. krsfr. Städte (Stand 15.05.22);05913;Dortmund, Stadt;WHGRM2;Räume;RAUM01;1 Raum;8,54;€/m²;WHG012;Durchschnittliche Nettokaltmiete;e
4000W;Wohnungen (Gebietsstand 15.05.2022);STAG;Stichtag;2022-05-15;GEOLK4;Landkreise u. krsfr. Städte (Stand 15.05.22);09174;Dachau;WHGRM2;Räume;RAUM03;3 Räume;10,26;€/m²;WHG012;Durchschnittliche Nettokaltmiete;e
4000W;Wohnungen (Gebietsstand 15.05.2022);STAG;Stichtag;2022-05-15;GEOLK4;Landkreise u. krsfr. Städte (Stand 15.05.22);03358;Heidekreis;WHGRM2;Räume;RAUM02;2 Räume;6,51;€/m²;WHG012;Durchschnittliche Nettokaltmiete;e
4000W;Wohnungen (Gebietsstand 15.05.2022);STAG;Stichtag;2022-05-15;GEOLK4;Landkreise u. krsfr. Städte (Stand 15.05.22);09261;Landshut, Kreisfreie Stadt;WHGRM2;Räume;RAUM04;4 Räume;7,48;€/m²;WHG012;Durchschnittliche Nettokaltmiete;e
4000W;Wohnungen (Gebietsstand 15.05.2022);STAG;Stichtag;2022-05-15;GEOLK4;Landkreise u. krsfr. Städte (Stand 15.05.22);09461;Bamberg, Kreisfreie Stadt;WHGRM2;Räume;RAUM04;4 Räume;7,06;€/m²;WHG012;Durchschnittliche Nettokaltmiete;e
4000W;Wohnungen (Gebietsstand 15.05.2022);STAG;Stichtag;2022-05-15;GEOLK4;Landkreise u. krsfr. Städte (Stand 15.05.22);12061;Dahme-Spreewald;WHGRM2;Räume;RAUM07UM;7 und mehr Räume;6,65;€/m²;WHG012;Durchschnittliche Nettokaltmiete;e
4000W;Wohnungen (Gebietsstand 15.05.2022);STAG;Stichtag;2022-05-15;GEOLK4;Landkreise u. krsfr. Städte (Stand 15.05.22);14524;Zwickau;WHGRM2;Räume;RAUM04;4 Räume;4,93;€/m²;WHG012;Durchschnittliche Nettokaltmiete;e
4000W;Wohnungen (Gebietsstand 15.05.2022);STAG;Stichtag;2022-05-15;GEOLK4;Landkreise u. krsfr. Städte (Stand 15.05.22);08116;Esslingen;WHGRM2;Räume;RAUM02;2 Räume;9,84;€/m²;WHG012;Durchschnittliche Nettokaltmiete;e
4000W;Wohnungen (Gebietsstand 15.05.2022);STAG;Stichtag;2022-05-15;GEOLK4;Landkreise u. krsfr. Städte (Stand 15.05.22);03103;Wolfsburg, Stadt;WHGRM2;Räume;RAUM06;6 Räume;7,56;€/m²;WHG012;Durchschnittliche Nettokaltmiete;e
4000W;Wohnungen (Gebietsstand 15.05.2022);STAG;Stichtag;2022-05-15;GEOLK4;Landkreise u. krsfr. Städte (Stand 15.05.22);06632;Hersfeld-Rotenburg;WHGRM2;Räume;;Insgesamt;5,36;€/m²;WHG012;Durchschnittliche Nettokaltmiete;e
4000W;Wohnungen (Gebietsstand 15.05.2022);STAG;Stichtag;2022-05-15;GEOLK4;Landkreise u. krsfr. Städte (Stand 15.05.22);03252;Hameln-Pyrmont;WHGRM2;Räume;RAUM02;2 Räume;6,16;€/m²;WHG012;Durchschnittliche Nettokaltmiete;e
4000W;Wohnungen (Gebietsstand 15.05.2022);STAG;Stichtag;2022-05-15;GEOLK4;Landkreise u. krsfr. Städte (Stand 15.05.22);09561;Ansbach, Kreisfreie Stadt;WHGRM2;Räume;RAUM01;1 Raum;9,56;€/m²;WHG012;Durchschnittliche Nettokaltmiete;e
4000W;Wohnungen (Gebietsstand 15.05.2022);STAG;Stichtag;2022-05-15;GEOLK4;Landkreise u. krsfr. Städte (Stand 15.05.22);05754;Gütersloh;WHGRM2;Räume;RAUM03;3 Räume;6,36;€/m²;WHG012;Durchschnittliche Nettokaltmiete;e
4000W;Wohnungen (Gebietsstand 15.05.2022);STAG;Stichtag;2022-05-15;GEOLK4;Landkreise u. krsfr. Städte (Stand 15.05.22);08135;Heidenheim;WHGRM2;Räume;RAUM02;2 Räume;7,67;€/m²;WHG012;Durchschnittliche Nettokaltmiete;e
4000W;Wohnungen (Gebietsstand 15.05.2022);STAG;Stichtag;2022-05-15;GEOLK4;Landkreise u. krsfr. Städte (Stand 15.05.22);09462;Bayreuth, Kreisfreie Stadt;WHGRM2;Räume;;Insgesamt;7,11;€/m²;WHG012;Durchschnittliche Nettokaltmiete;e
4000W;Wohnungen (Gebietsstand 15.05.2022);STAG;Stichtag;2022-05-15;GEOLK4;Landkreise u. krsfr. Städte (Stand 15.05.22);07143;Westerwaldkreis;WHGRM2;Räume;RAUM07UM;7 und mehr Räume;4,70;€/m²;WHG012;Durchschnittliche Nettokaltmiete;e
4000W;Wohnungen (Gebietsstand 15.05.2022);STAG;Stichtag;2022-05-15;GEOLK4;Landkreise u. krsfr. Städte (Stand 15.05.22);09764;Memmingen;WHGRM2;Räume;RAUM02;2 Räume;7,58;€/m²;WHG012;Durchschnittliche Nettokaltmiete;e
4000W;Wohnungen (Gebietsstand 15.05.2022);STAG;Stichtag;2022-05-15;GEOLK4;Landkreise u. krsfr. Städte (Stand 15.05.22);05334;Städteregion Aachen;WHGRM2;Räume;RAUM03;3 Räume;6,91;€/m²;WHG012;Durchschnittliche Nettokaltmiete;e
4000W;Wohnungen (Gebietsstand 15.05.2022);STAG;Stichtag;2022-05-15;GEOLK4;Landkreise u. krsfr. Städte (Stand 15.05.22);16071;Weimarer Land;WHGRM2;Räume;RAUM03;3 Räume;5,49;€/m²;WHG012;Durchschnittliche Nettokaltmiete;e
4000W;Wohnungen (Gebietsstand 15.05.2022);STAG;Stichtag;2022-05-15;GEOLK4;Landkreise u. krsfr. Städte (Stand 15.05.22);12065;Oberhavel;WHGRM2;Räume;RAUM02;2 Räume;6,97;€/m²;WHG012;Durchschnittliche Nettokaltmiete;e
4000W;Wohnungen (Gebietsstand 15.05.2022);STAG;Stichtag;2022-05-15;GEOLK4;Landkreise u. krsfr. Städte (Stand 15.05.22);12054;Potsdam, Stadt;WHGRM2;Räume;RAUM01;1 Raum;12,81;€/m²;WHG012;Durchschnittliche Nettokaltmiete;e
4000W;Wohnungen (Gebietsstand 15.05.2022);STAG;Stichtag;2022-05-15;GEOLK4;Landkreise u. krsfr. Städte (Stand 15.05.22);05758;Herford;WHGRM2;Räume;RAUM01;1 Raum;7,28;€/m²;WHG012;Durchschnittliche Nettokaltmiete;e
4000W;Wohnungen (Gebietsstand 15.05.2022);STAG;Stichtag;2022-05-15;GEOLK4;Landkreise u. krsfr. Städte (Stand 15.05.22);09761;Augsburg, Kreisfreie Stadt;WHGRM2;Räume;RAUM07UM;7 und mehr Räume;7,77;€/m²;WHG012;Durchschnittliche Nettokaltmiete;e
4000W;Wohnungen (Gebietsstand 15.05.2022);STAG;Stichtag;2022-05-15;GEOLK4;Landkreise u. krsfr. Städte (Stand 15.05.22);09185;Neuburg-Schrobenhausen;WHGRM2;Räume;RAUM04;4 Räume;7,08;€/m²;WHG012;Durchschnittliche Nettokaltmiete;e
4000W;Wohnungen (Gebietsstand 15.05.2022);STAG;Stichtag;2022-05-15;GEOLK4;Landkreise u. krsfr. Städte (Stand 15.05.22);16063;Wartburgkreis;WHGRM2;Räume;;Insgesamt;5,43;€/m²;WHG012;Durchschnittliche Nettokaltmiete;e
4000W;Wohnungen (Gebietsstand 15.05.2022);STAG;Stichtag;2022-05-15;GEOLK4;Landkreise u. krsfr. Städte (Stand 15.05.22);05117;Mülheim an der Ruhr, Stadt;WHGRM2;Räume;;Insgesamt;6,50;€/m²;WHG012;Durchschnittliche Nettokaltmiete;e
4000W;Wohnungen (Gebietsstand 15.05.2022);STAG;Stichtag;2022-05-15;GEOLK4;Landkreise u. krsfr. Städte (Stand 15.05.22);03456;Grafschaft Bentheim;WHGRM2;Räume;RAUM02;2 Räume;6,92;€/m²;WHG012;Durchschnittliche Nettokaltmiete;e
4000W;Wohnungen (Gebietsstand 15.05.2022);STAG;Stichtag;2022-05-15;GEOLK4;Landkreise u. krsfr. Städte (Stand 15.05.22);09276;Regen;WHGRM2;Räume;RAUM03;3 Räume;5,12;€/m²;WHG012;Durchschnittliche Nettokaltmiete;e
4000W;Wohnungen (Gebietsstand 15.05.2022);STAG;Stichtag;2022-05-15;GEOLK4;Landkreise u. krsfr. Städte (Stand 15.05.22);06533;Limburg-Weilburg;WHGRM2;Räume;RAUM01;1 Raum;9,22;€/m²;WHG012;Durchschnittliche Nettokaltmiete;e
4000W;Wohnungen (Gebietsstand 15.05.2022);STAG;Stichtag;2022-05-15;GEOLK4;Landkreise u. krsfr. Städte (Stand 15.05.22);09363;Weiden i.d.OPf.;WHGRM2;Räume;RAUM04;4 Räume;5,48;€/m²;WHG012;Durchschnittliche Nettokaltmiete;e
4000W;Wohnungen (Gebietsstand 15.05.2022);STAG;Stichtag;2022-05-15;GEOLK4;Landkreise u. krsfr. Städte (Stand 15.05.22);09779;Donau-Ries;WHGRM2;Räume;RAUM03;3 Räume;6,58;€/m²;WHG012;Durchschnittliche Nettokaltmiete;e
4000W;Wohnungen (Gebietsstand 15.05.2022);STAG;Stichtag;2022-05-15;GEOLK4;Landkreise u. krsfr. Städte (Stand 15.05.22);01058;Rendsburg-Eckernförde;WHGRM2;Räume;RAUM06;6 Räume;6,18;€/m²;WHG012;Durchschnittliche Nettokaltmiete;e
4000W;Wohnungen (Gebietsstand 15.05.2022);STAG;Stichtag;2022-05-15;GEOLK4;Landkreise u. krsfr. Städte (Stand 15.05.22);08415;Reutlingen;WHGRM2;Räume;RAUM02;2 Räume;9,04;€/m²;WHG012;Durchschnittliche Nettokaltmiete;e
4000W;Wohnungen (Gebietsstand 15.05.2022);STAG;Stichtag;2022-05-15;GEOLK4;Landkreise u. krsfr. Städte (Stand 15.05.22);06412;Frankfurt am Main, Stadt;WHGRM2;Räume;RAUM01;1 Raum;15,77;€/m²;WHG012;Durchschnittliche Nettokaltmiete;e
4000W;Wohnungen (Gebietsstand 15.05.2022);STAG;Stichtag;2022-05-15;GEOLK4;Landkreise u. krsfr. Städte (Stand 15.05.22);01003;Lübeck, Hansestadt;WHGRM2;Räume;RAUM02;2 Räume;8,10;€/m²;WHG012;Durchschnittliche Nettokaltmiete;e
4000W;Wohnungen (Gebietsstand 15.05.2022);STAG;Stichtag;2022-05-15;GEOLK4;Landkreise u. krsfr. Städte (Stand 15.05.22);09183;Mühldorf a.Inn;WHGRM2;Räume;RAUM01;1 Raum;8,66;€/m²;WHG012;Durchschnittliche Nettokaltmiete;e
4000W;Wohnungen (Gebietsstand 15.05.2022);STAG;Stichtag;2022-05-15;GEOLK4;Landkreise u. krsfr. Städte (Stand 15.05.22);16052;Gera, Stadt;WHGRM2;Räume;RAUM01;1 Raum;5,29;€/m²;WHG012;Durchschnittliche Nettokaltmiete;e
4000W;Wohnungen (Gebietsstand 15.05.2022);STAG;Stichtag;2022-05-15;GEOLK4;Landkreise u. krsfr. Städte (Stand 15.05.22);03354;Lüchow-Dannenberg;WHGRM2;Räume;RAUM02;2 Räume;5,26;€/m²;WHG012;Durchschnittliche Nettokaltmiete;e
4000W;Wohnungen (Gebietsstand 15.05.2022);STAG;Stichtag;2022-05-15;GEOLK4;Landkreise u. krsfr. Städte (Stand 15.05.22);09677;Main-Spessart;WHGRM2;Räume;RAUM03;3 Räume;5,80;€/m²;WHG012;Durchschnittliche Nettokaltmiete;e
4000W;Wohnungen (Gebietsstand 15.05.2022);STAG;Stichtag;2022-05-15;GEOLK4;Landkreise u. krsfr. Städte (Stand 15.05.22);08226;Rhein-Neckar-Kreis;WHGRM2;Räume;RAUM01;1 Raum;9,73;€/m²;WHG012;Durchschnittliche Nettokaltmiete;e
4000W;Wohnungen (Gebietsstand 15.05.2022);STAG;Stichtag;2022-05-15;GEOLK4;Landkreise u. krsfr. Städte (Stand 15.05.22);16067;Gotha;WHGRM2;Räume;RAUM07UM;7 und mehr Räume;4,78;€/m²;WHG012;Durchschnittliche Nettokaltmiete;e
4000W;Wohnungen (Gebietsstand 15.05.2022);STAG;Stichtag;2022-05-15;GEOLK4;Landkreise u. krsfr. Städte (Stand 15.05.22);02000;Hamburg, Freie und Hansestadt;WHGRM2;Räume;RAUM05;5 Räume;8,70;€/m²;WHG012;Durchschnittliche Nettokaltmiete;e
4000W;Wohnungen (Gebietsstand 15.05.2022);STAG;Stichtag;2022-05-15;GEOLK4;Landkreise u. krsfr. Städte (Stand 15.05.22);09571;Ansbach, Landkreis;WHGRM2;Räume;RAUM03;3 Räume;6,12;€/m²;WHG012;Durchschnittliche Nettokaltmiete;e
4000W;Wohnungen (Gebietsstand 15.05.2022);STAG;Stichtag;2022-05-15;GEOLK4;Landkreise u. krsfr. Städte (Stand 15.05.22);05911;Bochum, Stadt;WHGRM2;Räume;;Insgesamt;6,25;€/m²;WHG012;Durchschnittliche Nettokaltmiete;e
4000W;Wohnungen (Gebietsstand 15.05.2022);STAG;Stichtag;2022-05-15;GEOLK4;Landkreise u. krsfr. Städte (Stand 15.05.22);09478;Lichtenfels;WHGRM2;Räume;RAUM07UM;7 und mehr Räume;4,42;€/m²;WHG012;Durchschnittliche Nettokaltmiete;e
4000W;Wohnungen (Gebietsstand 15.05.2022);STAG;Stichtag;2022-05-15;GEOLK4;Landkreise u. krsfr. Städte (Stand 15.05.22);06611;Kassel, documenta-Stadt;WHGRM2;Räume;RAUM04;4 Räume;6,46;€/m²;WHG012;Durchschnittliche Nettokaltmiete;e
4000W;Wohnungen (Gebietsstand 15.05.2022);STAG;Stichtag;2022-05-15;GEOLK4;Landkreise u. krsfr. Städte (Stand 15.05.22);01056;Pinneberg;WHGRM2;Räume;RAUM03;3 Räume;8,25;€/m²;WHG012;Durchschnittliche Nettokaltmiete;e
4000W;Wohnungen (Gebietsstand 15.05.2022);STAG;Stichtag;2022-05-15;GEOLK4;Landkreise u. krsfr. Städte (Stand 15.05.22);16077;Altenburger Land;WHGRM2;Räume;RAUM04;4 Räume;4,81;€/m²;WHG012;Durchschnittliche Nettokaltmiete;e
4000W;Wohnungen (Gebietsstand 15.05.2022);STAG;Stichtag;2022-05-15;GEOLK4;Landkreise u. krsfr. Städte (Stand 15.05.22);06437;Odenwaldkreis;WHGRM2;Räume;RAUM04;4 Räume;5,93;€/m²;WHG012;Durchschnittliche Nettokaltmiete;e
4000W;Wohnungen (Gebietsstand 15.05.2022);STAG;Stichtag;2022-05-15;GEOLK4;Landkreise u. krsfr. Städte (Stand 15.05.22);08337;Waldshut;WHGRM2;Räume;;Insgesamt;7,05;€/m²;WHG012;Durchschnittliche Nettokaltmiete;e
4000W;Wohnungen (Gebietsstand 15.05.2022);STAG;Stichtag;2022-05-15;GEOLK4;Landkreise u. krsfr. Städte (Stand 15.05.22);05117;Mülheim an der Ruhr, Stadt;WHGRM2;Räume;RAUM06;6 Räume;6,86;€/m²;WHG012;Durchschnittliche Nettokaltmiete;e
4000W;Wohnungen (Gebietsstand 15.05.2022);STAG;Stichtag;2022-05-15;GEOLK4;Landkreise u. krsfr. Städte (Stand 15.05.22);04012;Bremerhaven, Stadt;WHGRM2;Räume;RAUM02;2 Räume;6,32;€/m²;WHG012;Durchschnittliche Nettokaltmiete;e
4000W;Wohnungen (Gebietsstand 15.05.2022);STAG;Stichtag;2022-05-15;GEOLK4;Landkreise u. krsfr. Städte (Stand 15.05.22);05966;Olpe;WHGRM2;Räume;RAUM02;2 Räume;6,41;€/m²;WHG012;Durchschnittliche Nettokaltmiete;e
4000W;Wohnungen (Gebietsstand 15.05.2022);STAG;Stichtag;2022-05-15;GEOLK4;Landkreise u. krsfr. Städte (Stand 15.05.22);05111;Düsseldorf, Stadt;WHGRM2;Räume;RAUM03;3 Räume;8,93;€/m²;WHG012;Durchschnittliche Nettokaltmiete;e
4000W;Wohnungen (Gebietsstand 15.05.2022);STAG;Stichtag;2022-05-15;GEOLK4;Landkreise u. krsfr. Städte (Stand 15.05.22);07333;Donnersbergkreis;WHGRM2;Räume;RAUM07UM;7 und mehr Räume;5,10;€/m²;WHG012;Durchschnittliche Nettokaltmiete;e
4000W;Wohnungen (Gebietsstand 15.05.2022);STAG;Stichtag;2022-05-15;GEOLK4;Landkreise u. krsfr. Städte (Stand 15.05.22);09577;Weißenburg-Gunzenhausen;WHGRM2;Räume;RAUM06;6 Räume;5,14;€/m²;WHG012;Durchschnittliche Nettokaltmiete;e
4000W;Wohnungen (Gebietsstand 15.05.2022);STAG;Stichtag;2022-05-15;GEOLK4;Landkreise u. krsfr. Städte (Stand 15.05.22);05711;Bielefeld, Stadt;WHGRM2;Räume;RAUM06;6 Räume;6,49;€/m²;WHG012;Durchschnittliche Nettokaltmiete;e
4000W;Wohnungen (Gebietsstand 15.05.2022);STAG;Stichtag;2022-05-15;GEOLK4;Landkreise u. krsfr. Städte (Stand 15.05.22);16062;Nordhausen;WHGRM2;Räume;RAUM05;5 Räume;4,84;€/m²;WHG012;Durchschnittliche Nettokaltmiete;e
4000W;Wohnungen (Gebietsstand 15.05.2022);STAG;Stichtag;2022-05-15;GEOLK4;Landkreise u. krsfr. Städte (Stand 15.05.22);03360;Uelzen;WHGRM2;Räume;RAUM06;6 Räume;4,77;€/m²;WHG012;Durchschnittliche Nettokaltmiete;e
4000W;Wohnungen (Gebietsstand 15.05.2022);STAG;Stichtag;2022-05-15;GEOLK4;Landkreise u. krsfr. Städte (Stand 15.05.22);06431;Bergstraße;WHGRM2;Räume;RAUM01;1 Raum;9,20;€/m²;WHG012;Durchschnittliche Nettokaltmiete;e
4000W;Wohnungen (Gebietsstand 15.05.2022);STAG;Stichtag;2022-05-15;GEOLK4;Landkreise u. krsfr. Städte (Stand 15.05.22);07133;Bad Kreuznach;WHGRM2;Räume;RAUM04;4 Räume;5,83;€/m²;WHG012;Durchschnittliche Nettokaltmiete;e
4000W;Wohnungen (Gebietsstand 15.05.2022);STAG;Stichtag;2022-05-15;GEOLK4;Landkreise u. krsfr. Städte (Stand 15.05.22);08315;Breisgau-Hochschwarzwald;WHGRM2;Räume;RAUM04;4 Räume;7,55;€/m²;WHG012;Durchschnittliche Nettokaltmiete;e
4000W;Wohnungen (Gebietsstand 15.05.2022);STAG;Stichtag;2022-05-15;GEOLK4;Landkreise u. krsfr. Städte (Stand 15.05.22);06414;Wiesbaden, Landeshauptstadt;WHGRM2;Räume;RAUM06;6 Räume;9,42;€/m²;WHG012;Durchschnittliche Nettokaltmiete;e
4000W;Wohnungen (Gebietsstand 15.05.2022);STAG;Stichtag;2022-05-15;GEOLK4;Landkreise u. krsfr. Städte (Stand 15.05.22);09461;Bamberg, Kreisfreie Stadt;WHGRM2;Räume;RAUM07UM;7 und mehr Räume;6,87;€/m²;WHG012;Durchschnittliche Nettokaltmiete;e
4000W;Wohnungen (Gebietsstand 15.05.2022);STAG;Stichtag;2022-05-15;GEOLK4;Landkreise u. krsfr. Städte (Stand 15.05.22);08128;Main-Tauber-Kreis;WHGRM2;Räume;;Insgesamt;6,03;€/m²;WHG012;Durchschnittliche Nettokaltmiete;e
4000W;Wohnungen (Gebietsstand 15.05.2022);STAG;Stichtag;2022-05-15;GEOLK4;Landkreise u. krsfr. Städte (Stand 15.05.22);04011;Bremen, Stadt;WHGRM2;Räume;RAUM03;3 Räume;7,75;€/m²;WHG012;Durchschnittliche Nettokaltmiete;e
4000W;Wohnungen (Gebietsstand 15.05.2022);STAG;Stichtag;2022-05-15;GEOLK4;Landkreise u. krsfr. Städte (Stand 15.05.22);09163;Rosenheim, Kreisfreie Stadt;WHGRM2;Räume;RAUM02;2 Räume;9,53;€/m²;WHG012;Durchschnittliche Nettokaltmiete;e
4000W;Wohnungen (Gebietsstand 15.05.2022);STAG;Stichtag;2022-05-15;GEOLK4;Landkreise u. krsfr. Städte (Stand 15.05.22);09184;München, Landkreis;WHGRM2;Räume;RAUM06;6 Räume;12,23;€/m²;WHG012;Durchschnittliche Nettokaltmiete;e
4000W;Wohnungen (Gebietsstand 15.05.2022);STAG;Stichtag;2022-05-15;GEOLK4;Landkreise u. krsfr. Städte (Stand 15.05.22);01062;Stormarn;WHGRM2;Räume;RAUM06;6 Räume;7,98;€/m²;WHG012;Durchschnittliche Nettokaltmiete;e
4000W;Wohnungen (Gebietsstand 15.05.2022);STAG;Stichtag;2022-05-15;GEOLK4;Landkreise u. krsfr. Städte (Stand 15.05.22);15001;Dessau-Roßlau, Stadt;WHGRM2;Räume;RAUM01;1 Raum;6,81;€/m²;WHG012;Durchschnittliche Nettokaltmiete;e
4000W;Wohnungen (Gebietsstand 15.05.2022);STAG;Stichtag;2022-05-15;GEOLK4;Landkreise u. krsfr. Städte (Stand 15.05.22);09178;Freising;WHGRM2;Räume;RAUM04;4 Räume;9,21;€/m²;WHG012;Durchschnittliche Nettokaltmiete;e
4000W;Wohnungen (Gebietsstand 15.05.2022);STAG;Stichtag;2022-05-15;GEOLK4;Landkreise u. krsfr. Städte (Stand 15.05.22);05315;Köln, Stadt;WHGRM2;Räume;;Insgesamt;9,39;€/m²;WHG012;Durchschnittliche Nettokaltmiete;e
4000W;Wohnungen (Gebietsstand 15.05.2022);STAG;Stichtag;2022-05-15;GEOLK4;Landkreise u. krsfr. Städte (Stand 15.05.22);01056;Pinneberg;WHGRM2;Räume;RAUM04;4 Räume;8,05;€/m²;WHG012;Durchschnittliche Nettokaltmiete;e
4000W;Wohnungen (Gebietsstand 15.05.2022);STAG;Stichtag;2022-05-15;GEOLK4;Landkreise u. krsfr. Städte (Stand 15.05.22);03460;Vechta;WHGRM2;Räume;;Insgesamt;6,36;€/m²;WHG012;Durchschnittliche Nettokaltmiete;e
4000W;Wohnungen (Gebietsstand 15.05.2022);STAG;Stichtag;2022-05-15;GEOLK4;Landkreise u. krsfr. Städte (Stand 15.05.22);09779;Donau-Ries;WHGRM2;Räume;RAUM01;1 Raum;8,59;€/m²;WHG012;Durchschnittliche Nettokaltmiete;e
4000W;Wohnungen (Gebietsstand 15.05.2022);STAG;Stichtag;2022-05-15;GEOLK4;Landkreise u. krsfr. Städte (Stand 15.05.22);09471;Bamberg, Landkreis;WHGRM2;Räume;;Insgesamt;5,96;€/m²;WHG012;Durchschnittliche Nettokaltmiete;e
4000W;Wohnungen (Gebietsstand 15.05.2022);STAG;Stichtag;2022-05-15;GEOLK4;Landkreise u. krsfr. Städte (Stand 15.05.22);03357;Rotenburg (Wümme);WHGRM2;Räume;RAUM03;3 Räume;6,40;€/m²;WHG012;Durchschnittliche Nettokaltmiete;e
4000W;Wohnungen (Gebietsstand 15.05.2022);STAG;Stichtag;2022-05-15;GEOLK4;Landkreise u. krsfr. Städte (Stand 15.05.22);03457;Leer;WHGRM2;Räume;RAUM07UM;7 und mehr Räume;5,22;€/m²;WHG012;Durchschnittliche Nettokaltmiete;e
4000W;Wohnungen (Gebietsstand 15.05.2022);STAG;Stichtag;2022-05-15;GEOLK4;Landkreise u. krsfr. Städte (Stand 15.05.22);06636;Werra-Meißner-Kreis;WHGRM2;Räume;RAUM06;6 Räume;4,24;€/m²;WHG012;Durchschnittliche Nettokaltmiete;e
4000W;Wohnungen (Gebietsstand 15.05.2022);STAG;Stichtag;2022-05-15;GEOLK4;Landkreise u. krsfr. Städte (Stand 15.05.22);05962;Märkischer Kreis;WHGRM2;Räume;;Insgesamt;5,51;€/m²;WHG012;Durchschnittliche Nettokaltmiete;e
4000W;Wohnungen (Gebietsstand 15.05.2022);STAG;Stichtag;2022-05-15;GEOLK4;Landkreise u. krsfr. Städte (Stand 15.05.22);09563;Fürth, Kreisfreie Stadt;WHGRM2;Räume;RAUM03;3 Räume;7,47;€/m²;WHG012;Durchschnittliche Nettokaltmiete;e
4000W;Wohnungen (Gebietsstand 15.05.2022);STAG;Stichtag;2022-05-15;GEOLK4;Landkreise u. krsfr. Städte (Stand 15.05.22);09675;Kitzingen;WHGRM2;Räume;RAUM06;6 Räume;5,23;€/m²;WHG012;Durchschnittliche Nettokaltmiete;e
4000W;Wohnungen (Gebietsstand 15.05.2022);STAG;Stichtag;2022-05-15;GEOLK4;Landkreise u. krsfr. Städte (Stand 15.05.22);14521;Erzgebirgskreis;WHGRM2;Räume;RAUM03;3 Räume;4,65;€/m²;WHG012;Durchschnittliche Nettokaltmiete;e
4000W;Wohnungen (Gebietsstand 15.05.2022);STAG;Stichtag;2022-05-15;GEOLK4;Landkreise u. krsfr. Städte (Stand 15.05.22);01002;Kiel, Landeshauptstadt;WHGRM2;Räume;RAUM04;4 Räume;7,44;€/m²;WHG012;Durchschnittliche Nettokaltmiete;e
4000W;Wohnungen (Gebietsstand 15.05.2022);STAG;Stichtag;2022-05-15;GEOLK4;Landkreise u. krsfr. Städte (Stand 15.05.22);09574;Nürnberger Land;WHGRM2;Räume;RAUM06;6 Räume;6,63;€/m²;WHG012;Durchschnittliche Nettokaltmiete;e
4000W;Wohnungen (Gebietsstand 15.05.2022);STAG;Stichtag;2022-05-15;GEOLK4;Landkreise u. krsfr. Städte (Stand 15.05.22);09275;Passau, Landkreis;WHGRM2;Räume;RAUM05;5 Räume;5,16;€/m²;WHG012;Durchschnittliche Nettokaltmiete;e
4000W;Wohnungen (Gebietsstand 15.05.2022);STAG;Stichtag;2022-05-15;GEOLK4;Landkreise u. krsfr. Städte (Stand 15.05.22);07132;Altenkirchen (Westerwald);WHGRM2;Räume;RAUM05;5 Räume;4,75;€/m²;WHG012;Durchschnittliche Nettokaltmiete;e
4000W;Wohnungen (Gebietsstand 15.05.2022);STAG;Stichtag;2022-05-15;GEOLK4;Landkreise u. krsfr. Städte (Stand 15.05.22);05770;Minden-Lübbecke;WHGRM2;Räume;RAUM02;2 Räume;6,71;€/m²;WHG012;Durchschnittliche Nettokaltmiete;e
4000W;Wohnungen (Gebietsstand 15.05.2022);STAG;Stichtag;2022-05-15;GEOLK4;Landkreise u. krsfr. Städte (Stand 15.05.22);07141;Rhein-Lahn-Kreis;WHGRM2;Räume;RAUM02;2 Räume;6,31;€/m²;WHG012;Durchschnittliche Nettokaltmiete;e
4000W;Wohnungen (Gebietsstand 15.05.2022);STAG;Stichtag;2022-05-15;GEOLK4;Landkreise u. krsfr. Städte (Stand 15.05.22);09375;Regensburg, Landkreis;WHGRM2;Räume;RAUM03;3 Räume;7,22;€/m²;WHG012;Durchschnittliche Nettokaltmiete;e
4000W;Wohnungen (Gebietsstand 15.05.2022);STAG;Stichtag;2022-05-15;GEOLK4;Landkreise u. krsfr. Städte (Stand 15.05.22);05962;Märkischer Kreis;WHGRM2;Räume;RAUM03;3 Räume;5,52;€/m²;WHG012;Durchschnittliche Nettokaltmiete;e
4000W;Wohnungen (Gebietsstand 15.05.2022);STAG;Stichtag;2022-05-15;GEOLK4;Landkreise u. krsfr. Städte (Stand 15.05.22);05162;Rhein-Kreis Neuss;WHGRM2;Räume;RAUM01;1 Raum;8,60;€/m²;WHG012;Durchschnittliche Nettokaltmiete;e
4000W;Wohnungen (Gebietsstand 15.05.2022);STAG;Stichtag;2022-05-15;GEOLK4;Landkreise u. krsfr. Städte (Stand 15.05.22);09472;Bayreuth, Landkreis;WHGRM2;Räume;RAUM04;4 Räume;5,13;€/m²;WHG012;Durchschnittliche Nettokaltmiete;e
4000W;Wohnungen (Gebietsstand 15.05.2022);STAG;Stichtag;2022-05-15;GEOLK4;Landkreise u. krsfr. Städte (Stand 15.05.22);09780;Oberallgäu;WHGRM2;Räume;RAUM02;2 Räume;7,64;€/m²;WHG012;Durchschnittliche Nettokaltmiete;e
4000W;Wohnungen (Gebietsstand 15.05.2022);STAG;Stichtag;2022-05-15;GEOLK4;Landkreise u. krsfr. Städte (Stand 15.05.22);16077;Altenburger Land;WHGRM2;Räume;RAUM06;6 Räume;4,44;€/m²;WHG012;Durchschnittliche Nettokaltmiete;e
4000W;Wohnungen (Gebietsstand 15.05.2022);STAG;Stichtag;2022-05-15;GEOLK4;Landkreise u. krsfr. Städte (Stand 15.05.22);08426;Biberach;WHGRM2;Räume;RAUM03;3 Räume;7,19;€/m²;WHG012;Durchschnittliche Nettokaltmiete;e
4000W;Wohnungen (Gebietsstand 15.05.2022);STAG;Stichtag;2022-05-15;GEOLK4;Landkreise u. krsfr. Städte (Stand 15.05.22);09274;Landshut, Landkreis;WHGRM2;Räume;RAUM01;1 Raum;9,73;€/m²;WHG012;Durchschnittliche Nettokaltmiete;e
4000W;Wohnungen (Gebietsstand 15.05.2022);STAG;Stichtag;2022-05-15;GEOLK4;Landkreise u. krsfr. Städte (Stand 15.05.22);07318;Speyer, kreisfreie Stadt;WHGRM2;Räume;RAUM02;2 Räume;8,28;€/m²;WHG012;Durchschnittliche Nettokaltmiete;e
4000W;Wohnungen (Gebietsstand 15.05.2022);STAG;Stichtag;2022-05-15;GEOLK4;Landkreise u. krsfr. Städte (Stand 15.05.22);07131;Ahrweiler;WHGRM2;Räume;RAUM01;1 Raum;9,26;€/m²;WHG012;Durchschnittliche Nettokaltmiete;e
4000W;Wohnungen (Gebietsstand 15.05.2022);STAG;Stichtag;2022-05-15;GEOLK4;Landkreise u. krsfr. Städte (Stand 15.05.22);05114;Krefeld, Stadt;WHGRM2;Räume;RAUM06;6 Räume;6,94;€/m²;WHG012;Durchschnittliche Nettokaltmiete;e
4000W;Wohnungen (Gebietsstand 15.05.2022);STAG;Stichtag;2022-05-15;GEOLK4;Landkreise u. krsfr. Städte (Stand 15.05.22);12052;Cottbus, Stadt;WHGRM2;Räume;RAUM04;4 Räume;5,32;€/m²;WHG012;Durchschnittliche Nettokaltmiete;e
4000W;Wohnungen (Gebietsstand 15.05.2022);STAG;Stichtag;2022-05-15;GEOLK4;Landkreise u. krsfr. Städte (Stand 15.05.22);05566;Steinfurt;WHGRM2;Räume;RAUM01;1 Raum;7,29;€/m²;WHG012;Durchschnittliche Nettokaltmiete;e
4000W;Wohnungen (Gebietsstand 15.05.2022);STAG;Stichtag;2022-05-15;GEOLK4;Landkreise u. krsfr. Städte (Stand 15.05.22);09371;Amberg-Sulzbach;WHGRM2;Räume;RAUM02;2 Räume;6,25;€/m²;WHG012;Durchschnittliche Nettokaltmiete;e
4000W;Wohnungen (Gebietsstand 15.05.2022);STAG;Stichtag;2022-05-15;GEOLK4;Landkreise u. krsfr. Städte (Stand 15.05.22);07340;Südwestpfalz;WHGRM2;Räume;RAUM07UM;7 und mehr Räume;5,21;€/m²;WHG012;Durchschnittliche Nettokaltmiete;e
4000W;Wohnungen (Gebietsstand 15.05.2022);STAG;Stichtag;2022-05-15;GEOLK4;Landkreise u. krsfr. Städte (Stand 15.05.22);07314;Ludwigshafen am Rhein, kreisfreie Stadt;WHGRM2;Räume;RAUM03;3 Räume;7,19;€/m²;WHG012;Durchschnittliche Nettokaltmiete;e
4000W;Wohnungen (Gebietsstand 15.05.2022);STAG;Stichtag;2022-05-15;GEOLK4;Landkreise u. krsfr. Städte (Stand 15.05.22);08416;Tübingen;WHGRM2;Räume;RAUM06;6 Räume;8,16;€/m²;WHG012;Durchschnittliche Nettokaltmiete;e
4000W;Wohnungen (Gebietsstand 15.05.2022);STAG;Stichtag;2022-05-15;GEOLK4;Landkreise u. krsfr. Städte (Stand 15.05.22);09184;München, Landkreis;WHGRM2;Räume;RAUM07UM;7 und mehr Räume;12,23;€/m²;WHG012;Durchschnittliche Nettokaltmiete;e
4000W;Wohnungen (Gebietsstand 15.05.2022);STAG;Stichtag;2022-05-15;GEOLK4;Landkreise u. krsfr. Städte (Stand 15.05.22);13071;Mecklenburgische Seenplatte;WHGRM2;Räume;RAUM07UM;7 und mehr Räume;4,83;€/m²;WHG012;Durchschnittliche Nettokaltmiete;e
4000W;Wohnungen (Gebietsstand 15.05.2022);STAG;Stichtag;2022-05-15;GEOLK4;Landkreise u. krsfr. Städte (Stand 15.05.22);03241;Region Hannover;WHGRM2;Räume;RAUM03;3 Räume;7,17;€/m²;WHG012;Durchschnittliche Nettokaltmiete;e
4000W;Wohnungen (Gebietsstand 15.05.2022);STAG;Stichtag;2022-05-15;GEOLK4;Landkreise u. krsfr. Städte (Stand 15.05.22);12061;Dahme-Spreewald;WHGRM2;Räume;RAUM03;3 Räume;7,12;€/m²;WHG012;Durchschnittliche Nettokaltmiete;e
4000W;Wohnungen (Gebietsstand 15.05.2022);STAG;Stichtag;2022-05-15;GEOLK4;Landkreise u. krsfr. Städte (Stand 15.05.22);08417;Zollernalbkreis;WHGRM2;Räume;RAUM06;6 Räume;5,57;€/m²;WHG012;Durchschnittliche Nettokaltmiete;e
4000W;Wohnungen (Gebietsstand 15.05.2022);STAG;Stichtag;2022-05-15;GEOLK4;Landkreise u. krsfr. Städte (Stand 15.05.22);12065;Oberhavel;WHGRM2;Räume;RAUM07UM;7 und mehr Räume;6,76;€/m²;WHG012;Durchschnittliche Nettokaltmiete;e
4000W;Wohnungen (Gebietsstand 15.05.2022);STAG;Stichtag;2022-05-15;GEOLK4;Landkreise u. krsfr. Städte (Stand 15.05.22);03405;Wilhelmshaven, Stadt;WHGRM2;Räume;RAUM05;5 Räume;5,38;€/m²;WHG012;Durchschnittliche Nettokaltmiete;e
4000W;Wohnungen (Gebietsstand 15.05.2022);STAG;Stichtag;2022-05-15;GEOLK4;Landkreise u. krsfr. Städte (Stand 15.05.22);06535;Vogelsbergkreis;WHGRM2;Räume;RAUM04;4 Räume;5,00;€/m²;WHG012;Durchschnittliche Nettokaltmiete;e
4000W;Wohnungen (Gebietsstand 15.05.2022);STAG;Stichtag;2022-05-15;GEOLK4;Landkreise u. krsfr. Städte (Stand 15.05.22);09361;Amberg;WHGRM2;Räume;RAUM01;1 Raum;8,85;€/m²;WHG012;Durchschnittliche Nettokaltmiete;e
4000W;Wohnungen (Gebietsstand 15.05.2022);STAG;Stichtag;2022-05-15;GEOLK4;Landkreise u. krsfr. Städte (Stand 15.05.22);08118;Ludwigsburg;WHGRM2;Räume;RAUM05;5 Räume;8,06;€/m²;WHG012;Durchschnittliche Nettokaltmiete;e
4000W;Wohnungen (Gebietsstand 15.05.2022);STAG;Stichtag;2022-05-15;GEOLK4;Landkreise u. krsfr. Städte (Stand 15.05.22);09476;Kronach;WHGRM2;Räume;RAUM03;3 Räume;5,52;€/m²;WHG012;Durchschnittliche Nettokaltmiete;e
4000W;Wohnungen (Gebietsstand 15.05.2022);STAG;Stichtag;2022-05-15;GEOLK4;Landkreise u. krsfr. Städte (Stand 15.05.22);03256;Nienburg (Weser);WHGRM2;Räume;RAUM01;1 Raum;7,21;€/m²;WHG012;Durchschnittliche Nettokaltmiete;e
4000W;Wohnungen (Gebietsstand 15.05.2022);STAG;Stichtag;2022-05-15;GEOLK4;Landkreise u. krsfr. Städte (Stand 15.05.22);09762;Kaufbeuren;WHGRM2;Räume;RAUM06;6 Räume;6,40;€/m²;WHG012;Durchschnittliche Nettokaltmiete;e
4000W;Wohnungen (Gebietsstand 15.05.2022);STAG;Stichtag;2022-05-15;GEOLK4;Landkreise u. krsfr. Städte (Stand 15.05.22);09764;Memmingen;WHGRM2;Räume;RAUM01;1 Raum;9,05;€/m²;WHG012;Durchschnittliche Nettokaltmiete;e
4000W;Wohnungen (Gebietsstand 15.05.2022);STAG;Stichtag;2022-05-15;GEOLK4;Landkreise u. krsfr. Städte (Stand 15.05.22);09775;Neu-Ulm;WHGRM2;Räume;RAUM04;4 Räume;7,32;€/m²;WHG012;Durchschnittliche Nettokaltmiete;e
4000W;Wohnungen (Gebietsstand 15.05.2022);STAG;Stichtag;2022-05-15;GEOLK4;Landkreise u. krsfr. Städte (Stand 15.05.22);07334;Germersheim;WHGRM2;Räume;RAUM03;3 Räume;6,98;€/m²;WHG012;Durchschnittliche Nettokaltmiete;e
4000W;Wohnungen (Gebietsstand 15.05.2022);STAG;Stichtag;2022-05-15;GEOLK4;Landkreise u. krsfr. Städte (Stand 15.05.22);09473;Coburg, Landkreis;WHGRM2;Räume;;Insgesamt;5,31;€/m²;WHG012;Durchschnittliche Nettokaltmiete;e
4000W;Wohnungen (Gebietsstand 15.05.2022);STAG;Stichtag;2022-05-15;GEOLK4;Landkreise u. krsfr. Städte (Stand 15.05.22);01060;Segeberg;WHGRM2;Räume;RAUM02;2 Räume;8,58;€/m²;WHG012;Durchschnittliche Nettokaltmiete;e
4000W;Wohnungen (Gebietsstand 15.05.2022);STAG;Stichtag;2022-05-15;GEOLK4;Landkreise u. krsfr. Städte (Stand 15.05.22);06433;Groß-Gerau;WHGRM2;Räume;RAUM06;6 Räume;7,81;€/m²;WHG012;Durchschnittliche Nettokaltmiete;e
4000W;Wohnungen (Gebietsstand 15.05.2022);STAG;Stichtag;2022-05-15;GEOLK4;Landkreise u. krsfr. Städte (Stand 15.05.22);09576;Roth;WHGRM2;Räume;RAUM01;1 Raum;8,41;€/m²;WHG012;Durchschnittliche Nettokaltmiete;e
4000W;Wohnungen (Gebietsstand 15.05.2022);STAG;Stichtag;2022-05-15;GEOLK4;Landkreise u. krsfr. Städte (Stand 15.05.22);06634;Schwalm-Eder-Kreis;WHGRM2;Räume;RAUM02;2 Räume;5,84;€/m²;WHG012;Durchschnittliche Nettokaltmiete;e
4000W;Wohnungen (Gebietsstand 15.05.2022);STAG;Stichtag;2022-05-15;GEOLK4;Landkreise u. krsfr. Städte (Stand 15.05.22);12067;Oder-Spree;WHGRM2;Räume;RAUM04;4 Räume;5,71;€/m²;WHG012;Durchschnittliche Nettokaltmiete;e
4000W;Wohnungen (Gebietsstand 15.05.2022);STAG;Stichtag;2022-05-15;GEOLK4;Landkreise u. krsfr. Städte (Stand 15.05.22);03353;Harburg;WHGRM2;Räume;RAUM06;6 Räume;7,36;€/m²;WHG012;Durchschnittliche Nettokaltmiete;e
4000W;Wohnungen (Gebietsstand 15.05.2022);STAG;Stichtag;2022-05-15;GEOLK4;Landkreise u. krsfr. Städte (Stand 15.05.22);03154;Helmstedt;WHGRM2;Räume;RAUM03;3 Räume;5,62;€/m²;WHG012;Durchschnittliche Nettokaltmiete;e
4000W;Wohnungen (Gebietsstand 15.05.2022);STAG;Stichtag;2022-05-15;GEOLK4;Landkreise u. krsfr. Städte (Stand 15.05.22);08225;Neckar-Odenwald-Kreis;WHGRM2;Räume;RAUM05;5 Räume;5,34;€/m²;WHG012;Durchschnittliche Nettokaltmiete;e
4000W;Wohnungen (Gebietsstand 15.05.2022);STAG;Stichtag;2022-05-15;GEOLK4;Landkreise u. krsfr. Städte (Stand 15.05.22);07335;Kaiserslautern;WHGRM2;Räume;RAUM07UM;7 und mehr Räume;7,42;€/m²;WHG012;Durchschnittliche Nettokaltmiete;e
4000W;Wohnungen (Gebietsstand 15.05.2022);STAG;Stichtag;2022-05-15;GEOLK4;Landkreise u. krsfr. Städte (Stand 15.05.22);13004;Schwerin;WHGRM2;Räume;RAUM04;4 Räume;6,00;€/m²;WHG012;Durchschnittliche Nettokaltmiete;e
4000W;Wohnungen (Gebietsstand 15.05.2022);STAG;Stichtag;2022-05-15;GEOLK4;Landkreise u. krsfr. Städte (Stand 15.05.22);07333;Donnersbergkreis;WHGRM2;Räume;RAUM03;3 Räume;5,81;€/m²;WHG012;Durchschnittliche Nettokaltmiete;e
4000W;Wohnungen (Gebietsstand 15.05.2022);STAG;Stichtag;2022-05-15;GEOLK4;Landkreise u. krsfr. Städte (Stand 15.05.22);09271;Deggendorf;WHGRM2;Räume;RAUM06;6 Räume;5,22;€/m²;WHG012;Durchschnittliche Nettokaltmiete;e
4000W;Wohnungen (Gebietsstand 15.05.2022);STAG;Stichtag;2022-05-15;GEOLK4;Landkreise u. krsfr. Städte (Stand 15.05.22);06631;Fulda;WHGRM2;Räume;RAUM01;1 Raum;11,03;€/m²;WHG012;Durchschnittliche Nettokaltmiete;e
4000W;Wohnungen (Gebietsstand 15.05.2022);STAG;Stichtag;2022-05-15;GEOLK4;Landkreise u. krsfr. Städte (Stand 15.05.22);03154;Helmstedt;WHGRM2;Räume;RAUM07UM;7 und mehr Räume;4,47;€/m²;WHG012;Durchschnittliche Nettokaltmiete;e
4000W;Wohnungen (Gebietsstand 15.05.2022);STAG;Stichtag;2022-05-15;GEOLK4;Landkreise u. krsfr. Städte (Stand 15.05.22);07134;Birkenfeld;WHGRM2;Räume;RAUM07UM;7 und mehr Räume;4,55;€/m²;WHG012;Durchschnittliche Nettokaltmiete;e
4000W;Wohnungen (Gebietsstand 15.05.2022);STAG;Stichtag;2022-05-15;GEOLK4;Landkreise u. krsfr. Städte (Stand 15.05.22);07339;Mainz-Bingen;WHGRM2;Räume;;Insgesamt;7,61;€/m²;WHG012;Durchschnittliche Nettokaltmiete;e
4000W;Wohnungen (Gebietsstand 15.05.2022);STAG;Stichtag;2022-05-15;GEOLK4;Landkreise u. krsfr. Städte (Stand 15.05.22);09771;Aichach-Friedberg;WHGRM2;Räume;RAUM03;3 Räume;7,76;€/m²;WHG012;Durchschnittliche Nettokaltmiete;e
4000W;Wohnungen (Gebietsstand 15.05.2022);STAG;Stichtag;2022-05-15;GEOLK4;Landkreise u. krsfr. Städte (Stand 15.05.22);09163;Rosenheim, Kreisfreie Stadt;WHGRM2;Räume;;Insgesamt;9,09;€/m²;WHG012;Durchschnittliche Nettokaltmiete;e
4000W;Wohnungen (Gebietsstand 15.05.2022);STAG;Stichtag;2022-05-15;GEOLK4;Landkreise u. krsfr. Städte (Stand 15.05.22);13073;Vorpommern-Rügen;WHGRM2;Räume;RAUM03;3 Räume;5,86;€/m²;WHG012;Durchschnittliche Nettokaltmiete;e
4000W;Wohnungen (Gebietsstand 15.05.2022);STAG;Stichtag;2022-05-15;GEOLK4;Landkreise u. krsfr. Städte (Stand 15.05.22);05315;Köln, Stadt;WHGRM2;Räume;RAUM04;4 Räume;8,76;€/m²;WHG012;Durchschnittliche Nettokaltmiete;e
4000W;Wohnungen (Gebietsstand 15.05.2022);STAG;Stichtag;2022-05-15;GEOLK4;Landkreise u. krsfr. Städte (Stand 15.05.22);06635;Waldeck-Frankenberg;WHGRM2;Räume;RAUM02;2 Räume;5,75;€/m²;WHG012;Durchschnittliche Nettokaltmiete;e
4000W;Wohnungen (Gebietsstand 15.05.2022);STAG;Stichtag;2022-05-15;GEOLK4;Landkreise u. krsfr. Städte (Stand 15.05.22);08436;Ravensburg;WHGRM2;Räume;RAUM06;6 Räume;6,49;€/m²;WHG012;Durchschnittliche Nettokaltmiete;e
4000W;Wohnungen (Gebietsstand 15.05.2022);STAG;Stichtag;2022-05-15;GEOLK4;Landkreise u. krsfr. Städte (Stand 15.05.22);14626;Görlitz;WHGRM2;Räume;RAUM04;4 Räume;4,55;€/m²;WHG012;Durchschnittliche Nettokaltmiete;e
4000W;Wohnungen (Gebietsstand 15.05.2022);STAG;Stichtag;2022-05-15;GEOLK4;Landkreise u. krsfr. Städte (Stand 15.05.22);14713;Leipzig, Stadt;WHGRM2;Räume;RAUM04;4 Räume;6,14;€/m²;WHG012;Durchschnittliche Nettokaltmiete;e
4000W;Wohnungen (Gebietsstand 15.05.2022);STAG;Stichtag;2022-05-15;GEOLK4;Landkreise u. krsfr. Städte (Stand 15.05.22);03461;Wesermarsch;WHGRM2;Räume;RAUM07UM;7 und mehr Räume;4,41;€/m²;WHG012;Durchschnittliche Nettokaltmiete;e
4000W;Wohnungen (Gebietsstand 15.05.2022);STAG;Stichtag;2022-05-15;GEOLK4;Landkreise u. krsfr. Städte (Stand 15.05.22);01061;Steinburg;WHGRM2;Räume;RAUM02;2 Räume;6,70;€/m²;WHG012;Durchschnittliche Nettokaltmiete;e
4000W;Wohnungen (Gebietsstand 15.05.2022);STAG;Stichtag;2022-05-15;GEOLK4;Landkreise u. krsfr. Städte (Stand 15.05.22);08237;Freudenstadt;WHGRM2;Räume;RAUM03;3 Räume;6,63;€/m²;WHG012;Durchschnittliche Nettokaltmiete;e
4000W;Wohnungen (Gebietsstand 15.05.2022);STAG;Stichtag;2022-05-15;GEOLK4;Landkreise u. krsfr. Städte (Stand 15.05.22);09190;Weilheim-Schongau;WHGRM2;Räume;RAUM04;4 Räume;7,61;€/m²;WHG012;Durchschnittliche Nettokaltmiete;e
4000W;Wohnungen (Gebietsstand 15.05.2022);STAG;Stichtag;2022-05-15;GEOLK4;Landkreise u. krsfr. Städte (Stand 15.05.22);10045;Saarpfalz-Kreis;WHGRM2;Räume;RAUM04;4 Räume;5,71;€/m²;WHG012;Durchschnittliche Nettokaltmiete;e
4000W;Wohnungen (Gebietsstand 15.05.2022);STAG;Stichtag;2022-05-15;GEOLK4;Landkreise u. krsfr. Städte (Stand 15.05.22);01059;Schleswig-Flensburg;WHGRM2;Räume;RAUM03;3 Räume;6,66;€/m²;WHG012;Durchschnittliche Nettokaltmiete;e
4000W;Wohnungen (Gebietsstand 15.05.2022);STAG;Stichtag;2022-05-15;GEOLK4;Landkreise u. krsfr. Städte (Stand 15.05.22);14627;Meißen;WHGRM2;Räume;RAUM02;2 Räume;5,92;€/m²;WHG012;Durchschnittliche Nettokaltmiete;e
4000W;Wohnungen (Gebietsstand 15.05.2022);STAG;Stichtag;2022-05-15;GEOLK4;Landkreise u. krsfr. Städte (Stand 15.05.22);05916;Herne, Stadt;WHGRM2;Räume;RAUM03;3 Räume;5,76;€/m²;WHG012;Durchschnittliche Nettokaltmiete;e
4000W;Wohnungen (Gebietsstand 15.05.2022);STAG;Stichtag;2022-05-15;GEOLK4;Landkreise u. krsfr. Städte (Stand 15.05.22);13003;Rostock;WHGRM2;Räume;RAUM06;6 Räume;6,11;€/m²;WHG012;Durchschnittliche Nettokaltmiete;e
4000W;Wohnungen (Gebietsstand 15.05.2022);STAG;Stichtag;2022-05-15;GEOLK4;Landkreise u. krsfr. Städte (Stand 15.05.22);05913;Dortmund, Stadt;WHGRM2;Räume;;Insgesamt;6,45;€/m²;WHG012;Durchschnittliche Nettokaltmiete;e
4000W;Wohnungen (Gebietsstand 15.05.2022);STAG;Stichtag;2022-05-15;GEOLK4;Landkreise u. krsfr. Städte (Stand 15.05.22);09278;Straubing-Bogen;WHGRM2;Räume;;Insgesamt;5,77;€/m²;WHG012;Durchschnittliche Nettokaltmiete;e
4000W;Wohnungen (Gebietsstand 15.05.2022);STAG;Stichtag;2022-05-15;GEOLK4;Landkreise u. krsfr. Städte (Stand 15.05.22);16069;Hildburghausen;WHGRM2;Räume;RAUM07UM;7 und mehr Räume;4,40;€/m²;WHG012;Durchschnittliche Nettokaltmiete;e
4000W;Wohnungen (Gebietsstand 15.05.2022);STAG;Stichtag;2022-05-15;GEOLK4;Landkreise u. krsfr. Städte (Stand 15.05.22);09677;Main-Spessart;WHGRM2;Räume;RAUM07UM;7 und mehr Räume;4,61;€/m²;WHG012;Durchschnittliche Nettokaltmiete;e
4000W;Wohnungen (Gebietsstand 15.05.2022);STAG;Stichtag;2022-05-15;GEOLK4;Landkreise u. krsfr. Städte (Stand 15.05.22);03455;Friesland;WHGRM2;Räume;RAUM04;4 Räume;5,82;€/m²;WHG012;Durchschnittliche Nettokaltmiete;e
4000W;Wohnungen (Gebietsstand 15.05.2022);STAG;Stichtag;2022-05-15;GEOLK4;Landkreise u. krsfr. Städte (Stand 15.05.22);09477;Kulmbach;WHGRM2;Räume;RAUM01;1 Raum;6,93;€/m²;WHG012;Durchschnittliche Nettokaltmiete;e
4000W;Wohnungen (Gebietsstand 15.05.2022);STAG;Stichtag;2022-05-15;GEOLK4;Landkreise u. krsfr. Städte (Stand 15.05.22);09564;Nürnberg;WHGRM2;Räume;RAUM03;3 Räume;7,98;€/m²;WHG012;Durchschnittliche Nettokaltmiete;e
4000W;Wohnungen (Gebietsstand 15.05.2022);STAG;Stichtag;2022-05-15;GEOLK4;Landkreise u. krsfr. Städte (Stand 15.05.22);09773;Dillingen a.d.Donau;WHGRM2;Räume;;Insgesamt;6,25;€/m²;WHG012;Durchschnittliche Nettokaltmiete;e
4000W;Wohnungen (Gebietsstand 15.05.2022);STAG;Stichtag;2022-05-15;GEOLK4;Landkreise u. krsfr. Städte (Stand 15.05.22);12072;Teltow-Fläming;WHGRM2;Räume;RAUM02;2 Räume;6,54;€/m²;WHG012;Durchschnittliche Nettokaltmiete;e
4000W;Wohnungen (Gebietsstand 15.05.2022);STAG;Stichtag;2022-05-15;GEOLK4;Landkreise u. krsfr. Städte (Stand 15.05.22);14628;Sächsische Schweiz-Osterzgebirge;WHGRM2;Räume;RAUM06;6 Räume;5,37;€/m²;WHG012;Durchschnittliche Nettokaltmiete;e
4000W;Wohnungen (Gebietsstand 15.05.2022);STAG;Stichtag;2022-05-15;GEOLK4;Landkreise u. krsfr. Städte (Stand 15.05.22);10041;Regionalverband Saarbrücken;WHGRM2;Räume;RAUM05;5 Räume;5,65;€/m²;WHG012;Durchschnittliche Nettokaltmiete;e
4000W;Wohnungen (Gebietsstand 15.05.2022);STAG;Stichtag;2022-05-15;GEOLK4;Landkreise u. krsfr. Städte (Stand 15.05.22);09661;Aschaffenburg, Kreisfreie Stadt;WHGRM2;Räume;RAUM04;4 Räume;7,24;€/m²;WHG012;Durchschnittliche Nettokaltmiete;e
4000W;Wohnungen (Gebietsstand 15.05.2022);STAG;Stichtag;2022-05-15;GEOLK4;Landkreise u. krsfr. Städte (Stand 15.05.22);16076;Greiz;WHGRM2;Räume;RAUM06;6 Räume;4,22;€/m²;WHG012;Durchschnittliche Nettokaltmiete;e
4000W;Wohnungen (Gebietsstand 15.05.2022);STAG;Stichtag;2022-05-15;GEOLK4;Landkreise u. krsfr. Städte (Stand 15.05.22);01055;Ostholstein;WHGRM2;Räume;RAUM04;4 Räume;6,98;€/m²;WHG012;Durchschnittliche Nettokaltmiete;e
4000W;Wohnungen (Gebietsstand 15.05.2022);STAG;Stichtag;2022-05-15;GEOLK4;Landkreise u. krsfr. Städte (Stand 15.05.22);08316;Emmendingen;WHGRM2;Räume;RAUM04;4 Räume;7,19;€/m²;WHG012;Durchschnittliche Nettokaltmiete;e
4000W;Wohnungen (Gebietsstand 15.05.2022);STAG;Stichtag;2022-05-15;GEOLK4;Landkreise u. krsfr. Städte (Stand 15.05.22);09177;Erding;WHGRM2;Räume;RAUM04;4 Räume;8,82;€/m²;WHG012;Durchschnittliche Nettokaltmiete;e
4000W;Wohnungen (Gebietsstand 15.05.2022);STAG;Stichtag;2022-05-15;GEOLK4;Landkreise u. krsfr. Städte (Stand 15.05.22);08222;Mannheim, Stadtkreis;WHGRM2;Räume;RAUM07UM;7 und mehr Räume;7,70;€/m²;WHG012;Durchschnittliche Nettokaltmiete;e
4000W;Wohnungen (Gebietsstand 15.05.2022);STAG;Stichtag;2022-05-15;GEOLK4;Landkreise u. krsfr. Städte (Stand 15.05.22);06531;Gießen;WHGRM2;Räume;RAUM05;5 Räume;6,41;€/m²;WHG012;Durchschnittliche Nettokaltmiete;e
4000W;Wohnungen (Gebietsstand 15.05.2022);STAG;Stichtag;2022-05-15;GEOLK4;Landkreise u. krsfr. Städte (Stand 15.05.22);05358;Düren;WHGRM2;Räume;RAUM01;1 Raum;7,99;€/m²;WHG012;Durchschnittliche Nettokaltmiete;e
4000W;Wohnungen (Gebietsstand 15.05.2022);STAG;Stichtag;2022-05-15;GEOLK4;Landkreise u. krsfr. Städte (Stand 15.05.22);09763;Kempten (Allgäu);WHGRM2;Räume;RAUM06;6 Räume;7,24;€/m²;WHG012;Durchschnittliche Nettokaltmiete;e
4000W;Wohnungen (Gebietsstand 15.05.2022);STAG;Stichtag;2022-05-15;GEOLK4;Landkreise u. krsfr. Städte (Stand 15.05.22);03355;Lüneburg;WHGRM2;Räume;RAUM01;1 Raum;10,97;€/m²;WHG012;Durchschnittliche Nettokaltmiete;e
4000W;Wohnungen (Gebietsstand 15.05.2022);STAG;Stichtag;2022-05-15;GEOLK4;Landkreise u. krsfr. Städte (Stand 15.05.22);05954;Ennepe-Ruhr-Kreis;WHGRM2;Räume;RAUM07UM;7 und mehr Räume;5,74;€/m²;WHG012;Durchschnittliche Nettokaltmiete;e
4000W;Wohnungen (Gebietsstand 15.05.2022);STAG;Stichtag;2022-05-15;GEOLK4;Landkreise u. krsfr. Städte (Stand 15.05.22);06431;Bergstraße;WHGRM2;Räume;;Insgesamt;7,12;€/m²;WHG012;Durchschnittliche Nettokaltmiete;e
4000W;Wohnungen (Gebietsstand 15.05.2022);STAG;Stichtag;2022-05-15;GEOLK4;Landkreise u. krsfr. Städte (Stand 15.05.22);09186;Pfaffenhofen a.d.Ilm;WHGRM2;Räume;RAUM01;1 Raum;10,66;€/m²;WHG012;Durchschnittliche Nettokaltmiete;e
4000W;Wohnungen (Gebietsstand 15.05.2022);STAG;Stichtag;2022-05-15;GEOLK4;Landkreise u. krsfr. Städte (Stand 15.05.22);08237;Freudenstadt;WHGRM2;Räume;RAUM07UM;7 und mehr Räume;5,44;€/m²;WHG012;Durchschnittliche Nettokaltmiete;e
4000W;Wohnungen (Gebietsstand 15.05.2022);STAG;Stichtag;2022-05-15;GEOLK4;Landkreise u. krsfr. Städte (Stand 15.05.22);06434;Hochtaunuskreis;WHGRM2;Räume;RAUM04;4 Räume;8,73;€/m²;WHG012;Durchschnittliche Nettokaltmiete;e
4000W;Wohnungen (Gebietsstand 15.05.2022);STAG;Stichtag;2022-05-15;GEOLK4;Landkreise u. krsfr. Städte (Stand 15.05.22);05512;Bottrop, Stadt;WHGRM2;Räume;;Insgesamt;6,10;€/m²;WHG012;Durchschnittliche Nettokaltmiete;e
4000W;Wohnungen (Gebietsstand 15.05.2022);STAG;Stichtag;2022-05-15;GEOLK4;Landkreise u. krsfr. Städte (Stand 15.05.22);06436;Main-Taunus-Kreis;WHGRM2;Räume;RAUM07UM;7 und mehr Räume;9,75;€/m²;WHG012;Durchschnittliche Nettokaltmiete;e
4000W;Wohnungen (Gebietsstand 15.05.2022);STAG;Stichtag;2022-05-15;GEOLK4;Landkreise u. krsfr. Städte (Stand 15.05.22);03459;Osnabrück;WHGRM2;Räume;RAUM05;5 Räume;5,16;€/m²;WHG012;Durchschnittliche Nettokaltmiete;e
4000W;Wohnungen (Gebietsstand 15.05.2022);STAG;Stichtag;2022-05-15;GEOLK4;Landkreise u. krsfr. Städte (Stand 15.05.22);09273;Kelheim;WHGRM2;Räume;RAUM01;1 Raum;9,87;€/m²;WHG012;Durchschnittliche Nettokaltmiete;e
4000W;Wohnungen (Gebietsstand 15.05.2022);STAG;Stichtag;2022-05-15;GEOLK4;Landkreise u. krsfr. Städte (Stand 15.05.22);07141;Rhein-Lahn-Kreis;WHGRM2;Räume;;Insgesamt;5,56;€/m²;WHG012;Durchschnittliche Nettokaltmiete;e
4000W;Wohnungen (Gebietsstand 15.05.2022);STAG;Stichtag;2022-05-15;GEOLK4;Landkreise u. krsfr. Städte (Stand 15.05.22);05366;Euskirchen;WHGRM2;Räume;;Insgesamt;6,11;€/m²;WHG012;Durchschnittliche Nettokaltmiete;e
4000W;Wohnungen (Gebietsstand 15.05.2022);STAG;Stichtag;2022-05-15;GEOLK4;Landkreise u. krsfr. Städte (Stand 15.05.22);07340;Südwestpfalz;WHGRM2;Räume;RAUM05;5 Räume;4,77;€/m²;WHG012;Durchschnittliche Nettokaltmiete;e
4000W;Wohnungen (Gebietsstand 15.05.2022);STAG;Stichtag;2022-05-15;GEOLK4;Landkreise u. krsfr. Städte (Stand 15.05.22);09761;Augsburg, Kreisfreie Stadt;WHGRM2;Räume;RAUM02;2 Räume;8,85;€/m²;WHG012;Durchschnittliche Nettokaltmiete;e
4000W;Wohnungen (Gebietsstand 15.05.2022);STAG;Stichtag;2022-05-15;GEOLK4;Landkreise u. krsfr. Städte (Stand 15.05.22);06438;Offenbach;WHGRM2;Räume;RAUM03;3 Räume;8,47;€/m²;WHG012;Durchschnittliche Nettokaltmiete;e
4000W;Wohnungen (Gebietsstand 15.05.2022);STAG;Stichtag;2022-05-15;GEOLK4;Landkreise u. krsfr. Städte (Stand 15.05.22);06611;Kassel, documenta-Stadt;WHGRM2;Räume;RAUM07UM;7 und mehr Räume;6,32;€/m²;WHG012;Durchschnittliche Nettokaltmiete;e
4000W;Wohnungen (Gebietsstand 15.05.2022);STAG;Stichtag;2022-05-15;GEOLK4;Landkreise u. krsfr. Städte (Stand 15.05.22);09462;Bayreuth, Kreisfreie Stadt;WHGRM2;Räume;RAUM01;1 Raum;10,54;€/m²;WHG012;Durchschnittliche Nettokaltmiete;e
4000W;Wohnungen (Gebietsstand 15.05.2022);STAG;Stichtag;2022-05-15;GEOLK4;Landkreise u. krsfr. Städte (Stand 15.05.22);08337;Waldshut;WHGRM2;Räume;RAUM06;6 Räume;6,27;€/m²;WHG012;Durchschnittliche Nettokaltmiete;e
4000W;Wohnungen (Gebietsstand 15.05.2022);STAG;Stichtag;2022-05-15;GEOLK4;Landkreise u. krsfr. Städte (Stand 15.05.22);13003;Rostock;WHGRM2;Räume;RAUM07UM;7 und mehr Räume;6,89;€/m²;WHG012;Durchschnittliche Nettokaltmiete;e
4000W;Wohnungen (Gebietsstand 15.05.2022);STAG;Stichtag;2022-05-15;GEOLK4;Landkreise u. krsfr. Städte (Stand 15.05.22);12053;Frankfurt (Oder), Stadt;WHGRM2;Räume;RAUM02;2 Räume;5,54;€/m²;WHG012;Durchschnittliche Nettokaltmiete;e
4000W;Wohnungen (Gebietsstand 15.05.2022);STAG;Stichtag;2022-05-15;GEOLK4;Landkreise u. krsfr. Städte (Stand 15.05.22);09279;Dingolfing-Landau;WHGRM2;Räume;RAUM06;6 Räume;5,45;€/m²;WHG012;Durchschnittliche Nettokaltmiete;e
4000W;Wohnungen (Gebietsstand 15.05.2022);STAG;Stichtag;2022-05-15;GEOLK4;Landkreise u. krsfr. Städte (Stand 15.05.22);03101;Braunschweig, Stadt;WHGRM2;Räume;RAUM01;1 Raum;9,86;€/m²;WHG012;Durchschnittliche Nettokaltmiete;e
4000W;Wohnungen (Gebietsstand 15.05.2022);STAG;Stichtag;2022-05-15;GEOLK4;Landkreise u. krsfr. Städte (Stand 15.05.22);03360;Uelzen;WHGRM2;Räume;RAUM07UM;7 und mehr Räume;4,56;€/m²;WHG012;Durchschnittliche Nettokaltmiete;e
4000W;Wohnungen (Gebietsstand 15.05.2022);STAG;Stichtag;2022-05-15;GEOLK4;Landkreise u. krsfr. Städte (Stand 15.05.22);08425;Alb-Donau-Kreis;WHGRM2;Räume;RAUM07UM;7 und mehr Räume;5,90;€/m²;WHG012;Durchschnittliche Nettokaltmiete;e
4000W;Wohnungen (Gebietsstand 15.05.2022);STAG;Stichtag;2022-05-15;GEOLK4;Landkreise u. krsfr. Städte (Stand 15.05.22);16063;Wartburgkreis;WHGRM2;Räume;RAUM07UM;7 und mehr Räume;4,76;€/m²;WHG012;Durchschnittliche Nettokaltmiete;e
4000W;Wohnungen (Gebietsstand 15.05.2022);STAG;Stichtag;2022-05-15;GEOLK4;Landkreise u. krsfr. Städte (Stand 15.05.22);08437;Sigmaringen;WHGRM2;Räume;RAUM02;2 Räume;7,06;€/m²;WHG012;Durchschnittliche Nettokaltmiete;e
4000W;Wohnungen (Gebietsstand 15.05.2022);STAG;Stichtag;2022-05-15;GEOLK4;Landkreise u. krsfr. Städte (Stand 15.05.22);09676;Miltenberg;WHGRM2;Räume;RAUM04;4 Räume;5,90;€/m²;WHG012;Durchschnittliche Nettokaltmiete;e
4000W;Wohnungen (Gebietsstand 15.05.2022);STAG;Stichtag;2022-05-15;GEOLK4;Landkreise u. krsfr. Städte (Stand 15.05.22);15087;Mansfeld-Südharz;WHGRM2;Räume;RAUM04;4 Räume;4,94;€/m²;WHG012;Durchschnittliche Nettokaltmiete;e
4000W;Wohnungen (Gebietsstand 15.05.2022);STAG;Stichtag;2022-05-15;GEOLK4;Landkreise u. krsfr. Städte (Stand 15.05.22);06440;Wetteraukreis;WHGRM2;Räume;RAUM06;6 Räume;6,71;€/m²;WHG012;Durchschnittliche Nettokaltmiete;e
4000W;Wohnungen (Gebietsstand 15.05.2022);STAG;Stichtag;2022-05-15;GEOLK4;Landkreise u. krsfr. Städte (Stand 15.05.22);15081;Altmarkkreis Salzwedel;WHGRM2;Räume;RAUM03;3 Räume;4,88;€/m²;WHG012;Durchschnittliche Nettokaltmiete;e
4000W;Wohnungen (Gebietsstand 15.05.2022);STAG;Stichtag;2022-05-15;GEOLK4;Landkreise u. krsfr. Städte (Stand 15.05.22);15003;Magdeburg, Landeshauptstadt;WHGRM2;Räume;;Insgesamt;5,75;€/m²;WHG012;Durchschnittliche Nettokaltmiete;e
4000W;Wohnungen (Gebietsstand 15.05.2022);STAG;Stichtag;2022-05-15;GEOLK4;Landkreise u. krsfr. Städte (Stand 15.05.22);16063;Wartburgkreis;WHGRM2;Räume;RAUM04;4 Räume;5,26;€/m²;WHG012;Durchschnittliche Nettokaltmiete;e
4000W;Wohnungen (Gebietsstand 15.05.2022);STAG;Stichtag;2022-05-15;GEOLK4;Landkreise u. krsfr. Städte (Stand 15.05.22);09778;Unterallgäu;WHGRM2;Räume;RAUM03;3 Räume;6,94;€/m²;WHG012;Durchschnittliche Nettokaltmiete;e
4000W;Wohnungen (Gebietsstand 15.05.2022);STAG;Stichtag;2022-05-15;GEOLK4;Landkreise u. krsfr. Städte (Stand 15.05.22);05766;Lippe;WHGRM2;Räume;RAUM07UM;7 und mehr Räume;4,75;€/m²;WHG012;Durchschnittliche Nettokaltmiete;e
4000W;Wohnungen (Gebietsstand 15.05.2022);STAG;Stichtag;2022-05-15;GEOLK4;Landkreise u. krsfr. Städte (Stand 15.05.22);09679;Würzburg, Landkreis;WHGRM2;Räume;;Insgesamt;6,83;€/m²;WHG012;Durchschnittliche Nettokaltmiete;e
4000W;Wohnungen (Gebietsstand 15.05.2022);STAG;Stichtag;2022-05-15;GEOLK4;Landkreise u. krsfr. Städte (Stand 15.05.22);09171;Altötting;WHGRM2;Räume;;Insgesamt;6,36;€/m²;WHG012;Durchschnittliche Nettokaltmiete;e
4000W;Wohnungen (Gebietsstand 15.05.2022);STAG;Stichtag;2022-05-15;GEOLK4;Landkreise u. krsfr. Städte (Stand 15.05.22);07111;Koblenz, kreisfreie Stadt;WHGRM2;Räume;RAUM03;3 Räume;7,39;€/m²;WHG012;Durchschnittliche Nettokaltmiete;e
4000W;Wohnungen (Gebietsstand 15.05.2022);STAG;Stichtag;2022-05-15;GEOLK4;Landkreise u. krsfr. Städte (Stand 15.05.22);08117;Göppingen;WHGRM2;Räume;RAUM01;1 Raum;10,29;€/m²;WHG012;Durchschnittliche Nettokaltmiete;e
4000W;Wohnungen (Gebietsstand 15.05.2022);STAG;Stichtag;2022-05-15;GEOLK4;Landkreise u. krsfr. Städte (Stand 15.05.22);09362;Regensburg, Kreisfreie Stadt;WHGRM2;Räume;RAUM05;5 Räume;8,07;€/m²;WHG012;Durchschnittliche Nettokaltmiete;e
4000W;Wohnungen (Gebietsstand 15.05.2022);STAG;Stichtag;2022-05-15;GEOLK4;Landkreise u. krsfr. Städte (Stand 15.05.22);03404;Osnabrück, Stadt;WHGRM2;Räume;RAUM01;1 Raum;9,83;€/m²;WHG012;Durchschnittliche Nettokaltmiete;e
4000W;Wohnungen (Gebietsstand 15.05.2022);STAG;Stichtag;2022-05-15;GEOLK4;Landkreise u. krsfr. Städte (Stand 15.05.22);09674;Haßberge;WHGRM2;Räume;RAUM02;2 Räume;6,22;€/m²;WHG012;Durchschnittliche Nettokaltmiete;e
4000W;Wohnungen (Gebietsstand 15.05.2022);STAG;Stichtag;2022-05-15;GEOLK4;Landkreise u. krsfr. Städte (Stand 15.05.22);08136;Ostalbkreis;WHGRM2;Räume;RAUM01;1 Raum;11,31;€/m²;WHG012;Durchschnittliche Nettokaltmiete;e
4000W;Wohnungen (Gebietsstand 15.05.2022);STAG;Stichtag;2022-05-15;GEOLK4;Landkreise u. krsfr. Städte (Stand 15.05.22);15091;Wittenberg;WHGRM2;Räume;RAUM06;6 Räume;4,46;€/m²;WHG012;Durchschnittliche Nettokaltmiete;e
4000W;Wohnungen (Gebietsstand 15.05.2022);STAG;Stichtag;2022-05-15;GEOLK4;Landkreise u. krsfr. Städte (Stand 15.05.22);08116;Esslingen;WHGRM2;Räume;;Insgesamt;8,89;€/m²;WHG012;Durchschnittliche Nettokaltmiete;e
4000W;Wohnungen (Gebietsstand 15.05.2022);STAG;Stichtag;2022-05-15;GEOLK4;Landkreise u. krsfr. Städte (Stand 15.05.22);03255;Holzminden;WHGRM2;Räume;RAUM05;5 Räume;4,11;€/m²;WHG012;Durchschnittliche Nettokaltmiete;e
4000W;Wohnungen (Gebietsstand 15.05.2022);STAG;Stichtag;2022-05-15;GEOLK4;Landkreise u. krsfr. Städte (Stand 15.05.22);05562;Recklinghausen;WHGRM2;Räume;RAUM02;2 Räume;6,38;€/m²;WHG012;Durchschnittliche Nettokaltmiete;e
4000W;Wohnungen (Gebietsstand 15.05.2022);STAG;Stichtag;2022-05-15;GEOLK4;Landkreise u. krsfr. Städte (Stand 15.05.22);08127;Schwäbisch Hall;WHGRM2;Räume;RAUM04;4 Räume;6,31;€/m²;WHG012;Durchschnittliche Nettokaltmiete;e
4000W;Wohnungen (Gebietsstand 15.05.2022);STAG;Stichtag;2022-05-15;GEOLK4;Landkreise u. krsfr. Städte (Stand 15.05.22);16055;Weimar, Stadt;WHGRM2;Räume;RAUM02;2 Räume;6,55;€/m²;WHG012;Durchschnittliche Nettokaltmiete;e
4000W;Wohnungen (Gebietsstand 15.05.2022);STAG;Stichtag;2022-05-15;GEOLK4;Landkreise u. krsfr. Städte (Stand 15.05.22);14612;Dresden, Stadt;WHGRM2;Räume;RAUM02;2 Räume;7,25;€/m²;WHG012;Durchschnittliche Nettokaltmiete;e
4000W;Wohnungen (Gebietsstand 15.05.2022);STAG;Stichtag;2022-05-15;GEOLK4;Landkreise u. krsfr. Städte (Stand 15.05.22);07232;Eifelkreis Bitburg-Prüm;WHGRM2;Räume;RAUM01;1 Raum;7,39;€/m²;WHG012;Durchschnittliche Nettokaltmiete;e
4000W;Wohnungen (Gebietsstand 15.05.2022);STAG;Stichtag;2022-05-15;GEOLK4;Landkreise u. krsfr. Städte (Stand 15.05.22);09171;Altötting;WHGRM2;Räume;RAUM04;4 Räume;6,04;€/m²;WHG012;Durchschnittliche Nettokaltmiete;e
4000W;Wohnungen (Gebietsstand 15.05.2022);STAG;Stichtag;2022-05-15;GEOLK4;Landkreise u. krsfr. Städte (Stand 15.05.22);09182;Miesbach;WHGRM2;Räume;RAUM02;2 Räume;10,41;€/m²;WHG012;Durchschnittliche Nettokaltmiete;e
4000W;Wohnungen (Gebietsstand 15.05.2022);STAG;Stichtag;2022-05-15;GEOLK4;Landkreise u. krsfr. Städte (Stand 15.05.22);03358;Heidekreis;WHGRM2;Räume;;Insgesamt;5,82;€/m²;WHG012;Durchschnittliche Nettokaltmiete;e
4000W;Wohnungen (Gebietsstand 15.05.2022);STAG;Stichtag;2022-05-15;GEOLK4;Landkreise u. krsfr. Städte (Stand 15.05.22);16074;Saale-Holzland-Kreis;WHGRM2;Räume;RAUM02;2 Räume;5,51;€/m²;WHG012;Durchschnittliche Nettokaltmiete;e
4000W;Wohnungen (Gebietsstand 15.05.2022);STAG;Stichtag;2022-05-15;GEOLK4;Landkreise u. krsfr. Städte (Stand 15.05.22);09372;Cham;WHGRM2;Räume;RAUM07UM;7 und mehr Räume;4,29;€/m²;WHG012;Durchschnittliche Nettokaltmiete;e
4000W;Wohnungen (Gebietsstand 15.05.2022);STAG;Stichtag;2022-05-15;GEOLK4;Landkreise u. krsfr. Städte (Stand 15.05.22);03452;Aurich;WHGRM2;Räume;;Insgesamt;6,54;€/m²;WHG012;Durchschnittliche Nettokaltmiete;e
4000W;Wohnungen (Gebietsstand 15.05.2022);STAG;Stichtag;2022-05-15;GEOLK4;Landkreise u. krsfr. Städte (Stand 15.05.22);03257;Schaumburg;WHGRM2;Räume;;Insgesamt;5,63;€/m²;WHG012;Durchschnittliche Nettokaltmiete;e
4000W;Wohnungen (Gebietsstand 15.05.2022);STAG;Stichtag;2022-05-15;GEOLK4;Landkreise u. krsfr. Städte (Stand 15.05.22);16065;Kyffhäuserkreis;WHGRM2;Räume;RAUM06;6 Räume;4,44;€/m²;WHG012;Durchschnittliche Nettokaltmiete;e
4000W;Wohnungen (Gebietsstand 15.05.2022);STAG;Stichtag;2022-05-15;GEOLK4;Landkreise u. krsfr. Städte (Stand 15.05.22);03351;Celle;WHGRM2;Räume;RAUM02;2 Räume;7,01;€/m²;WHG012;Durchschnittliche Nettokaltmiete;e
4000W;Wohnungen (Gebietsstand 15.05.2022);STAG;Stichtag;2022-05-15;GEOLK4;Landkreise u. krsfr. Städte (Stand 15.05.22);03251;Diepholz;WHGRM2;Räume;RAUM04;4 Räume;5,96;€/m²;WHG012;Durchschnittliche Nettokaltmiete;e
4000W;Wohnungen (Gebietsstand 15.05.2022);STAG;Stichtag;2022-05-15;GEOLK4;Landkreise u. krsfr. Städte (Stand 15.05.22);08335;Konstanz;WHGRM2;Räume;RAUM04;4 Räume;7,91;€/m²;WHG012;Durchschnittliche Nettokaltmiete;e
4000W;Wohnungen (Gebietsstand 15.05.2022);STAG;Stichtag;2022-05-15;GEOLK4;Landkreise u. krsfr. Städte (Stand 15.05.22);10044;Saarlouis;WHGRM2;Räume;RAUM07UM;7 und mehr Räume;5,05;€/m²;WHG012;Durchschnittliche Nettokaltmiete;e
4000W;Wohnungen (Gebietsstand 15.05.2022);STAG;Stichtag;2022-05-15;GEOLK4;Landkreise u. krsfr. Städte (Stand 15.05.22);09478;Lichtenfels;WHGRM2;Räume;RAUM01;1 Raum;8,11;€/m²;WHG012;Durchschnittliche Nettokaltmiete;e
4000W;Wohnungen (Gebietsstand 15.05.2022);STAG;Stichtag;2022-05-15;GEOLK4;Landkreise u. krsfr. Städte (Stand 15.05.22);08111;Stuttgart, Stadtkreis;WHGRM2;Räume;RAUM07UM;7 und mehr Räume;10,20;€/m²;WHG012;Durchschnittliche Nettokaltmiete;e
4000W;Wohnungen (Gebietsstand 15.05.2022);STAG;Stichtag;2022-05-15;GEOLK4;Landkreise u. krsfr. Städte (Stand 15.05.22);07211;Trier, kreisfreie Stadt;WHGRM2;Räume;RAUM06;6 Räume;6,78;€/m²;WHG012;Durchschnittliche Nettokaltmiete;e
4000W;Wohnungen (Gebietsstand 15.05.2022);STAG;Stichtag;2022-05-15;GEOLK4;Landkreise u. krsfr. Städte (Stand 15.05.22);09263;Straubing;WHGRM2;Räume;RAUM06;6 Räume;6,16;€/m²;WHG012;Durchschnittliche Nettokaltmiete;e
4000W;Wohnungen (Gebietsstand 15.05.2022);STAG;Stichtag;2022-05-15;GEOLK4;Landkreise u. krsfr. Städte (Stand 15.05.22);09571;Ansbach, Landkreis;WHGRM2;Räume;RAUM04;4 Räume;5,68;€/m²;WHG012;Durchschnittliche Nettokaltmiete;e
4000W;Wohnungen (Gebietsstand 15.05.2022);STAG;Stichtag;2022-05-15;GEOLK4;Landkreise u. krsfr. Städte (Stand 15.05.22);05515;Münster, Stadt;WHGRM2;Räume;RAUM02;2 Räume;9,46;€/m²;WHG012;Durchschnittliche Nettokaltmiete;e
4000W;Wohnungen (Gebietsstand 15.05.2022);STAG;Stichtag;2022-05-15;GEOLK4;Landkreise u. krsfr. Städte (Stand 15.05.22);14730;Nordsachsen;WHGRM2;Räume;RAUM01;1 Raum;6,52;€/m²;WHG012;Durchschnittliche Nettokaltmiete;e
4000W;Wohnungen (Gebietsstand 15.05.2022);STAG;Stichtag;2022-05-15;GEOLK4;Landkreise u. krsfr. Städte (Stand 15.05.22);08236;Enzkreis;WHGRM2;Räume;RAUM04;4 Räume;6,78;€/m²;WHG012;Durchschnittliche Nettokaltmiete;e
4000W;Wohnungen (Gebietsstand 15.05.2022);STAG;Stichtag;2022-05-15;GEOLK4;Landkreise u. krsfr. Städte (Stand 15.05.22);09577;Weißenburg-Gunzenhausen;WHGRM2;Räume;RAUM07UM;7 und mehr Räume;4,85;€/m²;WHG012;Durchschnittliche Nettokaltmiete;e
4000W;Wohnungen (Gebietsstand 15.05.2022);STAG;Stichtag;2022-05-15;GEOLK4;Landkreise u. krsfr. Städte (Stand 15.05.22);16069;Hildburghausen;WHGRM2;Räume;RAUM04;4 Räume;4,87;€/m²;WHG012;Durchschnittliche Nettokaltmiete;e
4000W;Wohnungen (Gebietsstand 15.05.2022);STAG;Stichtag;2022-05-15;GEOLK4;Landkreise u. krsfr. Städte (Stand 15.05.22);05911;Bochum, Stadt;WHGRM2;Räume;RAUM05;5 Räume;5,92;€/m²;WHG012;Durchschnittliche Nettokaltmiete;e
4000W;Wohnungen (Gebietsstand 15.05.2022);STAG;Stichtag;2022-05-15;GEOLK4;Landkreise u. krsfr. Städte (Stand 15.05.22);09472;Bayreuth, Landkreis;WHGRM2;Räume;RAUM07UM;7 und mehr Räume;4,64;€/m²;WHG012;Durchschnittliche Nettokaltmiete;e
4000W;Wohnungen (Gebietsstand 15.05.2022);STAG;Stichtag;2022-05-15;GEOLK4;Landkreise u. krsfr. Städte (Stand 15.05.22);10042;Merzig-Wadern;WHGRM2;Räume;RAUM05;5 Räume;5,49;€/m²;WHG012;Durchschnittliche Nettokaltmiete;e
4000W;Wohnungen (Gebietsstand 15.05.2022);STAG;Stichtag;2022-05-15;GEOLK4;Landkreise u. krsfr. Städte (Stand 15.05.22);01057;Plön;WHGRM2;Räume;RAUM07UM;7 und mehr Räume;5,72;€/m²;WHG012;Durchschnittliche Nettokaltmiete;e
4000W;Wohnungen (Gebietsstand 15.05.2022);STAG;Stichtag;2022-05-15;GEOLK4;Landkreise u. krsfr. Städte (Stand 15.05.22);08311;Freiburg im Breisgau, Stadtkreis;WHGRM2;Räume;;Insgesamt;9,74;€/m²;WHG012;Durchschnittliche Nettokaltmiete;e
4000W;Wohnungen (Gebietsstand 15.05.2022);STAG;Stichtag;2022-05-15;GEOLK4;Landkreise u. krsfr. Städte (Stand 15.05.22);03361;Verden;WHGRM2;Räume;RAUM06;6 Räume;5,67;€/m²;WHG012;Durchschnittliche Nettokaltmiete;e
4000W;Wohnungen (Gebietsstand 15.05.2022);STAG;Stichtag;2022-05-15;GEOLK4;Landkreise u. krsfr. Städte (Stand 15.05.22);09171;Altötting;WHGRM2;Räume;RAUM03;3 Räume;6,41;€/m²;WHG012;Durchschnittliche Nettokaltmiete;e
4000W;Wohnungen (Gebietsstand 15.05.2022);STAG;Stichtag;2022-05-15;GEOLK4;Landkreise u. krsfr. Städte (Stand 15.05.22);03403;Oldenburg (Oldenburg), Stadt;WHGRM2;Räume;;Insgesamt;7,79;€/m²;WHG012;Durchschnittliche Nettokaltmiete;e
4000W;Wohnungen (Gebietsstand 15.05.2022);STAG;Stichtag;2022-05-15;GEOLK4;Landkreise u. krsfr. Städte (Stand 15.05.22);09178;Freising;WHGRM2;Räume;RAUM07UM;7 und mehr Räume;8,65;€/m²;WHG012;Durchschnittliche Nettokaltmiete;e
4000W;Wohnungen (Gebietsstand 15.05.2022);STAG;Stichtag;2022-05-15;GEOLK4;Landkreise u. krsfr. Städte (Stand 15.05.22);16074;Saale-Holzland-Kreis;WHGRM2;Räume;RAUM03;3 Räume;5,26;€/m²;WHG012;Durchschnittliche Nettokaltmiete;e
4000W;Wohnungen (Gebietsstand 15.05.2022);STAG;Stichtag;2022-05-15;GEOLK4;Landkreise u. krsfr. Städte (Stand 15.05.22);09175;Ebersberg;WHGRM2;Räume;RAUM01;1 Raum;12,67;€/m²;WHG012;Durchschnittliche Nettokaltmiete;e
4000W;Wohnungen (Gebietsstand 15.05.2022);STAG;Stichtag;2022-05-15;GEOLK4;Landkreise u. krsfr. Städte (Stand 15.05.22);09575;Neustadt a.d.Aisch-Bad Windsheim;WHGRM2;Räume;RAUM02;2 Räume;6,40;€/m²;WHG012;Durchschnittliche Nettokaltmiete;e
4000W;Wohnungen (Gebietsstand 15.05.2022);STAG;Stichtag;2022-05-15;GEOLK4;Landkreise u. krsfr. Städte (Stand 15.05.22);01053;Herzogtum Lauenburg;WHGRM2;Räume;RAUM01;1 Raum;8,42;€/m²;WHG012;Durchschnittliche Nettokaltmiete;e
4000W;Wohnungen (Gebietsstand 15.05.2022);STAG;Stichtag;2022-05-15;GEOLK4;Landkreise u. krsfr. Städte (Stand 15.05.22);01053;Herzogtum Lauenburg;WHGRM2;Räume;RAUM07UM;7 und mehr Räume;6,41;€/m²;WHG012;Durchschnittliche Nettokaltmiete;e
4000W;Wohnungen (Gebietsstand 15.05.2022);STAG;Stichtag;2022-05-15;GEOLK4;Landkreise u. krsfr. Städte (Stand 15.05.22);03452;Aurich;WHGRM2;Räume;RAUM05;5 Räume;5,61;€/m²;WHG012;Durchschnittliche Nettokaltmiete;e
4000W;Wohnungen (Gebietsstand 15.05.2022);STAG;Stichtag;2022-05-15;GEOLK4;Landkreise u. krsfr. Städte (Stand 15.05.22);10046;St. Wendel;WHGRM2;Räume;RAUM03;3 Räume;5,86;€/m²;WHG012;Durchschnittliche Nettokaltmiete;e
4000W;Wohnungen (Gebietsstand 15.05.2022);STAG;Stichtag;2022-05-15;GEOLK4;Landkreise u. krsfr. Städte (Stand 15.05.22);08327;Tuttlingen;WHGRM2;Räume;RAUM03;3 Räume;6,89;€/m²;WHG012;Durchschnittliche Nettokaltmiete;e
4000W;Wohnungen (Gebietsstand 15.05.2022);STAG;Stichtag;2022-05-15;GEOLK4;Landkreise u. krsfr. Städte (Stand 15.05.22);06411;Darmstadt, Wissenschaftsstadt;WHGRM2;Räume;RAUM03;3 Räume;9,21;€/m²;WHG012;Durchschnittliche Nettokaltmiete;e
4000W;Wohnungen (Gebietsstand 15.05.2022);STAG;Stichtag;2022-05-15;GEOLK4;Landkreise u. krsfr. Städte (Stand 15.05.22);03401;Delmenhorst, Stadt;WHGRM2;Räume;;Insgesamt;6,34;€/m²;WHG012;Durchschnittliche Nettokaltmiete;e
4000W;Wohnungen (Gebietsstand 15.05.2022);STAG;Stichtag;2022-05-15;GEOLK4;Landkreise u. krsfr. Städte (Stand 15.05.22);05314;Bonn, Stadt;WHGRM2;Räume;RAUM05;5 Räume;8,18;€/m²;WHG012;Durchschnittliche Nettokaltmiete;e
4000W;Wohnungen (Gebietsstand 15.05.2022);STAG;Stichtag;2022-05-15;GEOLK4;Landkreise u. krsfr. Städte (Stand 15.05.22);05954;Ennepe-Ruhr-Kreis;WHGRM2;Räume;RAUM02;2 Räume;6,26;€/m²;WHG012;Durchschnittliche Nettokaltmiete;e
4000W;Wohnungen (Gebietsstand 15.05.2022);STAG;Stichtag;2022-05-15;GEOLK4;Landkreise u. krsfr. Städte (Stand 15.05.22);07336;Kusel;WHGRM2;Räume;RAUM06;6 Räume;5,71;€/m²;WHG012;Durchschnittliche Nettokaltmiete;e
4000W;Wohnungen (Gebietsstand 15.05.2022);STAG;Stichtag;2022-05-15;GEOLK4;Landkreise u. krsfr. Städte (Stand 15.05.22);01004;Neumünster, Stadt;WHGRM2;Räume;RAUM02;2 Räume;6,91;€/m²;WHG012;Durchschnittliche Nettokaltmiete;e
4000W;Wohnungen (Gebietsstand 15.05.2022);STAG;Stichtag;2022-05-15;GEOLK4;Landkreise u. krsfr. Städte (Stand 15.05.22);12073;Uckermark;WHGRM2;Räume;RAUM02;2 Räume;5,71;€/m²;WHG012;Durchschnittliche Nettokaltmiete;e
4000W;Wohnungen (Gebietsstand 15.05.2022);STAG;Stichtag;2022-05-15;GEOLK4;Landkreise u. krsfr. Städte (Stand 15.05.22);07140;Rhein-Hunsrück-Kreis;WHGRM2;Räume;RAUM06;6 Räume;4,63;€/m²;WHG012;Durchschnittliche Nettokaltmiete;e
4000W;Wohnungen (Gebietsstand 15.05.2022);STAG;Stichtag;2022-05-15;GEOLK4;Landkreise u. krsfr. Städte (Stand 15.05.22);15087;Mansfeld-Südharz;WHGRM2;Räume;RAUM03;3 Räume;5,13;€/m²;WHG012;Durchschnittliche Nettokaltmiete;e
4000W;Wohnungen (Gebietsstand 15.05.2022);STAG;Stichtag;2022-05-15;GEOLK4;Landkreise u. krsfr. Städte (Stand 15.05.22);03456;Grafschaft Bentheim;WHGRM2;Räume;RAUM03;3 Räume;6,35;€/m²;WHG012;Durchschnittliche Nettokaltmiete;e
4000W;Wohnungen (Gebietsstand 15.05.2022);STAG;Stichtag;2022-05-15;GEOLK4;Landkreise u. krsfr. Städte (Stand 15.05.22);05958;Hochsauerlandkreis;WHGRM2;Räume;;Insgesamt;5,17;€/m²;WHG012;Durchschnittliche Nettokaltmiete;e
4000W;Wohnungen (Gebietsstand 15.05.2022);STAG;Stichtag;2022-05-15;GEOLK4;Landkreise u. krsfr. Städte (Stand 15.05.22);08111;Stuttgart, Stadtkreis;WHGRM2;Räume;RAUM04;4 Räume;9,74;€/m²;WHG012;Durchschnittliche Nettokaltmiete;e
4000W;Wohnungen (Gebietsstand 15.05.2022);STAG;Stichtag;2022-05-15;GEOLK4;Landkreise u. krsfr. Städte (Stand 15.05.22);13076;Ludwigslust-Parchim;WHGRM2;Räume;RAUM06;6 Räume;4,79;€/m²;WHG012;Durchschnittliche Nettokaltmiete;e
4000W;Wohnungen (Gebietsstand 15.05.2022);STAG;Stichtag;2022-05-15;GEOLK4;Landkreise u. krsfr. Städte (Stand 15.05.22);07133;Bad Kreuznach;WHGRM2;Räume;;Insgesamt;6,10;€/m²;WHG012;Durchschnittliche Nettokaltmiete;e
4000W;Wohnungen (Gebietsstand 15.05.2022);STAG;Stichtag;2022-05-15;GEOLK4;Landkreise u. krsfr. Städte (Stand 15.05.22);08437;Sigmaringen;WHGRM2;Räume;RAUM01;1 Raum;8,94;€/m²;WHG012;Durchschnittliche Nettokaltmiete;e
4000W;Wohnungen (Gebietsstand 15.05.2022);STAG;Stichtag;2022-05-15;GEOLK4;Landkreise u. krsfr. Städte (Stand 15.05.22);16068;Sömmerda;WHGRM2;Räume;RAUM01;1 Raum;6,19;€/m²;WHG012;Durchschnittliche Nettokaltmiete;e
4000W;Wohnungen (Gebietsstand 15.05.2022);STAG;Stichtag;2022-05-15;GEOLK4;Landkreise u. krsfr. Städte (Stand 15.05.22);09361;Amberg;WHGRM2;Räume;;Insgesamt;6,36;€/m²;WHG012;Durchschnittliche Nettokaltmiete;e
4000W;Wohnungen (Gebietsstand 15.05.2022);STAG;Stichtag;2022-05-15;GEOLK4;Landkreise u. krsfr. Städte (Stand 15.05.22);06532;Lahn-Dill-Kreis;WHGRM2;Räume;RAUM05;5 Räume;5,75;€/m²;WHG012;Durchschnittliche Nettokaltmiete;e
4000W;Wohnungen (Gebietsstand 15.05.2022);STAG;Stichtag;2022-05-15;GEOLK4;Landkreise u. krsfr. Städte (Stand 15.05.22);07316;Neustadt an der Weinstraße, kreisfreie Stadt;WHGRM2;Räume;RAUM07UM;7 und mehr Räume;6,35;€/m²;WHG012;Durchschnittliche Nettokaltmiete;e
4000W;Wohnungen (Gebietsstand 15.05.2022);STAG;Stichtag;2022-05-15;GEOLK4;Landkreise u. krsfr. Städte (Stand 15.05.22);09662;Schweinfurt, Kreisfreie Stadt;WHGRM2;Räume;RAUM03;3 Räume;6,14;€/m²;WHG012;Durchschnittliche Nettokaltmiete;e
4000W;Wohnungen (Gebietsstand 15.05.2022);STAG;Stichtag;2022-05-15;GEOLK4;Landkreise u. krsfr. Städte (Stand 15.05.22);07316;Neustadt an der Weinstraße, kreisfreie Stadt;WHGRM2;Räume;RAUM06;6 Räume;6,74;€/m²;WHG012;Durchschnittliche Nettokaltmiete;e
4000W;Wohnungen (Gebietsstand 15.05.2022);STAG;Stichtag;2022-05-15;GEOLK4;Landkreise u. krsfr. Städte (Stand 15.05.22);03402;Emden, Stadt;WHGRM2;Räume;RAUM03;3 Räume;6,20;€/m²;WHG012;Durchschnittliche Nettokaltmiete;e
4000W;Wohnungen (Gebietsstand 15.05.2022);STAG;Stichtag;2022-05-15;GEOLK4;Landkreise u. krsfr. Städte (Stand 15.05.22);09180;Garmisch-Partenkirchen;WHGRM2;Räume;;Insgesamt;8,89;€/m²;WHG012;Durchschnittliche Nettokaltmiete;e
4000W;Wohnungen (Gebietsstand 15.05.2022);STAG;Stichtag;2022-05-15;GEOLK4;Landkreise u. krsfr. Städte (Stand 15.05.22);03354;Lüchow-Dannenberg;WHGRM2;Räume;RAUM01;1 Raum;6,34;€/m²;WHG012;Durchschnittliche Nettokaltmiete;e
4000W;Wohnungen (Gebietsstand 15.05.2022);STAG;Stichtag;2022-05-15;GEOLK4;Landkreise u. krsfr. Städte (Stand 15.05.22);14729;Leipzig;WHGRM2;Räume;RAUM01;1 Raum;6,72;€/m²;WHG012;Durchschnittliche Nettokaltmiete;e
4000W;Wohnungen (Gebietsstand 15.05.2022);STAG;Stichtag;2022-05-15;GEOLK4;Landkreise u. krsfr. Städte (Stand 15.05.22);09764;Memmingen;WHGRM2;Räume;;Insgesamt;6,51;€/m²;WHG012;Durchschnittliche Nettokaltmiete;e
4000W;Wohnungen (Gebietsstand 15.05.2022);STAG;Stichtag;2022-05-15;GEOLK4;Landkreise u. krsfr. Städte (Stand 15.05.22);12060;Barnim;WHGRM2;Räume;RAUM04;4 Räume;6,20;€/m²;WHG012;Durchschnittliche Nettokaltmiete;e
4000W;Wohnungen (Gebietsstand 15.05.2022);STAG;Stichtag;2022-05-15;GEOLK4;Landkreise u. krsfr. Städte (Stand 15.05.22);12065;Oberhavel;WHGRM2;Räume;;Insgesamt;6,51;€/m²;WHG012;Durchschnittliche Nettokaltmiete;e
4000W;Wohnungen (Gebietsstand 15.05.2022);STAG;Stichtag;2022-05-15;GEOLK4;Landkreise u. krsfr. Städte (Stand 15.05.22);06635;Waldeck-Frankenberg;WHGRM2;Räume;RAUM07UM;7 und mehr Räume;4,20;€/m²;WHG012;Durchschnittliche Nettokaltmiete;e
4000W;Wohnungen (Gebietsstand 15.05.2022);STAG;Stichtag;2022-05-15;GEOLK4;Landkreise u. krsfr. Städte (Stand 15.05.22);09772;Augsburg, Landkreis;WHGRM2;Räume;RAUM02;2 Räume;8,44;€/m²;WHG012;Durchschnittliche Nettokaltmiete;e
4000W;Wohnungen (Gebietsstand 15.05.2022);STAG;Stichtag;2022-05-15;GEOLK4;Landkreise u. krsfr. Städte (Stand 15.05.22);08125;Heilbronn, Landkreis;WHGRM2;Räume;RAUM06;6 Räume;6,67;€/m²;WHG012;Durchschnittliche Nettokaltmiete;e
4000W;Wohnungen (Gebietsstand 15.05.2022);STAG;Stichtag;2022-05-15;GEOLK4;Landkreise u. krsfr. Städte (Stand 15.05.22);07317;Pirmasens, kreisfreie Stadt;WHGRM2;Räume;RAUM06;6 Räume;4,30;€/m²;WHG012;Durchschnittliche Nettokaltmiete;e
4000W;Wohnungen (Gebietsstand 15.05.2022);STAG;Stichtag;2022-05-15;GEOLK4;Landkreise u. krsfr. Städte (Stand 15.05.22);05554;Borken;WHGRM2;Räume;RAUM02;2 Räume;6,86;€/m²;WHG012;Durchschnittliche Nettokaltmiete;e
4000W;Wohnungen (Gebietsstand 15.05.2022);STAG;Stichtag;2022-05-15;GEOLK4;Landkreise u. krsfr. Städte (Stand 15.05.22);08119;Rems-Murr-Kreis;WHGRM2;Räume;RAUM04;4 Räume;7,80;€/m²;WHG012;Durchschnittliche Nettokaltmiete;e
4000W;Wohnungen (Gebietsstand 15.05.2022);STAG;Stichtag;2022-05-15;GEOLK4;Landkreise u. krsfr. Städte (Stand 15.05.22);03157;Peine;WHGRM2;Räume;RAUM05;5 Räume;5,63;€/m²;WHG012;Durchschnittliche Nettokaltmiete;e
4000W;Wohnungen (Gebietsstand 15.05.2022);STAG;Stichtag;2022-05-15;GEOLK4;Landkreise u. krsfr. Städte (Stand 15.05.22);14524;Zwickau;WHGRM2;Räume;RAUM05;5 Räume;4,85;€/m²;WHG012;Durchschnittliche Nettokaltmiete;e
4000W;Wohnungen (Gebietsstand 15.05.2022);STAG;Stichtag;2022-05-15;GEOLK4;Landkreise u. krsfr. Städte (Stand 15.05.22);12064;Märkisch-Oderland;WHGRM2;Räume;RAUM02;2 Räume;7,07;€/m²;WHG012;Durchschnittliche Nettokaltmiete;e
4000W;Wohnungen (Gebietsstand 15.05.2022);STAG;Stichtag;2022-05-15;GEOLK4;Landkreise u. krsfr. Städte (Stand 15.05.22);09374;Neustadt a.d.Waldnaab;WHGRM2;Räume;RAUM04;4 Räume;4,81;€/m²;WHG012;Durchschnittliche Nettokaltmiete;e
4000W;Wohnungen (Gebietsstand 15.05.2022);STAG;Stichtag;2022-05-15;GEOLK4;Landkreise u. krsfr. Städte (Stand 15.05.22);09461;Bamberg, Kreisfreie Stadt;WHGRM2;Räume;RAUM05;5 Räume;7,16;€/m²;WHG012;Durchschnittliche Nettokaltmiete;e
4000W;Wohnungen (Gebietsstand 15.05.2022);STAG;Stichtag;2022-05-15;GEOLK4;Landkreise u. krsfr. Städte (Stand 15.05.22);06432;Darmstadt-Dieburg;WHGRM2;Räume;;Insgesamt;7,96;€/m²;WHG012;Durchschnittliche Nettokaltmiete;e
4000W;Wohnungen (Gebietsstand 15.05.2022);STAG;Stichtag;2022-05-15;GEOLK4;Landkreise u. krsfr. Städte (Stand 15.05.22);05154;Kleve;WHGRM2;Räume;RAUM01;1 Raum;8,45;€/m²;WHG012;Durchschnittliche Nettokaltmiete;e
4000W;Wohnungen (Gebietsstand 15.05.2022);STAG;Stichtag;2022-05-15;GEOLK4;Landkreise u. krsfr. Städte (Stand 15.05.22);09774;Günzburg;WHGRM2;Räume;RAUM05;5 Räume;5,96;€/m²;WHG012;Durchschnittliche Nettokaltmiete;e
4000W;Wohnungen (Gebietsstand 15.05.2022);STAG;Stichtag;2022-05-15;GEOLK4;Landkreise u. krsfr. Städte (Stand 15.05.22);08416;Tübingen;WHGRM2;Räume;;Insgesamt;9,20;€/m²;WHG012;Durchschnittliche Nettokaltmiete;e
4000W;Wohnungen (Gebietsstand 15.05.2022);STAG;Stichtag;2022-05-15;GEOLK4;Landkreise u. krsfr. Städte (Stand 15.05.22);07313;Landau in der Pfalz, kreisfreie Stadt;WHGRM2;Räume;;Insgesamt;7,80;€/m²;WHG012;Durchschnittliche Nettokaltmiete;e
4000W;Wohnungen (Gebietsstand 15.05.2022);STAG;Stichtag;2022-05-15;GEOLK4;Landkreise u. krsfr. Städte (Stand 15.05.22);16054;Suhl, Stadt;WHGRM2;Räume;;Insgesamt;5,29;€/m²;WHG012;Durchschnittliche Nettokaltmiete;e
4000W;Wohnungen (Gebietsstand 15.05.2022);STAG;Stichtag;2022-05-15;GEOLK4;Landkreise u. krsfr. Städte (Stand 15.05.22);03103;Wolfsburg, Stadt;WHGRM2;Räume;RAUM05;5 Räume;7,09;€/m²;WHG012;Durchschnittliche Nettokaltmiete;e
4000W;Wohnungen (Gebietsstand 15.05.2022);STAG;Stichtag;2022-05-15;GEOLK4;Landkreise u. krsfr. Städte (Stand 15.05.22);03461;Wesermarsch;WHGRM2;Räume;RAUM01;1 Raum;6,35;€/m²;WHG012;Durchschnittliche Nettokaltmiete;e
4000W;Wohnungen (Gebietsstand 15.05.2022);STAG;Stichtag;2022-05-15;GEOLK4;Landkreise u. krsfr. Städte (Stand 15.05.22);07311;Frankenthal (Pfalz), kreisfreie Stadt;WHGRM2;Räume;RAUM07UM;7 und mehr Räume;6,43;€/m²;WHG012;Durchschnittliche Nettokaltmiete;e
4000W;Wohnungen (Gebietsstand 15.05.2022);STAG;Stichtag;2022-05-15;GEOLK4;Landkreise u. krsfr. Städte (Stand 15.05.22);12068;Ostprignitz-Ruppin;WHGRM2;Räume;RAUM04;4 Räume;5,15;€/m²;WHG012;Durchschnittliche Nettokaltmiete;e
4000W;Wohnungen (Gebietsstand 15.05.2022);STAG;Stichtag;2022-05-15;GEOLK4;Landkreise u. krsfr. Städte (Stand 15.05.22);08221;Heidelberg, Stadtkreis;WHGRM2;Räume;RAUM03;3 Räume;9,23;€/m²;WHG012;Durchschnittliche Nettokaltmiete;e
4000W;Wohnungen (Gebietsstand 15.05.2022);STAG;Stichtag;2022-05-15;GEOLK4;Landkreise u. krsfr. Städte (Stand 15.05.22);16051;Erfurt, Stadt;WHGRM2;Räume;RAUM05;5 Räume;6,73;€/m²;WHG012;Durchschnittliche Nettokaltmiete;e
4000W;Wohnungen (Gebietsstand 15.05.2022);STAG;Stichtag;2022-05-15;GEOLK4;Landkreise u. krsfr. Städte (Stand 15.05.22);08235;Calw;WHGRM2;Räume;;Insgesamt;6,98;€/m²;WHG012;Durchschnittliche Nettokaltmiete;e
4000W;Wohnungen (Gebietsstand 15.05.2022);STAG;Stichtag;2022-05-15;GEOLK4;Landkreise u. krsfr. Städte (Stand 15.05.22);14523;Vogtlandkreis;WHGRM2;Räume;RAUM06;6 Räume;4,19;€/m²;WHG012;Durchschnittliche Nettokaltmiete;e
4000W;Wohnungen (Gebietsstand 15.05.2022);STAG;Stichtag;2022-05-15;GEOLK4;Landkreise u. krsfr. Städte (Stand 15.05.22);15083;Börde;WHGRM2;Räume;RAUM06;6 Räume;4,64;€/m²;WHG012;Durchschnittliche Nettokaltmiete;e
4000W;Wohnungen (Gebietsstand 15.05.2022);STAG;Stichtag;2022-05-15;GEOLK4;Landkreise u. krsfr. Städte (Stand 15.05.22);05334;Städteregion Aachen;WHGRM2;Räume;RAUM04;4 Räume;6,53;€/m²;WHG012;Durchschnittliche Nettokaltmiete;e
4000W;Wohnungen (Gebietsstand 15.05.2022);STAG;Stichtag;2022-05-15;GEOLK4;Landkreise u. krsfr. Städte (Stand 15.05.22);13074;Nordwestmecklenburg;WHGRM2;Räume;RAUM03;3 Räume;5,79;€/m²;WHG012;Durchschnittliche Nettokaltmiete;e
4000W;Wohnungen (Gebietsstand 15.05.2022);STAG;Stichtag;2022-05-15;GEOLK4;Landkreise u. krsfr. Städte (Stand 15.05.22);07311;Frankenthal (Pfalz), kreisfreie Stadt;WHGRM2;Räume;RAUM01;1 Raum;8,38;€/m²;WHG012;Durchschnittliche Nettokaltmiete;e
4000W;Wohnungen (Gebietsstand 15.05.2022);STAG;Stichtag;2022-05-15;GEOLK4;Landkreise u. krsfr. Städte (Stand 15.05.22);16070;Ilm-Kreis;WHGRM2;Räume;RAUM05;5 Räume;5,30;€/m²;WHG012;Durchschnittliche Nettokaltmiete;e
4000W;Wohnungen (Gebietsstand 15.05.2022);STAG;Stichtag;2022-05-15;GEOLK4;Landkreise u. krsfr. Städte (Stand 15.05.22);07143;Westerwaldkreis;WHGRM2;Räume;RAUM05;5 Räume;5,11;€/m²;WHG012;Durchschnittliche Nettokaltmiete;e
4000W;Wohnungen (Gebietsstand 15.05.2022);STAG;Stichtag;2022-05-15;GEOLK4;Landkreise u. krsfr. Städte (Stand 15.05.22);10045;Saarpfalz-Kreis;WHGRM2;Räume;RAUM03;3 Räume;6,38;€/m²;WHG012;Durchschnittliche Nettokaltmiete;e
4000W;Wohnungen (Gebietsstand 15.05.2022);STAG;Stichtag;2022-05-15;GEOLK4;Landkreise u. krsfr. Städte (Stand 15.05.22);09272;Freyung-Grafenau;WHGRM2;Räume;RAUM06;6 Räume;4,13;€/m²;WHG012;Durchschnittliche Nettokaltmiete;e
4000W;Wohnungen (Gebietsstand 15.05.2022);STAG;Stichtag;2022-05-15;GEOLK4;Landkreise u. krsfr. Städte (Stand 15.05.22);12063;Havelland;WHGRM2;Räume;;Insgesamt;6,49;€/m²;WHG012;Durchschnittliche Nettokaltmiete;e
4000W;Wohnungen (Gebietsstand 15.05.2022);STAG;Stichtag;2022-05-15;GEOLK4;Landkreise u. krsfr. Städte (Stand 15.05.22);09276;Regen;WHGRM2;Räume;;Insgesamt;4,97;€/m²;WHG012;Durchschnittliche Nettokaltmiete;e
4000W;Wohnungen (Gebietsstand 15.05.2022);STAG;Stichtag;2022-05-15;GEOLK4;Landkreise u. krsfr. Städte (Stand 15.05.22);06432;Darmstadt-Dieburg;WHGRM2;Räume;RAUM06;6 Räume;7,30;€/m²;WHG012;Durchschnittliche Nettokaltmiete;e
4000W;Wohnungen (Gebietsstand 15.05.2022);STAG;Stichtag;2022-05-15;GEOLK4;Landkreise u. krsfr. Städte (Stand 15.05.22);14625;Bautzen;WHGRM2;Räume;RAUM04;4 Räume;5,02;€/m²;WHG012;Durchschnittliche Nettokaltmiete;e
4000W;Wohnungen (Gebietsstand 15.05.2022);STAG;Stichtag;2022-05-15;GEOLK4;Landkreise u. krsfr. Städte (Stand 15.05.22);15088;Saalekreis;WHGRM2;Räume;;Insgesamt;5,36;€/m²;WHG012;Durchschnittliche Nettokaltmiete;e
4000W;Wohnungen (Gebietsstand 15.05.2022);STAG;Stichtag;2022-05-15;GEOLK4;Landkreise u. krsfr. Städte (Stand 15.05.22);03352;Cuxhaven;WHGRM2;Räume;RAUM06;6 Räume;5,11;€/m²;WHG012;Durchschnittliche Nettokaltmiete;e
4000W;Wohnungen (Gebietsstand 15.05.2022);STAG;Stichtag;2022-05-15;GEOLK4;Landkreise u. krsfr. Städte (Stand 15.05.22);09262;Passau, Kreisfreie Stadt;WHGRM2;Räume;RAUM02;2 Räume;8,35;€/m²;WHG012;Durchschnittliche Nettokaltmiete;e
4000W;Wohnungen (Gebietsstand 15.05.2022);STAG;Stichtag;2022-05-15;GEOLK4;Landkreise u. krsfr. Städte (Stand 15.05.22);03153;Goslar;WHGRM2;Räume;RAUM03;3 Räume;5,65;€/m²;WHG012;Durchschnittliche Nettokaltmiete;e
4000W;Wohnungen (Gebietsstand 15.05.2022);STAG;Stichtag;2022-05-15;GEOLK4;Landkreise u. krsfr. Städte (Stand 15.05.22);07315;Mainz, kreisfreie Stadt;WHGRM2;Räume;RAUM03;3 Räume;9,29;€/m²;WHG012;Durchschnittliche Nettokaltmiete;e
4000W;Wohnungen (Gebietsstand 15.05.2022);STAG;Stichtag;2022-05-15;GEOLK4;Landkreise u. krsfr. Städte (Stand 15.05.22);03101;Braunschweig, Stadt;WHGRM2;Räume;;Insgesamt;7,27;€/m²;WHG012;Durchschnittliche Nettokaltmiete;e
4000W;Wohnungen (Gebietsstand 15.05.2022);STAG;Stichtag;2022-05-15;GEOLK4;Landkreise u. krsfr. Städte (Stand 15.05.22);06434;Hochtaunuskreis;WHGRM2;Räume;;Insgesamt;9,23;€/m²;WHG012;Durchschnittliche Nettokaltmiete;e
4000W;Wohnungen (Gebietsstand 15.05.2022);STAG;Stichtag;2022-05-15;GEOLK4;Landkreise u. krsfr. Städte (Stand 15.05.22);07337;Südliche Weinstraße;WHGRM2;Räume;RAUM05;5 Räume;6,13;€/m²;WHG012;Durchschnittliche Nettokaltmiete;e
4000W;Wohnungen (Gebietsstand 15.05.2022);STAG;Stichtag;2022-05-15;GEOLK4;Landkreise u. krsfr. Städte (Stand 15.05.22);05762;Höxter;WHGRM2;Räume;RAUM01;1 Raum;6,01;€/m²;WHG012;Durchschnittliche Nettokaltmiete;e
4000W;Wohnungen (Gebietsstand 15.05.2022);STAG;Stichtag;2022-05-15;GEOLK4;Landkreise u. krsfr. Städte (Stand 15.05.22);15001;Dessau-Roßlau, Stadt;WHGRM2;Räume;RAUM07UM;7 und mehr Räume;5,04;€/m²;WHG012;Durchschnittliche Nettokaltmiete;e
4000W;Wohnungen (Gebietsstand 15.05.2022);STAG;Stichtag;2022-05-15;GEOLK4;Landkreise u. krsfr. Städte (Stand 15.05.22);09479;Wunsiedel i.Fichtelgebirge;WHGRM2;Räume;RAUM05;5 Räume;4,26;€/m²;WHG012;Durchschnittliche Nettokaltmiete;e
4000W;Wohnungen (Gebietsstand 15.05.2022);STAG;Stichtag;2022-05-15;GEOLK4;Landkreise u. krsfr. Städte (Stand 15.05.22);09173;Bad Tölz-Wolfratshausen;WHGRM2;Räume;RAUM07UM;7 und mehr Räume;9,20;€/m²;WHG012;Durchschnittliche Nettokaltmiete;e
4000W;Wohnungen (Gebietsstand 15.05.2022);STAG;Stichtag;2022-05-15;GEOLK4;Landkreise u. krsfr. Städte (Stand 15.05.22);05974;Soest;WHGRM2;Räume;RAUM02;2 Räume;6,40;€/m²;WHG012;Durchschnittliche Nettokaltmiete;e
4000W;Wohnungen (Gebietsstand 15.05.2022);STAG;Stichtag;2022-05-15;GEOLK4;Landkreise u. krsfr. Städte (Stand 15.05.22);16052;Gera, Stadt;WHGRM2;Räume;;Insgesamt;5,13;€/m²;WHG012;Durchschnittliche Nettokaltmiete;e
4000W;Wohnungen (Gebietsstand 15.05.2022);STAG;Stichtag;2022-05-15;GEOLK4;Landkreise u. krsfr. Städte (Stand 15.05.22);05116;Mönchengladbach, Stadt;WHGRM2;Räume;RAUM01;1 Raum;7,39;€/m²;WHG012;Durchschnittliche Nettokaltmiete;e
4000W;Wohnungen (Gebietsstand 15.05.2022);STAG;Stichtag;2022-05-15;GEOLK4;Landkreise u. krsfr. Städte (Stand 15.05.22);08215;Karlsruhe, Landkreis;WHGRM2;Räume;RAUM01;1 Raum;9,39;€/m²;WHG012;Durchschnittliche Nettokaltmiete;e
4000W;Wohnungen (Gebietsstand 15.05.2022);STAG;Stichtag;2022-05-15;GEOLK4;Landkreise u. krsfr. Städte (Stand 15.05.22);09373;Neumarkt i.d.OPf.;WHGRM2;Räume;RAUM05;5 Räume;6,12;€/m²;WHG012;Durchschnittliche Nettokaltmiete;e
4000W;Wohnungen (Gebietsstand 15.05.2022);STAG;Stichtag;2022-05-15;GEOLK4;Landkreise u. krsfr. Städte (Stand 15.05.22);07138;Neuwied;WHGRM2;Räume;RAUM02;2 Räume;6,74;€/m²;WHG012;Durchschnittliche Nettokaltmiete;e
4000W;Wohnungen (Gebietsstand 15.05.2022);STAG;Stichtag;2022-05-15;GEOLK4;Landkreise u. krsfr. Städte (Stand 15.05.22);07231;Bernkastel-Wittlich;WHGRM2;Räume;RAUM05;5 Räume;5,40;€/m²;WHG012;Durchschnittliche Nettokaltmiete;e
4000W;Wohnungen (Gebietsstand 15.05.2022);STAG;Stichtag;2022-05-15;GEOLK4;Landkreise u. krsfr. Städte (Stand 15.05.22);01060;Segeberg;WHGRM2;Räume;RAUM03;3 Räume;7,95;€/m²;WHG012;Durchschnittliche Nettokaltmiete;e
4000W;Wohnungen (Gebietsstand 15.05.2022);STAG;Stichtag;2022-05-15;GEOLK4;Landkreise u. krsfr. Städte (Stand 15.05.22);16075;Saale-Orla-Kreis;WHGRM2;Räume;RAUM02;2 Räume;5,54;€/m²;WHG012;Durchschnittliche Nettokaltmiete;e
4000W;Wohnungen (Gebietsstand 15.05.2022);STAG;Stichtag;2022-05-15;GEOLK4;Landkreise u. krsfr. Städte (Stand 15.05.22);05314;Bonn, Stadt;WHGRM2;Räume;RAUM07UM;7 und mehr Räume;8,93;€/m²;WHG012;Durchschnittliche Nettokaltmiete;e
4000W;Wohnungen (Gebietsstand 15.05.2022);STAG;Stichtag;2022-05-15;GEOLK4;Landkreise u. krsfr. Städte (Stand 15.05.22);05970;Siegen-Wittgenstein;WHGRM2;Räume;;Insgesamt;6,25;€/m²;WHG012;Durchschnittliche Nettokaltmiete;e
4000W;Wohnungen (Gebietsstand 15.05.2022);STAG;Stichtag;2022-05-15;GEOLK4;Landkreise u. krsfr. Städte (Stand 15.05.22);06634;Schwalm-Eder-Kreis;WHGRM2;Räume;RAUM03;3 Räume;5,38;€/m²;WHG012;Durchschnittliche Nettokaltmiete;e
4000W;Wohnungen (Gebietsstand 15.05.2022);STAG;Stichtag;2022-05-15;GEOLK4;Landkreise u. krsfr. Städte (Stand 15.05.22);08226;Rhein-Neckar-Kreis;WHGRM2;Räume;RAUM07UM;7 und mehr Räume;6,83;€/m²;WHG012;Durchschnittliche Nettokaltmiete;e
4000W;Wohnungen (Gebietsstand 15.05.2022);STAG;Stichtag;2022-05-15;GEOLK4;Landkreise u. krsfr. Städte (Stand 15.05.22);16067;Gotha;WHGRM2;Räume;RAUM01;1 Raum;7,01;€/m²;WHG012;Durchschnittliche Nettokaltmiete;e
4000W;Wohnungen (Gebietsstand 15.05.2022);STAG;Stichtag;2022-05-15;GEOLK4;Landkreise u. krsfr. Städte (Stand 15.05.22);01054;Nordfriesland;WHGRM2;Räume;RAUM01;1 Raum;12,95;€/m²;WHG012;Durchschnittliche Nettokaltmiete;e
4000W;Wohnungen (Gebietsstand 15.05.2022);STAG;Stichtag;2022-05-15;GEOLK4;Landkreise u. krsfr. Städte (Stand 15.05.22);06413;Offenbach am Main, Stadt;WHGRM2;Räume;RAUM06;6 Räume;7,76;€/m²;WHG012;Durchschnittliche Nettokaltmiete;e
4000W;Wohnungen (Gebietsstand 15.05.2022);STAG;Stichtag;2022-05-15;GEOLK4;Landkreise u. krsfr. Städte (Stand 15.05.22);09174;Dachau;WHGRM2;Räume;RAUM02;2 Räume;10,84;€/m²;WHG012;Durchschnittliche Nettokaltmiete;e
4000W;Wohnungen (Gebietsstand 15.05.2022);STAG;Stichtag;2022-05-15;GEOLK4;Landkreise u. krsfr. Städte (Stand 15.05.22);09261;Landshut, Kreisfreie Stadt;WHGRM2;Räume;RAUM03;3 Räume;7,99;€/m²;WHG012;Durchschnittliche Nettokaltmiete;e
4000W;Wohnungen (Gebietsstand 15.05.2022);STAG;Stichtag;2022-05-15;GEOLK4;Landkreise u. krsfr. Städte (Stand 15.05.22);03358;Heidekreis;WHGRM2;Räume;RAUM03;3 Räume;6,10;€/m²;WHG012;Durchschnittliche Nettokaltmiete;e
4000W;Wohnungen (Gebietsstand 15.05.2022);STAG;Stichtag;2022-05-15;GEOLK4;Landkreise u. krsfr. Städte (Stand 15.05.22);03451;Ammerland;WHGRM2;Räume;RAUM06;6 Räume;5,60;€/m²;WHG012;Durchschnittliche Nettokaltmiete;e
4000W;Wohnungen (Gebietsstand 15.05.2022);STAG;Stichtag;2022-05-15;GEOLK4;Landkreise u. krsfr. Städte (Stand 15.05.22);03254;Hildesheim;WHGRM2;Räume;RAUM07UM;7 und mehr Räume;4,65;€/m²;WHG012;Durchschnittliche Nettokaltmiete;e
4000W;Wohnungen (Gebietsstand 15.05.2022);STAG;Stichtag;2022-05-15;GEOLK4;Landkreise u. krsfr. Städte (Stand 15.05.22);08215;Karlsruhe, Landkreis;WHGRM2;Räume;RAUM07UM;7 und mehr Räume;6,45;€/m²;WHG012;Durchschnittliche Nettokaltmiete;e
4000W;Wohnungen (Gebietsstand 15.05.2022);STAG;Stichtag;2022-05-15;GEOLK4;Landkreise u. krsfr. Städte (Stand 15.05.22);05117;Mülheim an der Ruhr, Stadt;WHGRM2;Räume;RAUM05;5 Räume;6,38;€/m²;WHG012;Durchschnittliche Nettokaltmiete;e
4000W;Wohnungen (Gebietsstand 15.05.2022);STAG;Stichtag;2022-05-15;GEOLK4;Landkreise u. krsfr. Städte (Stand 15.05.22);08117;Göppingen;WHGRM2;Räume;;Insgesamt;7,26;€/m²;WHG012;Durchschnittliche Nettokaltmiete;e
4000W;Wohnungen (Gebietsstand 15.05.2022);STAG;Stichtag;2022-05-15;GEOLK4;Landkreise u. krsfr. Städte (Stand 15.05.22);04012;Bremerhaven, Stadt;WHGRM2;Räume;RAUM03;3 Räume;5,67;€/m²;WHG012;Durchschnittliche Nettokaltmiete;e
4000W;Wohnungen (Gebietsstand 15.05.2022);STAG;Stichtag;2022-05-15;GEOLK4;Landkreise u. krsfr. Städte (Stand 15.05.22);05754;Gütersloh;WHGRM2;Räume;RAUM04;4 Räume;6,04;€/m²;WHG012;Durchschnittliche Nettokaltmiete;e
4000W;Wohnungen (Gebietsstand 15.05.2022);STAG;Stichtag;2022-05-15;GEOLK4;Landkreise u. krsfr. Städte (Stand 15.05.22);08135;Heidenheim;WHGRM2;Räume;RAUM01;1 Raum;10,84;€/m²;WHG012;Durchschnittliche Nettokaltmiete;e
4000W;Wohnungen (Gebietsstand 15.05.2022);STAG;Stichtag;2022-05-15;GEOLK4;Landkreise u. krsfr. Städte (Stand 15.05.22);05122;Solingen, Klingenstadt;WHGRM2;Räume;RAUM03;3 Räume;6,38;€/m²;WHG012;Durchschnittliche Nettokaltmiete;e
4000W;Wohnungen (Gebietsstand 15.05.2022);STAG;Stichtag;2022-05-15;GEOLK4;Landkreise u. krsfr. Städte (Stand 15.05.22);07133;Bad Kreuznach;WHGRM2;Räume;RAUM05;5 Räume;5,58;€/m²;WHG012;Durchschnittliche Nettokaltmiete;e
4000W;Wohnungen (Gebietsstand 15.05.2022);STAG;Stichtag;2022-05-15;GEOLK4;Landkreise u. krsfr. Städte (Stand 15.05.22);05362;Rhein-Erft-Kreis;WHGRM2;Räume;RAUM07UM;7 und mehr Räume;7,05;€/m²;WHG012;Durchschnittliche Nettokaltmiete;e
4000W;Wohnungen (Gebietsstand 15.05.2022);STAG;Stichtag;2022-05-15;GEOLK4;Landkreise u. krsfr. Städte (Stand 15.05.22);05914;Hagen, Stadt der FernUniversität;WHGRM2;Räume;;Insgesamt;5,39;€/m²;WHG012;Durchschnittliche Nettokaltmiete;e
4000W;Wohnungen (Gebietsstand 15.05.2022);STAG;Stichtag;2022-05-15;GEOLK4;Landkreise u. krsfr. Städte (Stand 15.05.22);09577;Weißenburg-Gunzenhausen;WHGRM2;Räume;RAUM05;5 Räume;5,21;€/m²;WHG012;Durchschnittliche Nettokaltmiete;e
4000W;Wohnungen (Gebietsstand 15.05.2022);STAG;Stichtag;2022-05-15;GEOLK4;Landkreise u. krsfr. Städte (Stand 15.05.22);04012;Bremerhaven, Stadt;WHGRM2;Räume;RAUM07UM;7 und mehr Räume;4,89;€/m²;WHG012;Durchschnittliche Nettokaltmiete;e
4000W;Wohnungen (Gebietsstand 15.05.2022);STAG;Stichtag;2022-05-15;GEOLK4;Landkreise u. krsfr. Städte (Stand 15.05.22);16071;Weimarer Land;WHGRM2;Räume;RAUM04;4 Räume;5,24;€/m²;WHG012;Durchschnittliche Nettokaltmiete;e
4000W;Wohnungen (Gebietsstand 15.05.2022);STAG;Stichtag;2022-05-15;GEOLK4;Landkreise u. krsfr. Städte (Stand 15.05.22);15088;Saalekreis;WHGRM2;Räume;RAUM03;3 Räume;5,45;€/m²;WHG012;Durchschnittliche Nettokaltmiete;e
4000W;Wohnungen (Gebietsstand 15.05.2022);STAG;Stichtag;2022-05-15;GEOLK4;Landkreise u. krsfr. Städte (Stand 15.05.22);03460;Vechta;WHGRM2;Räume;RAUM02;2 Räume;7,55;€/m²;WHG012;Durchschnittliche Nettokaltmiete;e
4000W;Wohnungen (Gebietsstand 15.05.2022);STAG;Stichtag;2022-05-15;GEOLK4;Landkreise u. krsfr. Städte (Stand 15.05.22);09473;Coburg, Landkreis;WHGRM2;Räume;RAUM04;4 Räume;5,13;€/m²;WHG012;Durchschnittliche Nettokaltmiete;e
4000W;Wohnungen (Gebietsstand 15.05.2022);STAG;Stichtag;2022-05-15;GEOLK4;Landkreise u. krsfr. Städte (Stand 15.05.22);09185;Neuburg-Schrobenhausen;WHGRM2;Räume;RAUM05;5 Räume;6,63;€/m²;WHG012;Durchschnittliche Nettokaltmiete;e
4000W;Wohnungen (Gebietsstand 15.05.2022);STAG;Stichtag;2022-05-15;GEOLK4;Landkreise u. krsfr. Städte (Stand 15.05.22);06439;Rheingau-Taunus-Kreis;WHGRM2;Räume;RAUM06;6 Räume;7,40;€/m²;WHG012;Durchschnittliche Nettokaltmiete;e
4000W;Wohnungen (Gebietsstand 15.05.2022);STAG;Stichtag;2022-05-15;GEOLK4;Landkreise u. krsfr. Städte (Stand 15.05.22);08421;Ulm, Stadtkreis;WHGRM2;Räume;RAUM05;5 Räume;7,67;€/m²;WHG012;Durchschnittliche Nettokaltmiete;e
4000W;Wohnungen (Gebietsstand 15.05.2022);STAG;Stichtag;2022-05-15;GEOLK4;Landkreise u. krsfr. Städte (Stand 15.05.22);07137;Mayen-Koblenz;WHGRM2;Räume;RAUM03;3 Räume;6,04;€/m²;WHG012;Durchschnittliche Nettokaltmiete;e
4000W;Wohnungen (Gebietsstand 15.05.2022);STAG;Stichtag;2022-05-15;GEOLK4;Landkreise u. krsfr. Städte (Stand 15.05.22);09189;Traunstein;WHGRM2;Räume;RAUM03;3 Räume;7,34;€/m²;WHG012;Durchschnittliche Nettokaltmiete;e
4000W;Wohnungen (Gebietsstand 15.05.2022);STAG;Stichtag;2022-05-15;GEOLK4;Landkreise u. krsfr. Städte (Stand 15.05.22);08421;Ulm, Stadtkreis;WHGRM2;Räume;RAUM07UM;7 und mehr Räume;8,00;€/m²;WHG012;Durchschnittliche Nettokaltmiete;e
4000W;Wohnungen (Gebietsstand 15.05.2022);STAG;Stichtag;2022-05-15;GEOLK4;Landkreise u. krsfr. Städte (Stand 15.05.22);05512;Bottrop, Stadt;WHGRM2;Räume;RAUM04;4 Räume;6,00;€/m²;WHG012;Durchschnittliche Nettokaltmiete;e
4000W;Wohnungen (Gebietsstand 15.05.2022);STAG;Stichtag;2022-05-15;GEOLK4;Landkreise u. krsfr. Städte (Stand 15.05.22);09361;Amberg;WHGRM2;Räume;RAUM07UM;7 und mehr Räume;6,46;€/m²;WHG012;Durchschnittliche Nettokaltmiete;e
4000W;Wohnungen (Gebietsstand 15.05.2022);STAG;Stichtag;2022-05-15;GEOLK4;Landkreise u. krsfr. Städte (Stand 15.05.22);08415;Reutlingen;WHGRM2;Räume;RAUM03;3 Räume;7,96;€/m²;WHG012;Durchschnittliche Nettokaltmiete;e
4000W;Wohnungen (Gebietsstand 15.05.2022);STAG;Stichtag;2022-05-15;GEOLK4;Landkreise u. krsfr. Städte (Stand 15.05.22);06535;Vogelsbergkreis;WHGRM2;Räume;RAUM03;3 Räume;5,37;€/m²;WHG012;Durchschnittliche Nettokaltmiete;e
4000W;Wohnungen (Gebietsstand 15.05.2022);STAG;Stichtag;2022-05-15;GEOLK4;Landkreise u. krsfr. Städte (Stand 15.05.22);06412;Frankfurt am Main, Stadt;WHGRM2;Räume;RAUM02;2 Räume;11,47;€/m²;WHG012;Durchschnittliche Nettokaltmiete;e
4000W;Wohnungen (Gebietsstand 15.05.2022);STAG;Stichtag;2022-05-15;GEOLK4;Landkreise u. krsfr. Städte (Stand 15.05.22);15090;Stendal;WHGRM2;Räume;RAUM07UM;7 und mehr Räume;4,14;€/m²;WHG012;Durchschnittliche Nettokaltmiete;e
4000W;Wohnungen (Gebietsstand 15.05.2022);STAG;Stichtag;2022-05-15;GEOLK4;Landkreise u. krsfr. Städte (Stand 15.05.22);15003;Magdeburg, Landeshauptstadt;WHGRM2;Räume;RAUM04;4 Räume;5,58;€/m²;WHG012;Durchschnittliche Nettokaltmiete;e
4000W;Wohnungen (Gebietsstand 15.05.2022);STAG;Stichtag;2022-05-15;GEOLK4;Landkreise u. krsfr. Städte (Stand 15.05.22);08222;Mannheim, Stadtkreis;WHGRM2;Räume;RAUM02;2 Räume;9,00;€/m²;WHG012;Durchschnittliche Nettokaltmiete;e
4000W;Wohnungen (Gebietsstand 15.05.2022);STAG;Stichtag;2022-05-15;GEOLK4;Landkreise u. krsfr. Städte (Stand 15.05.22);15084;Burgenlandkreis;WHGRM2;Räume;RAUM05;5 Räume;4,75;€/m²;WHG012;Durchschnittliche Nettokaltmiete;e
4000W;Wohnungen (Gebietsstand 15.05.2022);STAG;Stichtag;2022-05-15;GEOLK4;Landkreise u. krsfr. Städte (Stand 15.05.22);03405;Wilhelmshaven, Stadt;WHGRM2;Räume;RAUM07UM;7 und mehr Räume;4,76;€/m²;WHG012;Durchschnittliche Nettokaltmiete;e
4000W;Wohnungen (Gebietsstand 15.05.2022);STAG;Stichtag;2022-05-15;GEOLK4;Landkreise u. krsfr. Städte (Stand 15.05.22);08425;Alb-Donau-Kreis;WHGRM2;Räume;RAUM03;3 Räume;7,34;€/m²;WHG012;Durchschnittliche Nettokaltmiete;e
4000W;Wohnungen (Gebietsstand 15.05.2022);STAG;Stichtag;2022-05-15;GEOLK4;Landkreise u. krsfr. Städte (Stand 15.05.22);09776;Lindau (Bodensee);WHGRM2;Räume;RAUM07UM;7 und mehr Räume;6,66;€/m²;WHG012;Durchschnittliche Nettokaltmiete;e
4000W;Wohnungen (Gebietsstand 15.05.2022);STAG;Stichtag;2022-05-15;GEOLK4;Landkreise u. krsfr. Städte (Stand 15.05.22);03102;Salzgitter, Stadt;WHGRM2;Räume;RAUM01;1 Raum;7,49;€/m²;WHG012;Durchschnittliche Nettokaltmiete;e
4000W;Wohnungen (Gebietsstand 15.05.2022);STAG;Stichtag;2022-05-15;GEOLK4;Landkreise u. krsfr. Städte (Stand 15.05.22);09372;Cham;WHGRM2;Räume;RAUM01;1 Raum;7,80;€/m²;WHG012;Durchschnittliche Nettokaltmiete;e
4000W;Wohnungen (Gebietsstand 15.05.2022);STAG;Stichtag;2022-05-15;GEOLK4;Landkreise u. krsfr. Städte (Stand 15.05.22);05378;Rheinisch-Bergischer Kreis;WHGRM2;Räume;RAUM05;5 Räume;7,16;€/m²;WHG012;Durchschnittliche Nettokaltmiete;e
4000W;Wohnungen (Gebietsstand 15.05.2022);STAG;Stichtag;2022-05-15;GEOLK4;Landkreise u. krsfr. Städte (Stand 15.05.22);07314;Ludwigshafen am Rhein, kreisfreie Stadt;WHGRM2;Räume;;Insgesamt;7,31;€/m²;WHG012;Durchschnittliche Nettokaltmiete;e
4000W;Wohnungen (Gebietsstand 15.05.2022);STAG;Stichtag;2022-05-15;GEOLK4;Landkreise u. krsfr. Städte (Stand 15.05.22);02000;Hamburg, Freie und Hansestadt;WHGRM2;Räume;RAUM06;6 Räume;10,08;€/m²;WHG012;Durchschnittliche Nettokaltmiete;e
4000W;Wohnungen (Gebietsstand 15.05.2022);STAG;Stichtag;2022-05-15;GEOLK4;Landkreise u. krsfr. Städte (Stand 15.05.22);07320;Zweibrücken, kreisfreie Stadt;WHGRM2;Räume;RAUM01;1 Raum;8,97;€/m²;WHG012;Durchschnittliche Nettokaltmiete;e
4000W;Wohnungen (Gebietsstand 15.05.2022);STAG;Stichtag;2022-05-15;GEOLK4;Landkreise u. krsfr. Städte (Stand 15.05.22);03252;Hameln-Pyrmont;WHGRM2;Räume;RAUM03;3 Räume;5,40;€/m²;WHG012;Durchschnittliche Nettokaltmiete;e
4000W;Wohnungen (Gebietsstand 15.05.2022);STAG;Stichtag;2022-05-15;GEOLK4;Landkreise u. krsfr. Städte (Stand 15.05.22);05162;Rhein-Kreis Neuss;WHGRM2;Räume;RAUM02;2 Räume;7,91;€/m²;WHG012;Durchschnittliche Nettokaltmiete;e
4000W;Wohnungen (Gebietsstand 15.05.2022);STAG;Stichtag;2022-05-15;GEOLK4;Landkreise u. krsfr. Städte (Stand 15.05.22);08116;Esslingen;WHGRM2;Räume;RAUM01;1 Raum;10,82;€/m²;WHG012;Durchschnittliche Nettokaltmiete;e
4000W;Wohnungen (Gebietsstand 15.05.2022);STAG;Stichtag;2022-05-15;GEOLK4;Landkreise u. krsfr. Städte (Stand 15.05.22);05958;Hochsauerlandkreis;WHGRM2;Räume;RAUM07UM;7 und mehr Räume;4,36;€/m²;WHG012;Durchschnittliche Nettokaltmiete;e
4000W;Wohnungen (Gebietsstand 15.05.2022);STAG;Stichtag;2022-05-15;GEOLK4;Landkreise u. krsfr. Städte (Stand 15.05.22);08211;Baden-Baden, Stadtkreis;WHGRM2;Räume;RAUM03;3 Räume;7,80;€/m²;WHG012;Durchschnittliche Nettokaltmiete;e
4000W;Wohnungen (Gebietsstand 15.05.2022);STAG;Stichtag;2022-05-15;GEOLK4;Landkreise u. krsfr. Städte (Stand 15.05.22);07235;Trier-Saarburg;WHGRM2;Räume;RAUM03;3 Räume;6,85;€/m²;WHG012;Durchschnittliche Nettokaltmiete;e
4000W;Wohnungen (Gebietsstand 15.05.2022);STAG;Stichtag;2022-05-15;GEOLK4;Landkreise u. krsfr. Städte (Stand 15.05.22);06611;Kassel, documenta-Stadt;WHGRM2;Räume;RAUM05;5 Räume;6,43;€/m²;WHG012;Durchschnittliche Nettokaltmiete;e
4000W;Wohnungen (Gebietsstand 15.05.2022);STAG;Stichtag;2022-05-15;GEOLK4;Landkreise u. krsfr. Städte (Stand 15.05.22);06437;Odenwaldkreis;WHGRM2;Räume;RAUM03;3 Räume;6,41;€/m²;WHG012;Durchschnittliche Nettokaltmiete;e
4000W;Wohnungen (Gebietsstand 15.05.2022);STAG;Stichtag;2022-05-15;GEOLK4;Landkreise u. krsfr. Städte (Stand 15.05.22);03159;Göttingen;WHGRM2;Räume;RAUM07UM;7 und mehr Räume;5,43;€/m²;WHG012;Durchschnittliche Nettokaltmiete;e
4000W;Wohnungen (Gebietsstand 15.05.2022);STAG;Stichtag;2022-05-15;GEOLK4;Landkreise u. krsfr. Städte (Stand 15.05.22);07318;Speyer, kreisfreie Stadt;WHGRM2;Räume;RAUM01;1 Raum;9,59;€/m²;WHG012;Durchschnittliche Nettokaltmiete;e
4000W;Wohnungen (Gebietsstand 15.05.2022);STAG;Stichtag;2022-05-15;GEOLK4;Landkreise u. krsfr. Städte (Stand 15.05.22);09273;Kelheim;WHGRM2;Räume;RAUM07UM;7 und mehr Räume;5,57;€/m²;WHG012;Durchschnittliche Nettokaltmiete;e
4000W;Wohnungen (Gebietsstand 15.05.2022);STAG;Stichtag;2022-05-15;GEOLK4;Landkreise u. krsfr. Städte (Stand 15.05.22);03254;Hildesheim;WHGRM2;Räume;RAUM06;6 Räume;5,12;€/m²;WHG012;Durchschnittliche Nettokaltmiete;e
4000W;Wohnungen (Gebietsstand 15.05.2022);STAG;Stichtag;2022-05-15;GEOLK4;Landkreise u. krsfr. Städte (Stand 15.05.22);16052;Gera, Stadt;WHGRM2;Räume;RAUM07UM;7 und mehr Räume;5,01;€/m²;WHG012;Durchschnittliche Nettokaltmiete;e
4000W;Wohnungen (Gebietsstand 15.05.2022);STAG;Stichtag;2022-05-15;GEOLK4;Landkreise u. krsfr. Städte (Stand 15.05.22);08126;Hohenlohekreis;WHGRM2;Räume;RAUM05;5 Räume;6,04;€/m²;WHG012;Durchschnittliche Nettokaltmiete;e
4000W;Wohnungen (Gebietsstand 15.05.2022);STAG;Stichtag;2022-05-15;GEOLK4;Landkreise u. krsfr. Städte (Stand 15.05.22);12052;Cottbus, Stadt;WHGRM2;Räume;RAUM03;3 Räume;5,81;€/m²;WHG012;Durchschnittliche Nettokaltmiete;e
4000W;Wohnungen (Gebietsstand 15.05.2022);STAG;Stichtag;2022-05-15;GEOLK4;Landkreise u. krsfr. Städte (Stand 15.05.22);08115;Böblingen;WHGRM2;Räume;RAUM06;6 Räume;8,83;€/m²;WHG012;Durchschnittliche Nettokaltmiete;e
4000W;Wohnungen (Gebietsstand 15.05.2022);STAG;Stichtag;2022-05-15;GEOLK4;Landkreise u. krsfr. Städte (Stand 15.05.22);06440;Wetteraukreis;WHGRM2;Räume;;Insgesamt;7,68;€/m²;WHG012;Durchschnittliche Nettokaltmiete;e
4000W;Wohnungen (Gebietsstand 15.05.2022);STAG;Stichtag;2022-05-15;GEOLK4;Landkreise u. krsfr. Städte (Stand 15.05.22);06535;Vogelsbergkreis;WHGRM2;Räume;RAUM07UM;7 und mehr Räume;4,15;€/m²;WHG012;Durchschnittliche Nettokaltmiete;e
4000W;Wohnungen (Gebietsstand 15.05.2022);STAG;Stichtag;2022-05-15;GEOLK4;Landkreise u. krsfr. Städte (Stand 15.05.22);05111;Düsseldorf, Stadt;WHGRM2;Räume;RAUM04;4 Räume;8,76;€/m²;WHG012;Durchschnittliche Nettokaltmiete;e
4000W;Wohnungen (Gebietsstand 15.05.2022);STAG;Stichtag;2022-05-15;GEOLK4;Landkreise u. krsfr. Städte (Stand 15.05.22);16062;Nordhausen;WHGRM2;Räume;RAUM04;4 Räume;5,00;€/m²;WHG012;Durchschnittliche Nettokaltmiete;e
4000W;Wohnungen (Gebietsstand 15.05.2022);STAG;Stichtag;2022-05-15;GEOLK4;Landkreise u. krsfr. Städte (Stand 15.05.22);05758;Herford;WHGRM2;Räume;RAUM02;2 Räume;6,24;€/m²;WHG012;Durchschnittliche Nettokaltmiete;e
4000W;Wohnungen (Gebietsstand 15.05.2022);STAG;Stichtag;2022-05-15;GEOLK4;Landkreise u. krsfr. Städte (Stand 15.05.22);09773;Dillingen a.d.Donau;WHGRM2;Räume;RAUM01;1 Raum;8,21;€/m²;WHG012;Durchschnittliche Nettokaltmiete;e
4000W;Wohnungen (Gebietsstand 15.05.2022);STAG;Stichtag;2022-05-15;GEOLK4;Landkreise u. krsfr. Städte (Stand 15.05.22);06431;Bergstraße;WHGRM2;Räume;RAUM02;2 Räume;8,11;€/m²;WHG012;Durchschnittliche Nettokaltmiete;e
4000W;Wohnungen (Gebietsstand 15.05.2022);STAG;Stichtag;2022-05-15;GEOLK4;Landkreise u. krsfr. Städte (Stand 15.05.22);12065;Oberhavel;WHGRM2;Räume;RAUM01;1 Raum;7,75;€/m²;WHG012;Durchschnittliche Nettokaltmiete;e
4000W;Wohnungen (Gebietsstand 15.05.2022);STAG;Stichtag;2022-05-15;GEOLK4;Landkreise u. krsfr. Städte (Stand 15.05.22);12054;Potsdam, Stadt;WHGRM2;Räume;RAUM02;2 Räume;8,69;€/m²;WHG012;Durchschnittliche Nettokaltmiete;e
4000W;Wohnungen (Gebietsstand 15.05.2022);STAG;Stichtag;2022-05-15;GEOLK4;Landkreise u. krsfr. Städte (Stand 15.05.22);03102;Salzgitter, Stadt;WHGRM2;Räume;;Insgesamt;5,60;€/m²;WHG012;Durchschnittliche Nettokaltmiete;e
4000W;Wohnungen (Gebietsstand 15.05.2022);STAG;Stichtag;2022-05-15;GEOLK4;Landkreise u. krsfr. Städte (Stand 15.05.22);05370;Heinsberg;WHGRM2;Räume;RAUM01;1 Raum;7,31;€/m²;WHG012;Durchschnittliche Nettokaltmiete;e
4000W;Wohnungen (Gebietsstand 15.05.2022);STAG;Stichtag;2022-05-15;GEOLK4;Landkreise u. krsfr. Städte (Stand 15.05.22);14612;Dresden, Stadt;WHGRM2;Räume;;Insgesamt;6,92;€/m²;WHG012;Durchschnittliche Nettokaltmiete;e
4000W;Wohnungen (Gebietsstand 15.05.2022);STAG;Stichtag;2022-05-15;GEOLK4;Landkreise u. krsfr. Städte (Stand 15.05.22);03462;Wittmund;WHGRM2;Räume;RAUM05;5 Räume;5,39;€/m²;WHG012;Durchschnittliche Nettokaltmiete;e
4000W;Wohnungen (Gebietsstand 15.05.2022);STAG;Stichtag;2022-05-15;GEOLK4;Landkreise u. krsfr. Städte (Stand 15.05.22);09276;Regen;WHGRM2;Räume;RAUM04;4 Räume;4,61;€/m²;WHG012;Durchschnittliche Nettokaltmiete;e
4000W;Wohnungen (Gebietsstand 15.05.2022);STAG;Stichtag;2022-05-15;GEOLK4;Landkreise u. krsfr. Städte (Stand 15.05.22);03403;Oldenburg (Oldenburg), Stadt;WHGRM2;Räume;RAUM02;2 Räume;8,85;€/m²;WHG012;Durchschnittliche Nettokaltmiete;e
4000W;Wohnungen (Gebietsstand 15.05.2022);STAG;Stichtag;2022-05-15;GEOLK4;Landkreise u. krsfr. Städte (Stand 15.05.22);09363;Weiden i.d.OPf.;WHGRM2;Räume;RAUM05;5 Räume;5,66;€/m²;WHG012;Durchschnittliche Nettokaltmiete;e
4000W;Wohnungen (Gebietsstand 15.05.2022);STAG;Stichtag;2022-05-15;GEOLK4;Landkreise u. krsfr. Städte (Stand 15.05.22);15088;Saalekreis;WHGRM2;Räume;RAUM07UM;7 und mehr Räume;5,19;€/m²;WHG012;Durchschnittliche Nettokaltmiete;e
4000W;Wohnungen (Gebietsstand 15.05.2022);STAG;Stichtag;2022-05-15;GEOLK4;Landkreise u. krsfr. Städte (Stand 15.05.22);16066;Schmalkalden-Meiningen;WHGRM2;Räume;RAUM06;6 Räume;4,78;€/m²;WHG012;Durchschnittliche Nettokaltmiete;e
4000W;Wohnungen (Gebietsstand 15.05.2022);STAG;Stichtag;2022-05-15;GEOLK4;Landkreise u. krsfr. Städte (Stand 15.05.22);09779;Donau-Ries;WHGRM2;Räume;RAUM02;2 Räume;7,26;€/m²;WHG012;Durchschnittliche Nettokaltmiete;e
4000W;Wohnungen (Gebietsstand 15.05.2022);STAG;Stichtag;2022-05-15;GEOLK4;Landkreise u. krsfr. Städte (Stand 15.05.22);01003;Lübeck, Hansestadt;WHGRM2;Räume;RAUM03;3 Räume;7,43;€/m²;WHG012;Durchschnittliche Nettokaltmiete;e
4000W;Wohnungen (Gebietsstand 15.05.2022);STAG;Stichtag;2022-05-15;GEOLK4;Landkreise u. krsfr. Städte (Stand 15.05.22);09183;Mühldorf a.Inn;WHGRM2;Räume;RAUM02;2 Räume;7,49;€/m²;WHG012;Durchschnittliche Nettokaltmiete;e
4000W;Wohnungen (Gebietsstand 15.05.2022);STAG;Stichtag;2022-05-15;GEOLK4;Landkreise u. krsfr. Städte (Stand 15.05.22);09673;Rhön-Grabfeld;WHGRM2;Räume;RAUM02;2 Räume;6,17;€/m²;WHG012;Durchschnittliche Nettokaltmiete;e
4000W;Wohnungen (Gebietsstand 15.05.2022);STAG;Stichtag;2022-05-15;GEOLK4;Landkreise u. krsfr. Städte (Stand 15.05.22);09677;Main-Spessart;WHGRM2;Räume;RAUM04;4 Räume;5,34;€/m²;WHG012;Durchschnittliche Nettokaltmiete;e
4000W;Wohnungen (Gebietsstand 15.05.2022);STAG;Stichtag;2022-05-15;GEOLK4;Landkreise u. krsfr. Städte (Stand 15.05.22);12071;Spree-Neiße;WHGRM2;Räume;;Insgesamt;5,35;€/m²;WHG012;Durchschnittliche Nettokaltmiete;e
4000W;Wohnungen (Gebietsstand 15.05.2022);STAG;Stichtag;2022-05-15;GEOLK4;Landkreise u. krsfr. Städte (Stand 15.05.22);05915;Hamm, Stadt;WHGRM2;Räume;RAUM03;3 Räume;5,73;€/m²;WHG012;Durchschnittliche Nettokaltmiete;e
4000W;Wohnungen (Gebietsstand 15.05.2022);STAG;Stichtag;2022-05-15;GEOLK4;Landkreise u. krsfr. Städte (Stand 15.05.22);05916;Herne, Stadt;WHGRM2;Räume;RAUM07UM;7 und mehr Räume;5,12;€/m²;WHG012;Durchschnittliche Nettokaltmiete;e
4000W;Wohnungen (Gebietsstand 15.05.2022);STAG;Stichtag;2022-05-15;GEOLK4;Landkreise u. krsfr. Städte (Stand 15.05.22);03454;Emsland;WHGRM2;Räume;RAUM05;5 Räume;5,24;€/m²;WHG012;Durchschnittliche Nettokaltmiete;e
4000W;Wohnungen (Gebietsstand 15.05.2022);STAG;Stichtag;2022-05-15;GEOLK4;Landkreise u. krsfr. Städte (Stand 15.05.22);07338;Rhein-Pfalz-Kreis;WHGRM2;Räume;;Insgesamt;6,91;€/m²;WHG012;Durchschnittliche Nettokaltmiete;e
4000W;Wohnungen (Gebietsstand 15.05.2022);STAG;Stichtag;2022-05-15;GEOLK4;Landkreise u. krsfr. Städte (Stand 15.05.22);09674;Haßberge;WHGRM2;Räume;RAUM03;3 Räume;5,54;€/m²;WHG012;Durchschnittliche Nettokaltmiete;e
4000W;Wohnungen (Gebietsstand 15.05.2022);STAG;Stichtag;2022-05-15;GEOLK4;Landkreise u. krsfr. Städte (Stand 15.05.22);05370;Heinsberg;WHGRM2;Räume;RAUM02;2 Räume;6,72;€/m²;WHG012;Durchschnittliche Nettokaltmiete;e
4000W;Wohnungen (Gebietsstand 15.05.2022);STAG;Stichtag;2022-05-15;GEOLK4;Landkreise u. krsfr. Städte (Stand 15.05.22);05124;Wuppertal, Stadt;WHGRM2;Räume;RAUM06;6 Räume;5,81;€/m²;WHG012;Durchschnittliche Nettokaltmiete;e
4000W;Wohnungen (Gebietsstand 15.05.2022);STAG;Stichtag;2022-05-15;GEOLK4;Landkreise u. krsfr. Städte (Stand 15.05.22);07233;Vulkaneifel;WHGRM2;Räume;RAUM06;6 Räume;4,56;€/m²;WHG012;Durchschnittliche Nettokaltmiete;e
4000W;Wohnungen (Gebietsstand 15.05.2022);STAG;Stichtag;2022-05-15;GEOLK4;Landkreise u. krsfr. Städte (Stand 15.05.22);08435;Bodenseekreis;WHGRM2;Räume;RAUM01;1 Raum;10,91;€/m²;WHG012;Durchschnittliche Nettokaltmiete;e
4000W;Wohnungen (Gebietsstand 15.05.2022);STAG;Stichtag;2022-05-15;GEOLK4;Landkreise u. krsfr. Städte (Stand 15.05.22);16053;Jena, Stadt;WHGRM2;Räume;RAUM06;6 Räume;7,46;€/m²;WHG012;Durchschnittliche Nettokaltmiete;e
4000W;Wohnungen (Gebietsstand 15.05.2022);STAG;Stichtag;2022-05-15;GEOLK4;Landkreise u. krsfr. Städte (Stand 15.05.22);12051;Brandenburg an der Havel, Stadt;WHGRM2;Räume;RAUM01;1 Raum;6,98;€/m²;WHG012;Durchschnittliche Nettokaltmiete;e
4000W;Wohnungen (Gebietsstand 15.05.2022);STAG;Stichtag;2022-05-15;GEOLK4;Landkreise u. krsfr. Städte (Stand 15.05.22);08127;Schwäbisch Hall;WHGRM2;Räume;;Insgesamt;6,72;€/m²;WHG012;Durchschnittliche Nettokaltmiete;e
4000W;Wohnungen (Gebietsstand 15.05.2022);STAG;Stichtag;2022-05-15;GEOLK4;Landkreise u. krsfr. Städte (Stand 15.05.22);09563;Fürth, Kreisfreie Stadt;WHGRM2;Räume;;Insgesamt;7,71;€/m²;WHG012;Durchschnittliche Nettokaltmiete;e
4000W;Wohnungen (Gebietsstand 15.05.2022);STAG;Stichtag;2022-05-15;GEOLK4;Landkreise u. krsfr. Städte (Stand 15.05.22);03458;Oldenburg;WHGRM2;Räume;RAUM04;4 Räume;6,09;€/m²;WHG012;Durchschnittliche Nettokaltmiete;e
4000W;Wohnungen (Gebietsstand 15.05.2022);STAG;Stichtag;2022-05-15;GEOLK4;Landkreise u. krsfr. Städte (Stand 15.05.22);03352;Cuxhaven;WHGRM2;Räume;RAUM01;1 Raum;7,98;€/m²;WHG012;Durchschnittliche Nettokaltmiete;e
4000W;Wohnungen (Gebietsstand 15.05.2022);STAG;Stichtag;2022-05-15;GEOLK4;Landkreise u. krsfr. Städte (Stand 15.05.22);05315;Köln, Stadt;WHGRM2;Räume;RAUM01;1 Raum;11,68;€/m²;WHG012;Durchschnittliche Nettokaltmiete;e
4000W;Wohnungen (Gebietsstand 15.05.2022);STAG;Stichtag;2022-05-15;GEOLK4;Landkreise u. krsfr. Städte (Stand 15.05.22);06635;Waldeck-Frankenberg;WHGRM2;Räume;RAUM03;3 Räume;5,21;€/m²;WHG012;Durchschnittliche Nettokaltmiete;e
4000W;Wohnungen (Gebietsstand 15.05.2022);STAG;Stichtag;2022-05-15;GEOLK4;Landkreise u. krsfr. Städte (Stand 15.05.22);05122;Solingen, Klingenstadt;WHGRM2;Räume;RAUM07UM;7 und mehr Räume;6,02;€/m²;WHG012;Durchschnittliche Nettokaltmiete;e
4000W;Wohnungen (Gebietsstand 15.05.2022);STAG;Stichtag;2022-05-15;GEOLK4;Landkreise u. krsfr. Städte (Stand 15.05.22);07138;Neuwied;WHGRM2;Räume;RAUM07UM;7 und mehr Räume;5,04;€/m²;WHG012;Durchschnittliche Nettokaltmiete;e
4000W;Wohnungen (Gebietsstand 15.05.2022);STAG;Stichtag;2022-05-15;GEOLK4;Landkreise u. krsfr. Städte (Stand 15.05.22);15090;Stendal;WHGRM2;Räume;RAUM01;1 Raum;5,50;€/m²;WHG012;Durchschnittliche Nettokaltmiete;e
4000W;Wohnungen (Gebietsstand 15.05.2022);STAG;Stichtag;2022-05-15;GEOLK4;Landkreise u. krsfr. Städte (Stand 15.05.22);03256;Nienburg (Weser);WHGRM2;Räume;;Insgesamt;5,38;€/m²;WHG012;Durchschnittliche Nettokaltmiete;e
4000W;Wohnungen (Gebietsstand 15.05.2022);STAG;Stichtag;2022-05-15;GEOLK4;Landkreise u. krsfr. Städte (Stand 15.05.22);03251;Diepholz;WHGRM2;Räume;RAUM07UM;7 und mehr Räume;4,71;€/m²;WHG012;Durchschnittliche Nettokaltmiete;e
4000W;Wohnungen (Gebietsstand 15.05.2022);STAG;Stichtag;2022-05-15;GEOLK4;Landkreise u. krsfr. Städte (Stand 15.05.22);05513;Gelsenkirchen, Stadt;WHGRM2;Räume;RAUM02;2 Räume;5,75;€/m²;WHG012;Durchschnittliche Nettokaltmiete;e
4000W;Wohnungen (Gebietsstand 15.05.2022);STAG;Stichtag;2022-05-15;GEOLK4;Landkreise u. krsfr. Städte (Stand 15.05.22);01054;Nordfriesland;WHGRM2;Räume;;Insgesamt;7,71;€/m²;WHG012;Durchschnittliche Nettokaltmiete;e
4000W;Wohnungen (Gebietsstand 15.05.2022);STAG;Stichtag;2022-05-15;GEOLK4;Landkreise u. krsfr. Städte (Stand 15.05.22);16067;Gotha;WHGRM2;Räume;RAUM04;4 Räume;5,16;€/m²;WHG012;Durchschnittliche Nettokaltmiete;e
4000W;Wohnungen (Gebietsstand 15.05.2022);STAG;Stichtag;2022-05-15;GEOLK4;Landkreise u. krsfr. Städte (Stand 15.05.22);09189;Traunstein;WHGRM2;Räume;RAUM07UM;7 und mehr Räume;6,23;€/m²;WHG012;Durchschnittliche Nettokaltmiete;e
4000W;Wohnungen (Gebietsstand 15.05.2022);STAG;Stichtag;2022-05-15;GEOLK4;Landkreise u. krsfr. Städte (Stand 15.05.22);01001;Flensburg, Stadt;WHGRM2;Räume;RAUM01;1 Raum;9,31;€/m²;WHG012;Durchschnittliche Nettokaltmiete;e
4000W;Wohnungen (Gebietsstand 15.05.2022);STAG;Stichtag;2022-05-15;GEOLK4;Landkreise u. krsfr. Städte (Stand 15.05.22);09178;Freising;WHGRM2;Räume;RAUM05;5 Räume;8,72;€/m²;WHG012;Durchschnittliche Nettokaltmiete;e
4000W;Wohnungen (Gebietsstand 15.05.2022);STAG;Stichtag;2022-05-15;GEOLK4;Landkreise u. krsfr. Städte (Stand 15.05.22);07338;Rhein-Pfalz-Kreis;WHGRM2;Räume;RAUM03;3 Räume;6,96;€/m²;WHG012;Durchschnittliche Nettokaltmiete;e
4000W;Wohnungen (Gebietsstand 15.05.2022);STAG;Stichtag;2022-05-15;GEOLK4;Landkreise u. krsfr. Städte (Stand 15.05.22);01056;Pinneberg;WHGRM2;Räume;RAUM05;5 Räume;8,04;€/m²;WHG012;Durchschnittliche Nettokaltmiete;e
4000W;Wohnungen (Gebietsstand 15.05.2022);STAG;Stichtag;2022-05-15;GEOLK4;Landkreise u. krsfr. Städte (Stand 15.05.22);09279;Dingolfing-Landau;WHGRM2;Räume;RAUM03;3 Räume;6,52;€/m²;WHG012;Durchschnittliche Nettokaltmiete;e
4000W;Wohnungen (Gebietsstand 15.05.2022);STAG;Stichtag;2022-05-15;GEOLK4;Landkreise u. krsfr. Städte (Stand 15.05.22);06531;Gießen;WHGRM2;Räume;;Insgesamt;7,42;€/m²;WHG012;Durchschnittliche Nettokaltmiete;e
4000W;Wohnungen (Gebietsstand 15.05.2022);STAG;Stichtag;2022-05-15;GEOLK4;Landkreise u. krsfr. Städte (Stand 15.05.22);09678;Schweinfurt, Landkreis;WHGRM2;Räume;RAUM02;2 Räume;6,39;€/m²;WHG012;Durchschnittliche Nettokaltmiete;e
4000W;Wohnungen (Gebietsstand 15.05.2022);STAG;Stichtag;2022-05-15;GEOLK4;Landkreise u. krsfr. Städte (Stand 15.05.22);14628;Sächsische Schweiz-Osterzgebirge;WHGRM2;Räume;;Insgesamt;5,45;€/m²;WHG012;Durchschnittliche Nettokaltmiete;e
4000W;Wohnungen (Gebietsstand 15.05.2022);STAG;Stichtag;2022-05-15;GEOLK4;Landkreise u. krsfr. Städte (Stand 15.05.22);10044;Saarlouis;WHGRM2;Räume;RAUM05;5 Räume;5,36;€/m²;WHG012;Durchschnittliche Nettokaltmiete;e
4000W;Wohnungen (Gebietsstand 15.05.2022);STAG;Stichtag;2022-05-15;GEOLK4;Landkreise u. krsfr. Städte (Stand 15.05.22);09672;Bad Kissingen;WHGRM2;Räume;RAUM07UM;7 und mehr Räume;4,34;€/m²;WHG012;Durchschnittliche Nettokaltmiete;e
4000W;Wohnungen (Gebietsstand 15.05.2022);STAG;Stichtag;2022-05-15;GEOLK4;Landkreise u. krsfr. Städte (Stand 15.05.22);13003;Rostock;WHGRM2;Räume;RAUM01;1 Raum;7,34;€/m²;WHG012;Durchschnittliche Nettokaltmiete;e
4000W;Wohnungen (Gebietsstand 15.05.2022);STAG;Stichtag;2022-05-15;GEOLK4;Landkreise u. krsfr. Städte (Stand 15.05.22);14730;Nordsachsen;WHGRM2;Räume;RAUM07UM;7 und mehr Räume;4,73;€/m²;WHG012;Durchschnittliche Nettokaltmiete;e
4000W;Wohnungen (Gebietsstand 15.05.2022);STAG;Stichtag;2022-05-15;GEOLK4;Landkreise u. krsfr. Städte (Stand 15.05.22);06636;Werra-Meißner-Kreis;WHGRM2;Räume;RAUM05;5 Räume;4,49;€/m²;WHG012;Durchschnittliche Nettokaltmiete;e
4000W;Wohnungen (Gebietsstand 15.05.2022);STAG;Stichtag;2022-05-15;GEOLK4;Landkreise u. krsfr. Städte (Stand 15.05.22);05374;Oberbergischer Kreis;WHGRM2;Räume;RAUM01;1 Raum;7,48;€/m²;WHG012;Durchschnittliche Nettokaltmiete;e
4000W;Wohnungen (Gebietsstand 15.05.2022);STAG;Stichtag;2022-05-15;GEOLK4;Landkreise u. krsfr. Städte (Stand 15.05.22);09675;Kitzingen;WHGRM2;Räume;RAUM05;5 Räume;5,22;€/m²;WHG012;Durchschnittliche Nettokaltmiete;e
4000W;Wohnungen (Gebietsstand 15.05.2022);STAG;Stichtag;2022-05-15;GEOLK4;Landkreise u. krsfr. Städte (Stand 15.05.22);03155;Northeim;WHGRM2;Räume;RAUM02;2 Räume;5,82;€/m²;WHG012;Durchschnittliche Nettokaltmiete;e
4000W;Wohnungen (Gebietsstand 15.05.2022);STAG;Stichtag;2022-05-15;GEOLK4;Landkreise u. krsfr. Städte (Stand 15.05.22);08117;Göppingen;WHGRM2;Räume;RAUM02;2 Räume;8,24;€/m²;WHG012;Durchschnittliche Nettokaltmiete;e
4000W;Wohnungen (Gebietsstand 15.05.2022);STAG;Stichtag;2022-05-15;GEOLK4;Landkreise u. krsfr. Städte (Stand 15.05.22);01060;Segeberg;WHGRM2;Räume;RAUM01;1 Raum;9,58;€/m²;WHG012;Durchschnittliche Nettokaltmiete;e
4000W;Wohnungen (Gebietsstand 15.05.2022);STAG;Stichtag;2022-05-15;GEOLK4;Landkreise u. krsfr. Städte (Stand 15.05.22);07111;Koblenz, kreisfreie Stadt;WHGRM2;Räume;;Insgesamt;7,45;€/m²;WHG012;Durchschnittliche Nettokaltmiete;e
4000W;Wohnungen (Gebietsstand 15.05.2022);STAG;Stichtag;2022-05-15;GEOLK4;Landkreise u. krsfr. Städte (Stand 15.05.22);03158;Wolfenbüttel;WHGRM2;Räume;RAUM07UM;7 und mehr Räume;4,87;€/m²;WHG012;Durchschnittliche Nettokaltmiete;e
4000W;Wohnungen (Gebietsstand 15.05.2022);STAG;Stichtag;2022-05-15;GEOLK4;Landkreise u. krsfr. Städte (Stand 15.05.22);09375;Regensburg, Landkreis;WHGRM2;Räume;RAUM04;4 Räume;6,64;€/m²;WHG012;Durchschnittliche Nettokaltmiete;e
4000W;Wohnungen (Gebietsstand 15.05.2022);STAG;Stichtag;2022-05-15;GEOLK4;Landkreise u. krsfr. Städte (Stand 15.05.22);05962;Märkischer Kreis;WHGRM2;Räume;RAUM04;4 Räume;5,38;€/m²;WHG012;Durchschnittliche Nettokaltmiete;e
4000W;Wohnungen (Gebietsstand 15.05.2022);STAG;Stichtag;2022-05-15;GEOLK4;Landkreise u. krsfr. Städte (Stand 15.05.22);08127;Schwäbisch Hall;WHGRM2;Räume;RAUM01;1 Raum;9,74;€/m²;WHG012;Durchschnittliche Nettokaltmiete;e
4000W;Wohnungen (Gebietsstand 15.05.2022);STAG;Stichtag;2022-05-15;GEOLK4;Landkreise u. krsfr. Städte (Stand 15.05.22);05316;Leverkusen, Stadt;WHGRM2;Räume;RAUM03;3 Räume;6,99;€/m²;WHG012;Durchschnittliche Nettokaltmiete;e
4000W;Wohnungen (Gebietsstand 15.05.2022);STAG;Stichtag;2022-05-15;GEOLK4;Landkreise u. krsfr. Städte (Stand 15.05.22);01060;Segeberg;WHGRM2;Räume;RAUM07UM;7 und mehr Räume;6,47;€/m²;WHG012;Durchschnittliche Nettokaltmiete;e
4000W;Wohnungen (Gebietsstand 15.05.2022);STAG;Stichtag;2022-05-15;GEOLK4;Landkreise u. krsfr. Städte (Stand 15.05.22);09671;Aschaffenburg, Landkreis;WHGRM2;Räume;RAUM06;6 Räume;6,24;€/m²;WHG012;Durchschnittliche Nettokaltmiete;e
4000W;Wohnungen (Gebietsstand 15.05.2022);STAG;Stichtag;2022-05-15;GEOLK4;Landkreise u. krsfr. Städte (Stand 15.05.22);12066;Oberspreewald-Lausitz;WHGRM2;Räume;RAUM05;5 Räume;4,89;€/m²;WHG012;Durchschnittliche Nettokaltmiete;e
4000W;Wohnungen (Gebietsstand 15.05.2022);STAG;Stichtag;2022-05-15;GEOLK4;Landkreise u. krsfr. Städte (Stand 15.05.22);08325;Rottweil;WHGRM2;Räume;RAUM02;2 Räume;6,91;€/m²;WHG012;Durchschnittliche Nettokaltmiete;e
4000W;Wohnungen (Gebietsstand 15.05.2022);STAG;Stichtag;2022-05-15;GEOLK4;Landkreise u. krsfr. Städte (Stand 15.05.22);03159;Göttingen;WHGRM2;Räume;RAUM05;5 Räume;6,01;€/m²;WHG012;Durchschnittliche Nettokaltmiete;e
4000W;Wohnungen (Gebietsstand 15.05.2022);STAG;Stichtag;2022-05-15;GEOLK4;Landkreise u. krsfr. Städte (Stand 15.05.22);03151;Gifhorn;WHGRM2;Räume;RAUM03;3 Räume;6,58;€/m²;WHG012;Durchschnittliche Nettokaltmiete;e
4000W;Wohnungen (Gebietsstand 15.05.2022);STAG;Stichtag;2022-05-15;GEOLK4;Landkreise u. krsfr. Städte (Stand 15.05.22);06434;Hochtaunuskreis;WHGRM2;Räume;RAUM05;5 Räume;9,13;€/m²;WHG012;Durchschnittliche Nettokaltmiete;e
4000W;Wohnungen (Gebietsstand 15.05.2022);STAG;Stichtag;2022-05-15;GEOLK4;Landkreise u. krsfr. Städte (Stand 15.05.22);08311;Freiburg im Breisgau, Stadtkreis;WHGRM2;Räume;RAUM04;4 Räume;8,89;€/m²;WHG012;Durchschnittliche Nettokaltmiete;e
4000W;Wohnungen (Gebietsstand 15.05.2022);STAG;Stichtag;2022-05-15;GEOLK4;Landkreise u. krsfr. Städte (Stand 15.05.22);09162;München, Landeshauptstadt;WHGRM2;Räume;RAUM07UM;7 und mehr Räume;13,24;€/m²;WHG012;Durchschnittliche Nettokaltmiete;e
4000W;Wohnungen (Gebietsstand 15.05.2022);STAG;Stichtag;2022-05-15;GEOLK4;Landkreise u. krsfr. Städte (Stand 15.05.22);15090;Stendal;WHGRM2;Räume;;Insgesamt;4,99;€/m²;WHG012;Durchschnittliche Nettokaltmiete;e
4000W;Wohnungen (Gebietsstand 15.05.2022);STAG;Stichtag;2022-05-15;GEOLK4;Landkreise u. krsfr. Städte (Stand 15.05.22);14713;Leipzig, Stadt;WHGRM2;Räume;RAUM05;5 Räume;6,38;€/m²;WHG012;Durchschnittliche Nettokaltmiete;e
4000W;Wohnungen (Gebietsstand 15.05.2022);STAG;Stichtag;2022-05-15;GEOLK4;Landkreise u. krsfr. Städte (Stand 15.05.22);05166;Viersen;WHGRM2;Räume;RAUM01;1 Raum;7,49;€/m²;WHG012;Durchschnittliche Nettokaltmiete;e
4000W;Wohnungen (Gebietsstand 15.05.2022);STAG;Stichtag;2022-05-15;GEOLK4;Landkreise u. krsfr. Städte (Stand 15.05.22);06534;Marburg-Biedenkopf;WHGRM2;Räume;RAUM05;5 Räume;6,22;€/m²;WHG012;Durchschnittliche Nettokaltmiete;e
4000W;Wohnungen (Gebietsstand 15.05.2022);STAG;Stichtag;2022-05-15;GEOLK4;Landkreise u. krsfr. Städte (Stand 15.05.22);14626;Görlitz;WHGRM2;Räume;RAUM05;5 Räume;4,47;€/m²;WHG012;Durchschnittliche Nettokaltmiete;e
4000W;Wohnungen (Gebietsstand 15.05.2022);STAG;Stichtag;2022-05-15;GEOLK4;Landkreise u. krsfr. Städte (Stand 15.05.22);08425;Alb-Donau-Kreis;WHGRM2;Räume;RAUM02;2 Räume;8,15;€/m²;WHG012;Durchschnittliche Nettokaltmiete;e
4000W;Wohnungen (Gebietsstand 15.05.2022);STAG;Stichtag;2022-05-15;GEOLK4;Landkreise u. krsfr. Städte (Stand 15.05.22);07334;Germersheim;WHGRM2;Räume;;Insgesamt;7,07;€/m²;WHG012;Durchschnittliche Nettokaltmiete;e
4000W;Wohnungen (Gebietsstand 15.05.2022);STAG;Stichtag;2022-05-15;GEOLK4;Landkreise u. krsfr. Städte (Stand 15.05.22);09478;Lichtenfels;WHGRM2;Räume;;Insgesamt;5,49;€/m²;WHG012;Durchschnittliche Nettokaltmiete;e
4000W;Wohnungen (Gebietsstand 15.05.2022);STAG;Stichtag;2022-05-15;GEOLK4;Landkreise u. krsfr. Städte (Stand 15.05.22);09188;Starnberg;WHGRM2;Räume;RAUM07UM;7 und mehr Räume;11,55;€/m²;WHG012;Durchschnittliche Nettokaltmiete;e
4000W;Wohnungen (Gebietsstand 15.05.2022);STAG;Stichtag;2022-05-15;GEOLK4;Landkreise u. krsfr. Städte (Stand 15.05.22);07320;Zweibrücken, kreisfreie Stadt;WHGRM2;Räume;RAUM06;6 Räume;4,95;€/m²;WHG012;Durchschnittliche Nettokaltmiete;e
4000W;Wohnungen (Gebietsstand 15.05.2022);STAG;Stichtag;2022-05-15;GEOLK4;Landkreise u. krsfr. Städte (Stand 15.05.22);03404;Osnabrück, Stadt;WHGRM2;Räume;RAUM06;6 Räume;6,55;€/m²;WHG012;Durchschnittliche Nettokaltmiete;e
4000W;Wohnungen (Gebietsstand 15.05.2022);STAG;Stichtag;2022-05-15;GEOLK4;Landkreise u. krsfr. Städte (Stand 15.05.22);15002;Halle (Saale), Stadt;WHGRM2;Räume;RAUM02;2 Räume;6,39;€/m²;WHG012;Durchschnittliche Nettokaltmiete;e
4000W;Wohnungen (Gebietsstand 15.05.2022);STAG;Stichtag;2022-05-15;GEOLK4;Landkreise u. krsfr. Städte (Stand 15.05.22);12062;Elbe-Elster;WHGRM2;Räume;RAUM02;2 Räume;5,15;€/m²;WHG012;Durchschnittliche Nettokaltmiete;e
4000W;Wohnungen (Gebietsstand 15.05.2022);STAG;Stichtag;2022-05-15;GEOLK4;Landkreise u. krsfr. Städte (Stand 15.05.22);16066;Schmalkalden-Meiningen;WHGRM2;Räume;RAUM02;2 Räume;5,45;€/m²;WHG012;Durchschnittliche Nettokaltmiete;e
4000W;Wohnungen (Gebietsstand 15.05.2022);STAG;Stichtag;2022-05-15;GEOLK4;Landkreise u. krsfr. Städte (Stand 15.05.22);16072;Sonneberg;WHGRM2;Räume;RAUM06;6 Räume;4,66;€/m²;WHG012;Durchschnittliche Nettokaltmiete;e
4000W;Wohnungen (Gebietsstand 15.05.2022);STAG;Stichtag;2022-05-15;GEOLK4;Landkreise u. krsfr. Städte (Stand 15.05.22);03101;Braunschweig, Stadt;WHGRM2;Räume;RAUM04;4 Räume;6,79;€/m²;WHG012;Durchschnittliche Nettokaltmiete;e
4000W;Wohnungen (Gebietsstand 15.05.2022);STAG;Stichtag;2022-05-15;GEOLK4;Landkreise u. krsfr. Städte (Stand 15.05.22);07318;Speyer, kreisfreie Stadt;WHGRM2;Räume;RAUM05;5 Räume;6,58;€/m²;WHG012;Durchschnittliche Nettokaltmiete;e
4000W;Wohnungen (Gebietsstand 15.05.2022);STAG;Stichtag;2022-05-15;GEOLK4;Landkreise u. krsfr. Städte (Stand 15.05.22);08118;Ludwigsburg;WHGRM2;Räume;RAUM04;4 Räume;8,44;€/m²;WHG012;Durchschnittliche Nettokaltmiete;e
4000W;Wohnungen (Gebietsstand 15.05.2022);STAG;Stichtag;2022-05-15;GEOLK4;Landkreise u. krsfr. Städte (Stand 15.05.22);06535;Vogelsbergkreis;WHGRM2;Räume;;Insgesamt;5,13;€/m²;WHG012;Durchschnittliche Nettokaltmiete;e
4000W;Wohnungen (Gebietsstand 15.05.2022);STAG;Stichtag;2022-05-15;GEOLK4;Landkreise u. krsfr. Städte (Stand 15.05.22);09463;Coburg, Kreisfreie Stadt;WHGRM2;Räume;RAUM06;6 Räume;5,99;€/m²;WHG012;Durchschnittliche Nettokaltmiete;e
4000W;Wohnungen (Gebietsstand 15.05.2022);STAG;Stichtag;2022-05-15;GEOLK4;Landkreise u. krsfr. Städte (Stand 15.05.22);08216;Rastatt;WHGRM2;Räume;;Insgesamt;6,99;€/m²;WHG012;Durchschnittliche Nettokaltmiete;e
4000W;Wohnungen (Gebietsstand 15.05.2022);STAG;Stichtag;2022-05-15;GEOLK4;Landkreise u. krsfr. Städte (Stand 15.05.22);09477;Kulmbach;WHGRM2;Räume;RAUM04;4 Räume;5,11;€/m²;WHG012;Durchschnittliche Nettokaltmiete;e
4000W;Wohnungen (Gebietsstand 15.05.2022);STAG;Stichtag;2022-05-15;GEOLK4;Landkreise u. krsfr. Städte (Stand 15.05.22);09564;Nürnberg;WHGRM2;Räume;RAUM04;4 Räume;7,64;€/m²;WHG012;Durchschnittliche Nettokaltmiete;e
4000W;Wohnungen (Gebietsstand 15.05.2022);STAG;Stichtag;2022-05-15;GEOLK4;Landkreise u. krsfr. Städte (Stand 15.05.22);09376;Schwandorf;WHGRM2;Räume;RAUM06;6 Räume;5,04;€/m²;WHG012;Durchschnittliche Nettokaltmiete;e
4000W;Wohnungen (Gebietsstand 15.05.2022);STAG;Stichtag;2022-05-15;GEOLK4;Landkreise u. krsfr. Städte (Stand 15.05.22);01058;Rendsburg-Eckernförde;WHGRM2;Räume;;Insgesamt;6,86;€/m²;WHG012;Durchschnittliche Nettokaltmiete;e
4000W;Wohnungen (Gebietsstand 15.05.2022);STAG;Stichtag;2022-05-15;GEOLK4;Landkreise u. krsfr. Städte (Stand 15.05.22);03453;Cloppenburg;WHGRM2;Räume;RAUM07UM;7 und mehr Räume;4,61;€/m²;WHG012;Durchschnittliche Nettokaltmiete;e
4000W;Wohnungen (Gebietsstand 15.05.2022);STAG;Stichtag;2022-05-15;GEOLK4;Landkreise u. krsfr. Städte (Stand 15.05.22);08425;Alb-Donau-Kreis;WHGRM2;Räume;;Insgesamt;7,11;€/m²;WHG012;Durchschnittliche Nettokaltmiete;e
4000W;Wohnungen (Gebietsstand 15.05.2022);STAG;Stichtag;2022-05-15;GEOLK4;Landkreise u. krsfr. Städte (Stand 15.05.22);07334;Germersheim;WHGRM2;Räume;RAUM04;4 Räume;6,64;€/m²;WHG012;Durchschnittliche Nettokaltmiete;e
4000W;Wohnungen (Gebietsstand 15.05.2022);STAG;Stichtag;2022-05-15;GEOLK4;Landkreise u. krsfr. Städte (Stand 15.05.22);05122;Solingen, Klingenstadt;WHGRM2;Räume;;Insgesamt;6,38;€/m²;WHG012;Durchschnittliche Nettokaltmiete;e
4000W;Wohnungen (Gebietsstand 15.05.2022);STAG;Stichtag;2022-05-15;GEOLK4;Landkreise u. krsfr. Städte (Stand 15.05.22);09576;Roth;WHGRM2;Räume;RAUM02;2 Räume;7,31;€/m²;WHG012;Durchschnittliche Nettokaltmiete;e
4000W;Wohnungen (Gebietsstand 15.05.2022);STAG;Stichtag;2022-05-15;GEOLK4;Landkreise u. krsfr. Städte (Stand 15.05.22);03252;Hameln-Pyrmont;WHGRM2;Räume;RAUM07UM;7 und mehr Räume;4,21;€/m²;WHG012;Durchschnittliche Nettokaltmiete;e
4000W;Wohnungen (Gebietsstand 15.05.2022);STAG;Stichtag;2022-05-15;GEOLK4;Landkreise u. krsfr. Städte (Stand 15.05.22);05711;Bielefeld, Stadt;WHGRM2;Räume;;Insgesamt;7,12;€/m²;WHG012;Durchschnittliche Nettokaltmiete;e
4000W;Wohnungen (Gebietsstand 15.05.2022);STAG;Stichtag;2022-05-15;GEOLK4;Landkreise u. krsfr. Städte (Stand 15.05.22);09565;Schwabach;WHGRM2;Räume;RAUM06;6 Räume;6,80;€/m²;WHG012;Durchschnittliche Nettokaltmiete;e
4000W;Wohnungen (Gebietsstand 15.05.2022);STAG;Stichtag;2022-05-15;GEOLK4;Landkreise u. krsfr. Städte (Stand 15.05.22);05915;Hamm, Stadt;WHGRM2;Räume;RAUM07UM;7 und mehr Räume;5,47;€/m²;WHG012;Durchschnittliche Nettokaltmiete;e
4000W;Wohnungen (Gebietsstand 15.05.2022);STAG;Stichtag;2022-05-15;GEOLK4;Landkreise u. krsfr. Städte (Stand 15.05.22);09774;Günzburg;WHGRM2;Räume;RAUM03;3 Räume;6,71;€/m²;WHG012;Durchschnittliche Nettokaltmiete;e
4000W;Wohnungen (Gebietsstand 15.05.2022);STAG;Stichtag;2022-05-15;GEOLK4;Landkreise u. krsfr. Städte (Stand 15.05.22);07333;Donnersbergkreis;WHGRM2;Räume;RAUM06;6 Räume;5,23;€/m²;WHG012;Durchschnittliche Nettokaltmiete;e
4000W;Wohnungen (Gebietsstand 15.05.2022);STAG;Stichtag;2022-05-15;GEOLK4;Landkreise u. krsfr. Städte (Stand 15.05.22);05958;Hochsauerlandkreis;WHGRM2;Räume;RAUM04;4 Räume;5,03;€/m²;WHG012;Durchschnittliche Nettokaltmiete;e
4000W;Wohnungen (Gebietsstand 15.05.2022);STAG;Stichtag;2022-05-15;GEOLK4;Landkreise u. krsfr. Städte (Stand 15.05.22);05154;Kleve;WHGRM2;Räume;RAUM03;3 Räume;6,42;€/m²;WHG012;Durchschnittliche Nettokaltmiete;e
4000W;Wohnungen (Gebietsstand 15.05.2022);STAG;Stichtag;2022-05-15;GEOLK4;Landkreise u. krsfr. Städte (Stand 15.05.22);08231;Pforzheim, Stadtkreis;WHGRM2;Räume;RAUM06;6 Räume;6,76;€/m²;WHG012;Durchschnittliche Nettokaltmiete;e
4000W;Wohnungen (Gebietsstand 15.05.2022);STAG;Stichtag;2022-05-15;GEOLK4;Landkreise u. krsfr. Städte (Stand 15.05.22);13076;Ludwigslust-Parchim;WHGRM2;Räume;RAUM03;3 Räume;5,35;€/m²;WHG012;Durchschnittliche Nettokaltmiete;e
4000W;Wohnungen (Gebietsstand 15.05.2022);STAG;Stichtag;2022-05-15;GEOLK4;Landkreise u. krsfr. Städte (Stand 15.05.22);15089;Salzlandkreis;WHGRM2;Räume;RAUM06;6 Räume;4,67;€/m²;WHG012;Durchschnittliche Nettokaltmiete;e
4000W;Wohnungen (Gebietsstand 15.05.2022);STAG;Stichtag;2022-05-15;GEOLK4;Landkreise u. krsfr. Städte (Stand 15.05.22);09776;Lindau (Bodensee);WHGRM2;Räume;;Insgesamt;8,04;€/m²;WHG012;Durchschnittliche Nettokaltmiete;e
4000W;Wohnungen (Gebietsstand 15.05.2022);STAG;Stichtag;2022-05-15;GEOLK4;Landkreise u. krsfr. Städte (Stand 15.05.22);08335;Konstanz;WHGRM2;Räume;RAUM01;1 Raum;12,06;€/m²;WHG012;Durchschnittliche Nettokaltmiete;e
4000W;Wohnungen (Gebietsstand 15.05.2022);STAG;Stichtag;2022-05-15;GEOLK4;Landkreise u. krsfr. Städte (Stand 15.05.22);07317;Pirmasens, kreisfreie Stadt;WHGRM2;Räume;RAUM03;3 Räume;4,71;€/m²;WHG012;Durchschnittliche Nettokaltmiete;e
4000W;Wohnungen (Gebietsstand 15.05.2022);STAG;Stichtag;2022-05-15;GEOLK4;Landkreise u. krsfr. Städte (Stand 15.05.22);01060;Segeberg;WHGRM2;Räume;;Insgesamt;7,93;€/m²;WHG012;Durchschnittliche Nettokaltmiete;e
4000W;Wohnungen (Gebietsstand 15.05.2022);STAG;Stichtag;2022-05-15;GEOLK4;Landkreise u. krsfr. Städte (Stand 15.05.22);09263;Straubing;WHGRM2;Räume;RAUM01;1 Raum;8,59;€/m²;WHG012;Durchschnittliche Nettokaltmiete;e
4000W;Wohnungen (Gebietsstand 15.05.2022);STAG;Stichtag;2022-05-15;GEOLK4;Landkreise u. krsfr. Städte (Stand 15.05.22);14627;Meißen;WHGRM2;Räume;RAUM03;3 Räume;5,63;€/m²;WHG012;Durchschnittliche Nettokaltmiete;e
4000W;Wohnungen (Gebietsstand 15.05.2022);STAG;Stichtag;2022-05-15;GEOLK4;Landkreise u. krsfr. Städte (Stand 15.05.22);09275;Passau, Landkreis;WHGRM2;Räume;;Insgesamt;5,83;€/m²;WHG012;Durchschnittliche Nettokaltmiete;e
4000W;Wohnungen (Gebietsstand 15.05.2022);STAG;Stichtag;2022-05-15;GEOLK4;Landkreise u. krsfr. Städte (Stand 15.05.22);03157;Peine;WHGRM2;Räume;RAUM06;6 Räume;5,42;€/m²;WHG012;Durchschnittliche Nettokaltmiete;e
4000W;Wohnungen (Gebietsstand 15.05.2022);STAG;Stichtag;2022-05-15;GEOLK4;Landkreise u. krsfr. Städte (Stand 15.05.22);09261;Landshut, Kreisfreie Stadt;WHGRM2;Räume;;Insgesamt;8,20;€/m²;WHG012;Durchschnittliche Nettokaltmiete;e
4000W;Wohnungen (Gebietsstand 15.05.2022);STAG;Stichtag;2022-05-15;GEOLK4;Landkreise u. krsfr. Städte (Stand 15.05.22);12062;Elbe-Elster;WHGRM2;Räume;;Insgesamt;4,95;€/m²;WHG012;Durchschnittliche Nettokaltmiete;e
4000W;Wohnungen (Gebietsstand 15.05.2022);STAG;Stichtag;2022-05-15;GEOLK4;Landkreise u. krsfr. Städte (Stand 15.05.22);09184;München, Landkreis;WHGRM2;Räume;RAUM01;1 Raum;15,44;€/m²;WHG012;Durchschnittliche Nettokaltmiete;e
4000W;Wohnungen (Gebietsstand 15.05.2022);STAG;Stichtag;2022-05-15;GEOLK4;Landkreise u. krsfr. Städte (Stand 15.05.22);09377;Tirschenreuth;WHGRM2;Räume;RAUM04;4 Räume;4,41;€/m²;WHG012;Durchschnittliche Nettokaltmiete;e
4000W;Wohnungen (Gebietsstand 15.05.2022);STAG;Stichtag;2022-05-15;GEOLK4;Landkreise u. krsfr. Städte (Stand 15.05.22);12064;Märkisch-Oderland;WHGRM2;Räume;RAUM01;1 Raum;7,80;€/m²;WHG012;Durchschnittliche Nettokaltmiete;e
4000W;Wohnungen (Gebietsstand 15.05.2022);STAG;Stichtag;2022-05-15;GEOLK4;Landkreise u. krsfr. Städte (Stand 15.05.22);01062;Stormarn;WHGRM2;Räume;RAUM01;1 Raum;13,41;€/m²;WHG012;Durchschnittliche Nettokaltmiete;e
4000W;Wohnungen (Gebietsstand 15.05.2022);STAG;Stichtag;2022-05-15;GEOLK4;Landkreise u. krsfr. Städte (Stand 15.05.22);07335;Kaiserslautern;WHGRM2;Räume;RAUM06;6 Räume;7,14;€/m²;WHG012;Durchschnittliche Nettokaltmiete;e
4000W;Wohnungen (Gebietsstand 15.05.2022);STAG;Stichtag;2022-05-15;GEOLK4;Landkreise u. krsfr. Städte (Stand 15.05.22);12070;Prignitz;WHGRM2;Räume;RAUM01;1 Raum;5,72;€/m²;WHG012;Durchschnittliche Nettokaltmiete;e
4000W;Wohnungen (Gebietsstand 15.05.2022);STAG;Stichtag;2022-05-15;GEOLK4;Landkreise u. krsfr. Städte (Stand 15.05.22);09776;Lindau (Bodensee);WHGRM2;Räume;RAUM03;3 Räume;8,15;€/m²;WHG012;Durchschnittliche Nettokaltmiete;e
4000W;Wohnungen (Gebietsstand 15.05.2022);STAG;Stichtag;2022-05-15;GEOLK4;Landkreise u. krsfr. Städte (Stand 15.05.22);05914;Hagen, Stadt der FernUniversität;WHGRM2;Räume;RAUM05;5 Räume;5,25;€/m²;WHG012;Durchschnittliche Nettokaltmiete;e
4000W;Wohnungen (Gebietsstand 15.05.2022);STAG;Stichtag;2022-05-15;GEOLK4;Landkreise u. krsfr. Städte (Stand 15.05.22);12072;Teltow-Fläming;WHGRM2;Räume;RAUM01;1 Raum;7,04;€/m²;WHG012;Durchschnittliche Nettokaltmiete;e
4000W;Wohnungen (Gebietsstand 15.05.2022);STAG;Stichtag;2022-05-15;GEOLK4;Landkreise u. krsfr. Städte (Stand 15.05.22);08125;Heilbronn, Landkreis;WHGRM2;Räume;RAUM07UM;7 und mehr Räume;6,55;€/m²;WHG012;Durchschnittliche Nettokaltmiete;e
4000W;Wohnungen (Gebietsstand 15.05.2022);STAG;Stichtag;2022-05-15;GEOLK4;Landkreise u. krsfr. Städte (Stand 15.05.22);09574;Nürnberger Land;WHGRM2;Räume;RAUM03;3 Räume;6,88;€/m²;WHG012;Durchschnittliche Nettokaltmiete;e
4000W;Wohnungen (Gebietsstand 15.05.2022);STAG;Stichtag;2022-05-15;GEOLK4;Landkreise u. krsfr. Städte (Stand 15.05.22);16076;Greiz;WHGRM2;Räume;RAUM05;5 Räume;4,42;€/m²;WHG012;Durchschnittliche Nettokaltmiete;e
4000W;Wohnungen (Gebietsstand 15.05.2022);STAG;Stichtag;2022-05-15;GEOLK4;Landkreise u. krsfr. Städte (Stand 15.05.22);08316;Emmendingen;WHGRM2;Räume;RAUM07UM;7 und mehr Räume;6,55;€/m²;WHG012;Durchschnittliche Nettokaltmiete;e
4000W;Wohnungen (Gebietsstand 15.05.2022);STAG;Stichtag;2022-05-15;GEOLK4;Landkreise u. krsfr. Städte (Stand 15.05.22);03355;Lüneburg;WHGRM2;Räume;;Insgesamt;7,80;€/m²;WHG012;Durchschnittliche Nettokaltmiete;e
4000W;Wohnungen (Gebietsstand 15.05.2022);STAG;Stichtag;2022-05-15;GEOLK4;Landkreise u. krsfr. Städte (Stand 15.05.22);14730;Nordsachsen;WHGRM2;Räume;RAUM06;6 Räume;4,84;€/m²;WHG012;Durchschnittliche Nettokaltmiete;e
4000W;Wohnungen (Gebietsstand 15.05.2022);STAG;Stichtag;2022-05-15;GEOLK4;Landkreise u. krsfr. Städte (Stand 15.05.22);09363;Weiden i.d.OPf.;WHGRM2;Räume;RAUM07UM;7 und mehr Räume;6,34;€/m²;WHG012;Durchschnittliche Nettokaltmiete;e
4000W;Wohnungen (Gebietsstand 15.05.2022);STAG;Stichtag;2022-05-15;GEOLK4;Landkreise u. krsfr. Städte (Stand 15.05.22);13075;Vorpommern-Greifswald;WHGRM2;Räume;RAUM06;6 Räume;5,37;€/m²;WHG012;Durchschnittliche Nettokaltmiete;e
4000W;Wohnungen (Gebietsstand 15.05.2022);STAG;Stichtag;2022-05-15;GEOLK4;Landkreise u. krsfr. Städte (Stand 15.05.22);07319;Worms, kreisfreie Stadt;WHGRM2;Räume;RAUM03;3 Räume;6,70;€/m²;WHG012;Durchschnittliche Nettokaltmiete;e
4000W;Wohnungen (Gebietsstand 15.05.2022);STAG;Stichtag;2022-05-15;GEOLK4;Landkreise u. krsfr. Städte (Stand 15.05.22);11000;Berlin, Stadt;WHGRM2;Räume;RAUM05;5 Räume;7,08;€/m²;WHG012;Durchschnittliche Nettokaltmiete;e
4000W;Wohnungen (Gebietsstand 15.05.2022);STAG;Stichtag;2022-05-15;GEOLK4;Landkreise u. krsfr. Städte (Stand 15.05.22);09476;Kronach;WHGRM2;Räume;RAUM06;6 Räume;4,39;€/m²;WHG012;Durchschnittliche Nettokaltmiete;e
4000W;Wohnungen (Gebietsstand 15.05.2022);STAG;Stichtag;2022-05-15;GEOLK4;Landkreise u. krsfr. Städte (Stand 15.05.22);09563;Fürth, Kreisfreie Stadt;WHGRM2;Räume;RAUM06;6 Räume;7,04;€/m²;WHG012;Durchschnittliche Nettokaltmiete;e
4000W;Wohnungen (Gebietsstand 15.05.2022);STAG;Stichtag;2022-05-15;GEOLK4;Landkreise u. krsfr. Städte (Stand 15.05.22);14612;Dresden, Stadt;WHGRM2;Räume;RAUM07UM;7 und mehr Räume;6,81;€/m²;WHG012;Durchschnittliche Nettokaltmiete;e
4000W;Wohnungen (Gebietsstand 15.05.2022);STAG;Stichtag;2022-05-15;GEOLK4;Landkreise u. krsfr. Städte (Stand 15.05.22);08136;Ostalbkreis;WHGRM2;Räume;RAUM02;2 Räume;7,85;€/m²;WHG012;Durchschnittliche Nettokaltmiete;e
4000W;Wohnungen (Gebietsstand 15.05.2022);STAG;Stichtag;2022-05-15;GEOLK4;Landkreise u. krsfr. Städte (Stand 15.05.22);09271;Deggendorf;WHGRM2;Räume;RAUM01;1 Raum;9,72;€/m²;WHG012;Durchschnittliche Nettokaltmiete;e
4000W;Wohnungen (Gebietsstand 15.05.2022);STAG;Stichtag;2022-05-15;GEOLK4;Landkreise u. krsfr. Städte (Stand 15.05.22);07313;Landau in der Pfalz, kreisfreie Stadt;WHGRM2;Räume;RAUM07UM;7 und mehr Räume;6,83;€/m²;WHG012;Durchschnittliche Nettokaltmiete;e
4000W;Wohnungen (Gebietsstand 15.05.2022);STAG;Stichtag;2022-05-15;GEOLK4;Landkreise u. krsfr. Städte (Stand 15.05.22);03255;Holzminden;WHGRM2;Räume;RAUM06;6 Räume;3,89;€/m²;WHG012;Durchschnittliche Nettokaltmiete;e
4000W;Wohnungen (Gebietsstand 15.05.2022);STAG;Stichtag;2022-05-15;GEOLK4;Landkreise u. krsfr. Städte (Stand 15.05.22);07141;Rhein-Lahn-Kreis;WHGRM2;Räume;RAUM01;1 Raum;7,86;€/m²;WHG012;Durchschnittliche Nettokaltmiete;e
4000W;Wohnungen (Gebietsstand 15.05.2022);STAG;Stichtag;2022-05-15;GEOLK4;Landkreise u. krsfr. Städte (Stand 15.05.22);06432;Darmstadt-Dieburg;WHGRM2;Räume;RAUM01;1 Raum;11,47;€/m²;WHG012;Durchschnittliche Nettokaltmiete;e
4000W;Wohnungen (Gebietsstand 15.05.2022);STAG;Stichtag;2022-05-15;GEOLK4;Landkreise u. krsfr. Städte (Stand 15.05.22);08225;Neckar-Odenwald-Kreis;WHGRM2;Räume;RAUM02;2 Räume;6,61;€/m²;WHG012;Durchschnittliche Nettokaltmiete;e
4000W;Wohnungen (Gebietsstand 15.05.2022);STAG;Stichtag;2022-05-15;GEOLK4;Landkreise u. krsfr. Städte (Stand 15.05.22);16061;Eichsfeld;WHGRM2;Räume;RAUM05;5 Räume;4,93;€/m²;WHG012;Durchschnittliche Nettokaltmiete;e
4000W;Wohnungen (Gebietsstand 15.05.2022);STAG;Stichtag;2022-05-15;GEOLK4;Landkreise u. krsfr. Städte (Stand 15.05.22);09180;Garmisch-Partenkirchen;WHGRM2;Räume;RAUM02;2 Räume;9,41;€/m²;WHG012;Durchschnittliche Nettokaltmiete;e
4000W;Wohnungen (Gebietsstand 15.05.2022);STAG;Stichtag;2022-05-15;GEOLK4;Landkreise u. krsfr. Städte (Stand 15.05.22);03357;Rotenburg (Wümme);WHGRM2;Räume;RAUM06;6 Räume;5,16;€/m²;WHG012;Durchschnittliche Nettokaltmiete;e
4000W;Wohnungen (Gebietsstand 15.05.2022);STAG;Stichtag;2022-05-15;GEOLK4;Landkreise u. krsfr. Städte (Stand 15.05.22);07314;Ludwigshafen am Rhein, kreisfreie Stadt;WHGRM2;Räume;RAUM07UM;7 und mehr Räume;6,58;€/m²;WHG012;Durchschnittliche Nettokaltmiete;e
4000W;Wohnungen (Gebietsstand 15.05.2022);STAG;Stichtag;2022-05-15;GEOLK4;Landkreise u. krsfr. Städte (Stand 15.05.22);09464;Hof, Kreisfreie Stadt;WHGRM2;Räume;RAUM04;4 Räume;4,81;€/m²;WHG012;Durchschnittliche Nettokaltmiete;e
4000W;Wohnungen (Gebietsstand 15.05.2022);STAG;Stichtag;2022-05-15;GEOLK4;Landkreise u. krsfr. Städte (Stand 15.05.22);09780;Oberallgäu;WHGRM2;Räume;RAUM03;3 Räume;7,07;€/m²;WHG012;Durchschnittliche Nettokaltmiete;e
4000W;Wohnungen (Gebietsstand 15.05.2022);STAG;Stichtag;2022-05-15;GEOLK4;Landkreise u. krsfr. Städte (Stand 15.05.22);09182;Miesbach;WHGRM2;Räume;RAUM01;1 Raum;12,03;€/m²;WHG012;Durchschnittliche Nettokaltmiete;e
4000W;Wohnungen (Gebietsstand 15.05.2022);STAG;Stichtag;2022-05-15;GEOLK4;Landkreise u. krsfr. Städte (Stand 15.05.22);09161;Ingolstadt;WHGRM2;Räume;RAUM01;1 Raum;13,85;€/m²;WHG012;Durchschnittliche Nettokaltmiete;e
4000W;Wohnungen (Gebietsstand 15.05.2022);STAG;Stichtag;2022-05-15;GEOLK4;Landkreise u. krsfr. Städte (Stand 15.05.22);13073;Vorpommern-Rügen;WHGRM2;Räume;RAUM06;6 Räume;5,59;€/m²;WHG012;Durchschnittliche Nettokaltmiete;e
4000W;Wohnungen (Gebietsstand 15.05.2022);STAG;Stichtag;2022-05-15;GEOLK4;Landkreise u. krsfr. Städte (Stand 15.05.22);03257;Schaumburg;WHGRM2;Räume;RAUM06;6 Räume;4,83;€/m²;WHG012;Durchschnittliche Nettokaltmiete;e
4000W;Wohnungen (Gebietsstand 15.05.2022);STAG;Stichtag;2022-05-15;GEOLK4;Landkreise u. krsfr. Städte (Stand 15.05.22);09771;Aichach-Friedberg;WHGRM2;Räume;RAUM06;6 Räume;6,92;€/m²;WHG012;Durchschnittliche Nettokaltmiete;e
4000W;Wohnungen (Gebietsstand 15.05.2022);STAG;Stichtag;2022-05-15;GEOLK4;Landkreise u. krsfr. Städte (Stand 15.05.22);09474;Forchheim;WHGRM2;Räume;;Insgesamt;6,58;€/m²;WHG012;Durchschnittliche Nettokaltmiete;e
4000W;Wohnungen (Gebietsstand 15.05.2022);STAG;Stichtag;2022-05-15;GEOLK4;Landkreise u. krsfr. Städte (Stand 15.05.22);05114;Krefeld, Stadt;WHGRM2;Räume;RAUM03;3 Räume;6,51;€/m²;WHG012;Durchschnittliche Nettokaltmiete;e
4000W;Wohnungen (Gebietsstand 15.05.2022);STAG;Stichtag;2022-05-15;GEOLK4;Landkreise u. krsfr. Städte (Stand 15.05.22);05774;Paderborn;WHGRM2;Räume;RAUM07UM;7 und mehr Räume;5,17;€/m²;WHG012;Durchschnittliche Nettokaltmiete;e
4000W;Wohnungen (Gebietsstand 15.05.2022);STAG;Stichtag;2022-05-15;GEOLK4;Landkreise u. krsfr. Städte (Stand 15.05.22);03402;Emden, Stadt;WHGRM2;Räume;RAUM02;2 Räume;7,08;€/m²;WHG012;Durchschnittliche Nettokaltmiete;e
4000W;Wohnungen (Gebietsstand 15.05.2022);STAG;Stichtag;2022-05-15;GEOLK4;Landkreise u. krsfr. Städte (Stand 15.05.22);01059;Schleswig-Flensburg;WHGRM2;Räume;RAUM06;6 Räume;5,53;€/m²;WHG012;Durchschnittliche Nettokaltmiete;e
4000W;Wohnungen (Gebietsstand 15.05.2022);STAG;Stichtag;2022-05-15;GEOLK4;Landkreise u. krsfr. Städte (Stand 15.05.22);06436;Main-Taunus-Kreis;WHGRM2;Räume;RAUM04;4 Räume;8,73;€/m²;WHG012;Durchschnittliche Nettokaltmiete;e
4000W;Wohnungen (Gebietsstand 15.05.2022);STAG;Stichtag;2022-05-15;GEOLK4;Landkreise u. krsfr. Städte (Stand 15.05.22);08327;Tuttlingen;WHGRM2;Räume;RAUM01;1 Raum;8,79;€/m²;WHG012;Durchschnittliche Nettokaltmiete;e
4000W;Wohnungen (Gebietsstand 15.05.2022);STAG;Stichtag;2022-05-15;GEOLK4;Landkreise u. krsfr. Städte (Stand 15.05.22);03251;Diepholz;WHGRM2;Räume;RAUM03;3 Räume;6,58;€/m²;WHG012;Durchschnittliche Nettokaltmiete;e
4000W;Wohnungen (Gebietsstand 15.05.2022);STAG;Stichtag;2022-05-15;GEOLK4;Landkreise u. krsfr. Städte (Stand 15.05.22);06411;Darmstadt, Wissenschaftsstadt;WHGRM2;Räume;RAUM01;1 Raum;13,84;€/m²;WHG012;Durchschnittliche Nettokaltmiete;e
4000W;Wohnungen (Gebietsstand 15.05.2022);STAG;Stichtag;2022-05-15;GEOLK4;Landkreise u. krsfr. Städte (Stand 15.05.22);09371;Amberg-Sulzbach;WHGRM2;Räume;RAUM01;1 Raum;7,33;€/m²;WHG012;Durchschnittliche Nettokaltmiete;e
4000W;Wohnungen (Gebietsstand 15.05.2022);STAG;Stichtag;2022-05-15;GEOLK4;Landkreise u. krsfr. Städte (Stand 15.05.22);03459;Osnabrück;WHGRM2;Räume;RAUM02;2 Räume;6,68;€/m²;WHG012;Durchschnittliche Nettokaltmiete;e
4000W;Wohnungen (Gebietsstand 15.05.2022);STAG;Stichtag;2022-05-15;GEOLK4;Landkreise u. krsfr. Städte (Stand 15.05.22);04011;Bremen, Stadt;WHGRM2;Räume;RAUM02;2 Räume;8,82;€/m²;WHG012;Durchschnittliche Nettokaltmiete;e
4000W;Wohnungen (Gebietsstand 15.05.2022);STAG;Stichtag;2022-05-15;GEOLK4;Landkreise u. krsfr. Städte (Stand 15.05.22);09761;Augsburg, Kreisfreie Stadt;WHGRM2;Räume;RAUM03;3 Räume;8,13;€/m²;WHG012;Durchschnittliche Nettokaltmiete;e
4000W;Wohnungen (Gebietsstand 15.05.2022);STAG;Stichtag;2022-05-15;GEOLK4;Landkreise u. krsfr. Städte (Stand 15.05.22);07314;Ludwigshafen am Rhein, kreisfreie Stadt;WHGRM2;Räume;RAUM06;6 Räume;6,69;€/m²;WHG012;Durchschnittliche Nettokaltmiete;e
4000W;Wohnungen (Gebietsstand 15.05.2022);STAG;Stichtag;2022-05-15;GEOLK4;Landkreise u. krsfr. Städte (Stand 15.05.22);16071;Weimarer Land;WHGRM2;Räume;RAUM07UM;7 und mehr Räume;5,17;€/m²;WHG012;Durchschnittliche Nettokaltmiete;e
4000W;Wohnungen (Gebietsstand 15.05.2022);STAG;Stichtag;2022-05-15;GEOLK4;Landkreise u. krsfr. Städte (Stand 15.05.22);06413;Offenbach am Main, Stadt;WHGRM2;Räume;RAUM01;1 Raum;12,08;€/m²;WHG012;Durchschnittliche Nettokaltmiete;e
4000W;Wohnungen (Gebietsstand 15.05.2022);STAG;Stichtag;2022-05-15;GEOLK4;Landkreise u. krsfr. Städte (Stand 15.05.22);03359;Stade;WHGRM2;Räume;RAUM06;6 Räume;6,30;€/m²;WHG012;Durchschnittliche Nettokaltmiete;e
4000W;Wohnungen (Gebietsstand 15.05.2022);STAG;Stichtag;2022-05-15;GEOLK4;Landkreise u. krsfr. Städte (Stand 15.05.22);08119;Rems-Murr-Kreis;WHGRM2;Räume;RAUM01;1 Raum;10,74;€/m²;WHG012;Durchschnittliche Nettokaltmiete;e
4000W;Wohnungen (Gebietsstand 15.05.2022);STAG;Stichtag;2022-05-15;GEOLK4;Landkreise u. krsfr. Städte (Stand 15.05.22);09663;Würzburg, Kreisfreie Stadt;WHGRM2;Räume;RAUM06;6 Räume;7,76;€/m²;WHG012;Durchschnittliche Nettokaltmiete;e
4000W;Wohnungen (Gebietsstand 15.05.2022);STAG;Stichtag;2022-05-15;GEOLK4;Landkreise u. krsfr. Städte (Stand 15.05.22);09163;Rosenheim, Kreisfreie Stadt;WHGRM2;Räume;RAUM01;1 Raum;10,96;€/m²;WHG012;Durchschnittliche Nettokaltmiete;e
4000W;Wohnungen (Gebietsstand 15.05.2022);STAG;Stichtag;2022-05-15;GEOLK4;Landkreise u. krsfr. Städte (Stand 15.05.22);05916;Herne, Stadt;WHGRM2;Räume;RAUM04;4 Räume;5,56;€/m²;WHG012;Durchschnittliche Nettokaltmiete;e
4000W;Wohnungen (Gebietsstand 15.05.2022);STAG;Stichtag;2022-05-15;GEOLK4;Landkreise u. krsfr. Städte (Stand 15.05.22);16051;Erfurt, Stadt;WHGRM2;Räume;;Insgesamt;6,48;€/m²;WHG012;Durchschnittliche Nettokaltmiete;e
4000W;Wohnungen (Gebietsstand 15.05.2022);STAG;Stichtag;2022-05-15;GEOLK4;Landkreise u. krsfr. Städte (Stand 15.05.22);07340;Südwestpfalz;WHGRM2;Räume;;Insgesamt;4,99;€/m²;WHG012;Durchschnittliche Nettokaltmiete;e
4000W;Wohnungen (Gebietsstand 15.05.2022);STAG;Stichtag;2022-05-15;GEOLK4;Landkreise u. krsfr. Städte (Stand 15.05.22);09676;Miltenberg;WHGRM2;Räume;RAUM03;3 Räume;6,44;€/m²;WHG012;Durchschnittliche Nettokaltmiete;e
4000W;Wohnungen (Gebietsstand 15.05.2022);STAG;Stichtag;2022-05-15;GEOLK4;Landkreise u. krsfr. Städte (Stand 15.05.22);15087;Mansfeld-Südharz;WHGRM2;Räume;;Insgesamt;5,07;€/m²;WHG012;Durchschnittliche Nettokaltmiete;e
4000W;Wohnungen (Gebietsstand 15.05.2022);STAG;Stichtag;2022-05-15;GEOLK4;Landkreise u. krsfr. Städte (Stand 15.05.22);08315;Breisgau-Hochschwarzwald;WHGRM2;Räume;RAUM07UM;7 und mehr Räume;7,10;€/m²;WHG012;Durchschnittliche Nettokaltmiete;e
4000W;Wohnungen (Gebietsstand 15.05.2022);STAG;Stichtag;2022-05-15;GEOLK4;Landkreise u. krsfr. Städte (Stand 15.05.22);05119;Oberhausen, Stadt;WHGRM2;Räume;;Insgesamt;5,73;€/m²;WHG012;Durchschnittliche Nettokaltmiete;e
4000W;Wohnungen (Gebietsstand 15.05.2022);STAG;Stichtag;2022-05-15;GEOLK4;Landkreise u. krsfr. Städte (Stand 15.05.22);16063;Wartburgkreis;WHGRM2;Räume;RAUM05;5 Räume;5,12;€/m²;WHG012;Durchschnittliche Nettokaltmiete;e
4000W;Wohnungen (Gebietsstand 15.05.2022);STAG;Stichtag;2022-05-15;GEOLK4;Landkreise u. krsfr. Städte (Stand 15.05.22);09778;Unterallgäu;WHGRM2;Räume;RAUM02;2 Räume;7,36;€/m²;WHG012;Durchschnittliche Nettokaltmiete;e
4000W;Wohnungen (Gebietsstand 15.05.2022);STAG;Stichtag;2022-05-15;GEOLK4;Landkreise u. krsfr. Städte (Stand 15.05.22);03351;Celle;WHGRM2;Räume;;Insgesamt;6,04;€/m²;WHG012;Durchschnittliche Nettokaltmiete;e
4000W;Wohnungen (Gebietsstand 15.05.2022);STAG;Stichtag;2022-05-15;GEOLK4;Landkreise u. krsfr. Städte (Stand 15.05.22);09188;Starnberg;WHGRM2;Räume;RAUM04;4 Räume;10,70;€/m²;WHG012;Durchschnittliche Nettokaltmiete;e
4000W;Wohnungen (Gebietsstand 15.05.2022);STAG;Stichtag;2022-05-15;GEOLK4;Landkreise u. krsfr. Städte (Stand 15.05.22);01002;Kiel, Landeshauptstadt;WHGRM2;Räume;RAUM03;3 Räume;7,56;€/m²;WHG012;Durchschnittliche Nettokaltmiete;e
4000W;Wohnungen (Gebietsstand 15.05.2022);STAG;Stichtag;2022-05-15;GEOLK4;Landkreise u. krsfr. Städte (Stand 15.05.22);05954;Ennepe-Ruhr-Kreis;WHGRM2;Räume;RAUM05;5 Räume;5,80;€/m²;WHG012;Durchschnittliche Nettokaltmiete;e
4000W;Wohnungen (Gebietsstand 15.05.2022);STAG;Stichtag;2022-05-15;GEOLK4;Landkreise u. krsfr. Städte (Stand 15.05.22);08126;Hohenlohekreis;WHGRM2;Räume;RAUM07UM;7 und mehr Räume;5,63;€/m²;WHG012;Durchschnittliche Nettokaltmiete;e
4000W;Wohnungen (Gebietsstand 15.05.2022);STAG;Stichtag;2022-05-15;GEOLK4;Landkreise u. krsfr. Städte (Stand 15.05.22);06438;Offenbach;WHGRM2;Räume;RAUM04;4 Räume;8,11;€/m²;WHG012;Durchschnittliche Nettokaltmiete;e
4000W;Wohnungen (Gebietsstand 15.05.2022);STAG;Stichtag;2022-05-15;GEOLK4;Landkreise u. krsfr. Städte (Stand 15.05.22);08416;Tübingen;WHGRM2;Räume;RAUM01;1 Raum;12,43;€/m²;WHG012;Durchschnittliche Nettokaltmiete;e
4000W;Wohnungen (Gebietsstand 15.05.2022);STAG;Stichtag;2022-05-15;GEOLK4;Landkreise u. krsfr. Städte (Stand 15.05.22);15084;Burgenlandkreis;WHGRM2;Räume;;Insgesamt;5,08;€/m²;WHG012;Durchschnittliche Nettokaltmiete;e
4000W;Wohnungen (Gebietsstand 15.05.2022);STAG;Stichtag;2022-05-15;GEOLK4;Landkreise u. krsfr. Städte (Stand 15.05.22);10046;St. Wendel;WHGRM2;Räume;RAUM04;4 Räume;5,35;€/m²;WHG012;Durchschnittliche Nettokaltmiete;e
4000W;Wohnungen (Gebietsstand 15.05.2022);STAG;Stichtag;2022-05-15;GEOLK4;Landkreise u. krsfr. Städte (Stand 15.05.22);03456;Grafschaft Bentheim;WHGRM2;Räume;RAUM04;4 Räume;5,85;€/m²;WHG012;Durchschnittliche Nettokaltmiete;e
4000W;Wohnungen (Gebietsstand 15.05.2022);STAG;Stichtag;2022-05-15;GEOLK4;Landkreise u. krsfr. Städte (Stand 15.05.22);05112;Duisburg, Stadt;WHGRM2;Räume;;Insgesamt;5,84;€/m²;WHG012;Durchschnittliche Nettokaltmiete;e
4000W;Wohnungen (Gebietsstand 15.05.2022);STAG;Stichtag;2022-05-15;GEOLK4;Landkreise u. krsfr. Städte (Stand 15.05.22);15084;Burgenlandkreis;WHGRM2;Räume;RAUM07UM;7 und mehr Räume;4,34;€/m²;WHG012;Durchschnittliche Nettokaltmiete;e
4000W;Wohnungen (Gebietsstand 15.05.2022);STAG;Stichtag;2022-05-15;GEOLK4;Landkreise u. krsfr. Städte (Stand 15.05.22);09564;Nürnberg;WHGRM2;Räume;RAUM07UM;7 und mehr Räume;7,66;€/m²;WHG012;Durchschnittliche Nettokaltmiete;e
4000W;Wohnungen (Gebietsstand 15.05.2022);STAG;Stichtag;2022-05-15;GEOLK4;Landkreise u. krsfr. Städte (Stand 15.05.22);05334;Städteregion Aachen;WHGRM2;Räume;;Insgesamt;7,20;€/m²;WHG012;Durchschnittliche Nettokaltmiete;e
4000W;Wohnungen (Gebietsstand 15.05.2022);STAG;Stichtag;2022-05-15;GEOLK4;Landkreise u. krsfr. Städte (Stand 15.05.22);06436;Main-Taunus-Kreis;WHGRM2;Räume;;Insgesamt;9,25;€/m²;WHG012;Durchschnittliche Nettokaltmiete;e
4000W;Wohnungen (Gebietsstand 15.05.2022);STAG;Stichtag;2022-05-15;GEOLK4;Landkreise u. krsfr. Städte (Stand 15.05.22);08222;Mannheim, Stadtkreis;WHGRM2;Räume;RAUM05;5 Räume;7,66;€/m²;WHG012;Durchschnittliche Nettokaltmiete;e
4000W;Wohnungen (Gebietsstand 15.05.2022);STAG;Stichtag;2022-05-15;GEOLK4;Landkreise u. krsfr. Städte (Stand 15.05.22);09662;Schweinfurt, Kreisfreie Stadt;WHGRM2;Räume;RAUM04;4 Räume;5,95;€/m²;WHG012;Durchschnittliche Nettokaltmiete;e
4000W;Wohnungen (Gebietsstand 15.05.2022);STAG;Stichtag;2022-05-15;GEOLK4;Landkreise u. krsfr. Städte (Stand 15.05.22);05111;Düsseldorf, Stadt;WHGRM2;Räume;;Insgesamt;9,24;€/m²;WHG012;Durchschnittliche Nettokaltmiete;e
4000W;Wohnungen (Gebietsstand 15.05.2022);STAG;Stichtag;2022-05-15;GEOLK4;Landkreise u. krsfr. Städte (Stand 15.05.22);05570;Warendorf;WHGRM2;Räume;RAUM02;2 Räume;6,55;€/m²;WHG012;Durchschnittliche Nettokaltmiete;e
4000W;Wohnungen (Gebietsstand 15.05.2022);STAG;Stichtag;2022-05-15;GEOLK4;Landkreise u. krsfr. Städte (Stand 15.05.22);07231;Bernkastel-Wittlich;WHGRM2;Räume;RAUM06;6 Räume;5,19;€/m²;WHG012;Durchschnittliche Nettokaltmiete;e
4000W;Wohnungen (Gebietsstand 15.05.2022);STAG;Stichtag;2022-05-15;GEOLK4;Landkreise u. krsfr. Städte (Stand 15.05.22);16065;Kyffhäuserkreis;WHGRM2;Räume;RAUM05;5 Räume;4,60;€/m²;WHG012;Durchschnittliche Nettokaltmiete;e
4000W;Wohnungen (Gebietsstand 15.05.2022);STAG;Stichtag;2022-05-15;GEOLK4;Landkreise u. krsfr. Städte (Stand 15.05.22);07317;Pirmasens, kreisfreie Stadt;WHGRM2;Räume;;Insgesamt;4,62;€/m²;WHG012;Durchschnittliche Nettokaltmiete;e
4000W;Wohnungen (Gebietsstand 15.05.2022);STAG;Stichtag;2022-05-15;GEOLK4;Landkreise u. krsfr. Städte (Stand 15.05.22);09479;Wunsiedel i.Fichtelgebirge;WHGRM2;Räume;RAUM04;4 Räume;4,34;€/m²;WHG012;Durchschnittliche Nettokaltmiete;e
4000W;Wohnungen (Gebietsstand 15.05.2022);STAG;Stichtag;2022-05-15;GEOLK4;Landkreise u. krsfr. Städte (Stand 15.05.22);14729;Leipzig;WHGRM2;Räume;RAUM02;2 Räume;5,80;€/m²;WHG012;Durchschnittliche Nettokaltmiete;e
4000W;Wohnungen (Gebietsstand 15.05.2022);STAG;Stichtag;2022-05-15;GEOLK4;Landkreise u. krsfr. Städte (Stand 15.05.22);08226;Rhein-Neckar-Kreis;WHGRM2;Räume;RAUM03;3 Räume;7,59;€/m²;WHG012;Durchschnittliche Nettokaltmiete;e
4000W;Wohnungen (Gebietsstand 15.05.2022);STAG;Stichtag;2022-05-15;GEOLK4;Landkreise u. krsfr. Städte (Stand 15.05.22);08235;Calw;WHGRM2;Räume;RAUM01;1 Raum;9,11;€/m²;WHG012;Durchschnittliche Nettokaltmiete;e
4000W;Wohnungen (Gebietsstand 15.05.2022);STAG;Stichtag;2022-05-15;GEOLK4;Landkreise u. krsfr. Städte (Stand 15.05.22);07138;Neuwied;WHGRM2;Räume;RAUM03;3 Räume;6,09;€/m²;WHG012;Durchschnittliche Nettokaltmiete;e
4000W;Wohnungen (Gebietsstand 15.05.2022);STAG;Stichtag;2022-05-15;GEOLK4;Landkreise u. krsfr. Städte (Stand 15.05.22);12052;Cottbus, Stadt;WHGRM2;Räume;;Insgesamt;5,58;€/m²;WHG012;Durchschnittliche Nettokaltmiete;e
4000W;Wohnungen (Gebietsstand 15.05.2022);STAG;Stichtag;2022-05-15;GEOLK4;Landkreise u. krsfr. Städte (Stand 15.05.22);09478;Lichtenfels;WHGRM2;Räume;RAUM02;2 Räume;6,44;€/m²;WHG012;Durchschnittliche Nettokaltmiete;e
4000W;Wohnungen (Gebietsstand 15.05.2022);STAG;Stichtag;2022-05-15;GEOLK4;Landkreise u. krsfr. Städte (Stand 15.05.22);08125;Heilbronn, Landkreis;WHGRM2;Räume;RAUM05;5 Räume;6,83;€/m²;WHG012;Durchschnittliche Nettokaltmiete;e
4000W;Wohnungen (Gebietsstand 15.05.2022);STAG;Stichtag;2022-05-15;GEOLK4;Landkreise u. krsfr. Städte (Stand 15.05.22);08212;Karlsruhe, Stadtkreis;WHGRM2;Räume;RAUM06;6 Räume;7,82;€/m²;WHG012;Durchschnittliche Nettokaltmiete;e
4000W;Wohnungen (Gebietsstand 15.05.2022);STAG;Stichtag;2022-05-15;GEOLK4;Landkreise u. krsfr. Städte (Stand 15.05.22);05515;Münster, Stadt;WHGRM2;Räume;RAUM01;1 Raum;11,62;€/m²;WHG012;Durchschnittliche Nettokaltmiete;e
4000W;Wohnungen (Gebietsstand 15.05.2022);STAG;Stichtag;2022-05-15;GEOLK4;Landkreise u. krsfr. Städte (Stand 15.05.22);09571;Ansbach, Landkreis;WHGRM2;Räume;RAUM05;5 Räume;5,38;€/m²;WHG012;Durchschnittliche Nettokaltmiete;e
4000W;Wohnungen (Gebietsstand 15.05.2022);STAG;Stichtag;2022-05-15;GEOLK4;Landkreise u. krsfr. Städte (Stand 15.05.22);07316;Neustadt an der Weinstraße, kreisfreie Stadt;WHGRM2;Räume;RAUM05;5 Räume;6,58;€/m²;WHG012;Durchschnittliche Nettokaltmiete;e
4000W;Wohnungen (Gebietsstand 15.05.2022);STAG;Stichtag;2022-05-15;GEOLK4;Landkreise u. krsfr. Städte (Stand 15.05.22);16061;Eichsfeld;WHGRM2;Räume;RAUM06;6 Räume;4,72;€/m²;WHG012;Durchschnittliche Nettokaltmiete;e
4000W;Wohnungen (Gebietsstand 15.05.2022);STAG;Stichtag;2022-05-15;GEOLK4;Landkreise u. krsfr. Städte (Stand 15.05.22);08317;Ortenaukreis;WHGRM2;Räume;RAUM02;2 Räume;7,61;€/m²;WHG012;Durchschnittliche Nettokaltmiete;e
4000W;Wohnungen (Gebietsstand 15.05.2022);STAG;Stichtag;2022-05-15;GEOLK4;Landkreise u. krsfr. Städte (Stand 15.05.22);05978;Unna;WHGRM2;Räume;RAUM01;1 Raum;6,61;€/m²;WHG012;Durchschnittliche Nettokaltmiete;e
4000W;Wohnungen (Gebietsstand 15.05.2022);STAG;Stichtag;2022-05-15;GEOLK4;Landkreise u. krsfr. Städte (Stand 15.05.22);12053;Frankfurt (Oder), Stadt;WHGRM2;Räume;RAUM01;1 Raum;5,82;€/m²;WHG012;Durchschnittliche Nettokaltmiete;e
4000W;Wohnungen (Gebietsstand 15.05.2022);STAG;Stichtag;2022-05-15;GEOLK4;Landkreise u. krsfr. Städte (Stand 15.05.22);15082;Anhalt-Bitterfeld;WHGRM2;Räume;RAUM01;1 Raum;5,99;€/m²;WHG012;Durchschnittliche Nettokaltmiete;e
4000W;Wohnungen (Gebietsstand 15.05.2022);STAG;Stichtag;2022-05-15;GEOLK4;Landkreise u. krsfr. Städte (Stand 15.05.22);06633;Kassel;WHGRM2;Räume;RAUM04;4 Räume;5,63;€/m²;WHG012;Durchschnittliche Nettokaltmiete;e
4000W;Wohnungen (Gebietsstand 15.05.2022);STAG;Stichtag;2022-05-15;GEOLK4;Landkreise u. krsfr. Städte (Stand 15.05.22);09763;Kempten (Allgäu);WHGRM2;Räume;RAUM02;2 Räume;7,49;€/m²;WHG012;Durchschnittliche Nettokaltmiete;e
4000W;Wohnungen (Gebietsstand 15.05.2022);STAG;Stichtag;2022-05-15;GEOLK4;Landkreise u. krsfr. Städte (Stand 15.05.22);08336;Lörrach;WHGRM2;Räume;RAUM02;2 Räume;9,09;€/m²;WHG012;Durchschnittliche Nettokaltmiete;e
4000W;Wohnungen (Gebietsstand 15.05.2022);STAG;Stichtag;2022-05-15;GEOLK4;Landkreise u. krsfr. Städte (Stand 15.05.22);07332;Bad Dürkheim;WHGRM2;Räume;RAUM05;5 Räume;6,36;€/m²;WHG012;Durchschnittliche Nettokaltmiete;e
4000W;Wohnungen (Gebietsstand 15.05.2022);STAG;Stichtag;2022-05-15;GEOLK4;Landkreise u. krsfr. Städte (Stand 15.05.22);03452;Aurich;WHGRM2;Räume;RAUM06;6 Räume;5,03;€/m²;WHG012;Durchschnittliche Nettokaltmiete;e
4000W;Wohnungen (Gebietsstand 15.05.2022);STAG;Stichtag;2022-05-15;GEOLK4;Landkreise u. krsfr. Städte (Stand 15.05.22);09672;Bad Kissingen;WHGRM2;Räume;RAUM04;4 Räume;5,04;€/m²;WHG012;Durchschnittliche Nettokaltmiete;e
4000W;Wohnungen (Gebietsstand 15.05.2022);STAG;Stichtag;2022-05-15;GEOLK4;Landkreise u. krsfr. Städte (Stand 15.05.22);05122;Solingen, Klingenstadt;WHGRM2;Räume;RAUM06;6 Räume;6,31;€/m²;WHG012;Durchschnittliche Nettokaltmiete;e
4000W;Wohnungen (Gebietsstand 15.05.2022);STAG;Stichtag;2022-05-15;GEOLK4;Landkreise u. krsfr. Städte (Stand 15.05.22);05515;Münster, Stadt;WHGRM2;Räume;RAUM07UM;7 und mehr Räume;7,86;€/m²;WHG012;Durchschnittliche Nettokaltmiete;e
4000W;Wohnungen (Gebietsstand 15.05.2022);STAG;Stichtag;2022-05-15;GEOLK4;Landkreise u. krsfr. Städte (Stand 15.05.22);16072;Sonneberg;WHGRM2;Räume;RAUM07UM;7 und mehr Räume;4,83;€/m²;WHG012;Durchschnittliche Nettokaltmiete;e
4000W;Wohnungen (Gebietsstand 15.05.2022);STAG;Stichtag;2022-05-15;GEOLK4;Landkreise u. krsfr. Städte (Stand 15.05.22);06436;Main-Taunus-Kreis;WHGRM2;Räume;RAUM05;5 Räume;8,92;€/m²;WHG012;Durchschnittliche Nettokaltmiete;e
4000W;Wohnungen (Gebietsstand 15.05.2022);STAG;Stichtag;2022-05-15;GEOLK4;Landkreise u. krsfr. Städte (Stand 15.05.22);08327;Tuttlingen;WHGRM2;Räume;RAUM02;2 Räume;7,67;€/m²;WHG012;Durchschnittliche Nettokaltmiete;e
4000W;Wohnungen (Gebietsstand 15.05.2022);STAG;Stichtag;2022-05-15;GEOLK4;Landkreise u. krsfr. Städte (Stand 15.05.22);16051;Erfurt, Stadt;WHGRM2;Räume;RAUM06;6 Räume;7,20;€/m²;WHG012;Durchschnittliche Nettokaltmiete;e
4000W;Wohnungen (Gebietsstand 15.05.2022);STAG;Stichtag;2022-05-15;GEOLK4;Landkreise u. krsfr. Städte (Stand 15.05.22);06411;Darmstadt, Wissenschaftsstadt;WHGRM2;Räume;RAUM02;2 Räume;10,32;€/m²;WHG012;Durchschnittliche Nettokaltmiete;e
4000W;Wohnungen (Gebietsstand 15.05.2022);STAG;Stichtag;2022-05-15;GEOLK4;Landkreise u. krsfr. Städte (Stand 15.05.22);09773;Dillingen a.d.Donau;WHGRM2;Räume;RAUM02;2 Räume;6,99;€/m²;WHG012;Durchschnittliche Nettokaltmiete;e
4000W;Wohnungen (Gebietsstand 15.05.2022);STAG;Stichtag;2022-05-15;GEOLK4;Landkreise u. krsfr. Städte (Stand 15.05.22);05382;Rhein-Sieg-Kreis;WHGRM2;Räume;RAUM01;1 Raum;9,17;€/m²;WHG012;Durchschnittliche Nettokaltmiete;e
4000W;Wohnungen (Gebietsstand 15.05.2022);STAG;Stichtag;2022-05-15;GEOLK4;Landkreise u. krsfr. Städte (Stand 15.05.22);05116;Mönchengladbach, Stadt;WHGRM2;Räume;;Insgesamt;6,41;€/m²;WHG012;Durchschnittliche Nettokaltmiete;e
4000W;Wohnungen (Gebietsstand 15.05.2022);STAG;Stichtag;2022-05-15;GEOLK4;Landkreise u. krsfr. Städte (Stand 15.05.22);07338;Rhein-Pfalz-Kreis;WHGRM2;Räume;RAUM07UM;7 und mehr Räume;6,27;€/m²;WHG012;Durchschnittliche Nettokaltmiete;e
4000W;Wohnungen (Gebietsstand 15.05.2022);STAG;Stichtag;2022-05-15;GEOLK4;Landkreise u. krsfr. Städte (Stand 15.05.22);07336;Kusel;WHGRM2;Räume;RAUM03;3 Räume;5,37;€/m²;WHG012;Durchschnittliche Nettokaltmiete;e
4000W;Wohnungen (Gebietsstand 15.05.2022);STAG;Stichtag;2022-05-15;GEOLK4;Landkreise u. krsfr. Städte (Stand 15.05.22);05314;Bonn, Stadt;WHGRM2;Räume;RAUM04;4 Räume;8,22;€/m²;WHG012;Durchschnittliche Nettokaltmiete;e
4000W;Wohnungen (Gebietsstand 15.05.2022);STAG;Stichtag;2022-05-15;GEOLK4;Landkreise u. krsfr. Städte (Stand 15.05.22);16070;Ilm-Kreis;WHGRM2;Räume;RAUM06;6 Räume;5,76;€/m²;WHG012;Durchschnittliche Nettokaltmiete;e
4000W;Wohnungen (Gebietsstand 15.05.2022);STAG;Stichtag;2022-05-15;GEOLK4;Landkreise u. krsfr. Städte (Stand 15.05.22);03457;Leer;WHGRM2;Räume;RAUM06;6 Räume;4,98;€/m²;WHG012;Durchschnittliche Nettokaltmiete;e
4000W;Wohnungen (Gebietsstand 15.05.2022);STAG;Stichtag;2022-05-15;GEOLK4;Landkreise u. krsfr. Städte (Stand 15.05.22);03460;Vechta;WHGRM2;Räume;RAUM01;1 Raum;10,44;€/m²;WHG012;Durchschnittliche Nettokaltmiete;e
4000W;Wohnungen (Gebietsstand 15.05.2022);STAG;Stichtag;2022-05-15;GEOLK4;Landkreise u. krsfr. Städte (Stand 15.05.22);07315;Mainz, kreisfreie Stadt;WHGRM2;Räume;RAUM07UM;7 und mehr Räume;8,77;€/m²;WHG012;Durchschnittliche Nettokaltmiete;e
4000W;Wohnungen (Gebietsstand 15.05.2022);STAG;Stichtag;2022-05-15;GEOLK4;Landkreise u. krsfr. Städte (Stand 15.05.22);03355;Lüneburg;WHGRM2;Räume;RAUM06;6 Räume;6,79;€/m²;WHG012;Durchschnittliche Nettokaltmiete;e
4000W;Wohnungen (Gebietsstand 15.05.2022);STAG;Stichtag;2022-05-15;GEOLK4;Landkreise u. krsfr. Städte (Stand 15.05.22);09562;Erlangen;WHGRM2;Räume;RAUM05;5 Räume;8,38;€/m²;WHG012;Durchschnittliche Nettokaltmiete;e
4000W;Wohnungen (Gebietsstand 15.05.2022);STAG;Stichtag;2022-05-15;GEOLK4;Landkreise u. krsfr. Städte (Stand 15.05.22);09475;Hof, Landkreis;WHGRM2;Räume;RAUM04;4 Räume;4,36;€/m²;WHG012;Durchschnittliche Nettokaltmiete;e
4000W;Wohnungen (Gebietsstand 15.05.2022);STAG;Stichtag;2022-05-15;GEOLK4;Landkreise u. krsfr. Städte (Stand 15.05.22);09182;Miesbach;WHGRM2;Räume;;Insgesamt;9,58;€/m²;WHG012;Durchschnittliche Nettokaltmiete;e
4000W;Wohnungen (Gebietsstand 15.05.2022);STAG;Stichtag;2022-05-15;GEOLK4;Landkreise u. krsfr. Städte (Stand 15.05.22);12054;Potsdam, Stadt;WHGRM2;Räume;RAUM07UM;7 und mehr Räume;8,93;€/m²;WHG012;Durchschnittliche Nettokaltmiete;e
4000W;Wohnungen (Gebietsstand 15.05.2022);STAG;Stichtag;2022-05-15;GEOLK4;Landkreise u. krsfr. Städte (Stand 15.05.22);07233;Vulkaneifel;WHGRM2;Räume;RAUM07UM;7 und mehr Räume;4,26;€/m²;WHG012;Durchschnittliche Nettokaltmiete;e
4000W;Wohnungen (Gebietsstand 15.05.2022);STAG;Stichtag;2022-05-15;GEOLK4;Landkreise u. krsfr. Städte (Stand 15.05.22);03153;Goslar;WHGRM2;Räume;RAUM02;2 Räume;6,53;€/m²;WHG012;Durchschnittliche Nettokaltmiete;e
4000W;Wohnungen (Gebietsstand 15.05.2022);STAG;Stichtag;2022-05-15;GEOLK4;Landkreise u. krsfr. Städte (Stand 15.05.22);09673;Rhön-Grabfeld;WHGRM2;Räume;RAUM05;5 Räume;4,78;€/m²;WHG012;Durchschnittliche Nettokaltmiete;e
4000W;Wohnungen (Gebietsstand 15.05.2022);STAG;Stichtag;2022-05-15;GEOLK4;Landkreise u. krsfr. Städte (Stand 15.05.22);15084;Burgenlandkreis;WHGRM2;Räume;RAUM06;6 Räume;4,46;€/m²;WHG012;Durchschnittliche Nettokaltmiete;e
4000W;Wohnungen (Gebietsstand 15.05.2022);STAG;Stichtag;2022-05-15;GEOLK4;Landkreise u. krsfr. Städte (Stand 15.05.22);15003;Magdeburg, Landeshauptstadt;WHGRM2;Räume;RAUM03;3 Räume;5,76;€/m²;WHG012;Durchschnittliche Nettokaltmiete;e
4000W;Wohnungen (Gebietsstand 15.05.2022);STAG;Stichtag;2022-05-15;GEOLK4;Landkreise u. krsfr. Städte (Stand 15.05.22);16068;Sömmerda;WHGRM2;Räume;RAUM02;2 Räume;5,71;€/m²;WHG012;Durchschnittliche Nettokaltmiete;e
4000W;Wohnungen (Gebietsstand 15.05.2022);STAG;Stichtag;2022-05-15;GEOLK4;Landkreise u. krsfr. Städte (Stand 15.05.22);05362;Rhein-Erft-Kreis;WHGRM2;Räume;RAUM03;3 Räume;7,58;€/m²;WHG012;Durchschnittliche Nettokaltmiete;e
4000W;Wohnungen (Gebietsstand 15.05.2022);STAG;Stichtag;2022-05-15;GEOLK4;Landkreise u. krsfr. Städte (Stand 15.05.22);05566;Steinfurt;WHGRM2;Räume;RAUM06;6 Räume;5,44;€/m²;WHG012;Durchschnittliche Nettokaltmiete;e
4000W;Wohnungen (Gebietsstand 15.05.2022);STAG;Stichtag;2022-05-15;GEOLK4;Landkreise u. krsfr. Städte (Stand 15.05.22);13075;Vorpommern-Greifswald;WHGRM2;Räume;RAUM05;5 Räume;5,20;€/m²;WHG012;Durchschnittliche Nettokaltmiete;e
4000W;Wohnungen (Gebietsstand 15.05.2022);STAG;Stichtag;2022-05-15;GEOLK4;Landkreise u. krsfr. Städte (Stand 15.05.22);05974;Soest;WHGRM2;Räume;RAUM03;3 Räume;5,89;€/m²;WHG012;Durchschnittliche Nettokaltmiete;e
4000W;Wohnungen (Gebietsstand 15.05.2022);STAG;Stichtag;2022-05-15;GEOLK4;Landkreise u. krsfr. Städte (Stand 15.05.22);07312;Kaiserslautern, kreisfreie Stadt;WHGRM2;Räume;RAUM07UM;7 und mehr Räume;7,30;€/m²;WHG012;Durchschnittliche Nettokaltmiete;e
4000W;Wohnungen (Gebietsstand 15.05.2022);STAG;Stichtag;2022-05-15;GEOLK4;Landkreise u. krsfr. Städte (Stand 15.05.22);10041;Regionalverband Saarbrücken;WHGRM2;Räume;;Insgesamt;6,35;€/m²;WHG012;Durchschnittliche Nettokaltmiete;e
4000W;Wohnungen (Gebietsstand 15.05.2022);STAG;Stichtag;2022-05-15;GEOLK4;Landkreise u. krsfr. Städte (Stand 15.05.22);05116;Mönchengladbach, Stadt;WHGRM2;Räume;RAUM02;2 Räume;6,73;€/m²;WHG012;Durchschnittliche Nettokaltmiete;e
4000W;Wohnungen (Gebietsstand 15.05.2022);STAG;Stichtag;2022-05-15;GEOLK4;Landkreise u. krsfr. Städte (Stand 15.05.22);16054;Suhl, Stadt;WHGRM2;Räume;RAUM04;4 Räume;5,30;€/m²;WHG012;Durchschnittliche Nettokaltmiete;e
4000W;Wohnungen (Gebietsstand 15.05.2022);STAG;Stichtag;2022-05-15;GEOLK4;Landkreise u. krsfr. Städte (Stand 15.05.22);05915;Hamm, Stadt;WHGRM2;Räume;RAUM06;6 Räume;5,63;€/m²;WHG012;Durchschnittliche Nettokaltmiete;e
4000W;Wohnungen (Gebietsstand 15.05.2022);STAG;Stichtag;2022-05-15;GEOLK4;Landkreise u. krsfr. Städte (Stand 15.05.22);08215;Karlsruhe, Landkreis;WHGRM2;Räume;RAUM02;2 Räume;8,19;€/m²;WHG012;Durchschnittliche Nettokaltmiete;e
4000W;Wohnungen (Gebietsstand 15.05.2022);STAG;Stichtag;2022-05-15;GEOLK4;Landkreise u. krsfr. Städte (Stand 15.05.22);12060;Barnim;WHGRM2;Räume;RAUM03;3 Räume;6,58;€/m²;WHG012;Durchschnittliche Nettokaltmiete;e
4000W;Wohnungen (Gebietsstand 15.05.2022);STAG;Stichtag;2022-05-15;GEOLK4;Landkreise u. krsfr. Städte (Stand 15.05.22);09772;Augsburg, Landkreis;WHGRM2;Räume;RAUM03;3 Räume;7,74;€/m²;WHG012;Durchschnittliche Nettokaltmiete;e
4000W;Wohnungen (Gebietsstand 15.05.2022);STAG;Stichtag;2022-05-15;GEOLK4;Landkreise u. krsfr. Städte (Stand 15.05.22);09362;Regensburg, Kreisfreie Stadt;WHGRM2;Räume;RAUM07UM;7 und mehr Räume;8,73;€/m²;WHG012;Durchschnittliche Nettokaltmiete;e
4000W;Wohnungen (Gebietsstand 15.05.2022);STAG;Stichtag;2022-05-15;GEOLK4;Landkreise u. krsfr. Städte (Stand 15.05.22);01054;Nordfriesland;WHGRM2;Räume;RAUM06;6 Räume;6,35;€/m²;WHG012;Durchschnittliche Nettokaltmiete;e
4000W;Wohnungen (Gebietsstand 15.05.2022);STAG;Stichtag;2022-05-15;GEOLK4;Landkreise u. krsfr. Städte (Stand 15.05.22);08337;Waldshut;WHGRM2;Räume;RAUM01;1 Raum;9,88;€/m²;WHG012;Durchschnittliche Nettokaltmiete;e
4000W;Wohnungen (Gebietsstand 15.05.2022);STAG;Stichtag;2022-05-15;GEOLK4;Landkreise u. krsfr. Städte (Stand 15.05.22);08325;Rottweil;WHGRM2;Räume;RAUM07UM;7 und mehr Räume;5,22;€/m²;WHG012;Durchschnittliche Nettokaltmiete;e
4000W;Wohnungen (Gebietsstand 15.05.2022);STAG;Stichtag;2022-05-15;GEOLK4;Landkreise u. krsfr. Städte (Stand 15.05.22);09565;Schwabach;WHGRM2;Räume;RAUM05;5 Räume;6,73;€/m²;WHG012;Durchschnittliche Nettokaltmiete;e
4000W;Wohnungen (Gebietsstand 15.05.2022);STAG;Stichtag;2022-05-15;GEOLK4;Landkreise u. krsfr. Städte (Stand 15.05.22);08116;Esslingen;WHGRM2;Räume;RAUM04;4 Räume;8,39;€/m²;WHG012;Durchschnittliche Nettokaltmiete;e
4000W;Wohnungen (Gebietsstand 15.05.2022);STAG;Stichtag;2022-05-15;GEOLK4;Landkreise u. krsfr. Städte (Stand 15.05.22);08236;Enzkreis;WHGRM2;Räume;RAUM03;3 Räume;7,10;€/m²;WHG012;Durchschnittliche Nettokaltmiete;e
4000W;Wohnungen (Gebietsstand 15.05.2022);STAG;Stichtag;2022-05-15;GEOLK4;Landkreise u. krsfr. Städte (Stand 15.05.22);09261;Landshut, Kreisfreie Stadt;WHGRM2;Räume;RAUM02;2 Räume;8,92;€/m²;WHG012;Durchschnittliche Nettokaltmiete;e
4000W;Wohnungen (Gebietsstand 15.05.2022);STAG;Stichtag;2022-05-15;GEOLK4;Landkreise u. krsfr. Städte (Stand 15.05.22);05119;Oberhausen, Stadt;WHGRM2;Räume;RAUM03;3 Räume;5,75;€/m²;WHG012;Durchschnittliche Nettokaltmiete;e
4000W;Wohnungen (Gebietsstand 15.05.2022);STAG;Stichtag;2022-05-15;GEOLK4;Landkreise u. krsfr. Städte (Stand 15.05.22);07235;Trier-Saarburg;WHGRM2;Räume;RAUM06;6 Räume;5,79;€/m²;WHG012;Durchschnittliche Nettokaltmiete;e
4000W;Wohnungen (Gebietsstand 15.05.2022);STAG;Stichtag;2022-05-15;GEOLK4;Landkreise u. krsfr. Städte (Stand 15.05.22);09174;Dachau;WHGRM2;Räume;RAUM01;1 Raum;11,34;€/m²;WHG012;Durchschnittliche Nettokaltmiete;e
4000W;Wohnungen (Gebietsstand 15.05.2022);STAG;Stichtag;2022-05-15;GEOLK4;Landkreise u. krsfr. Städte (Stand 15.05.22);14524;Zwickau;WHGRM2;Räume;RAUM06;6 Räume;4,70;€/m²;WHG012;Durchschnittliche Nettokaltmiete;e
4000W;Wohnungen (Gebietsstand 15.05.2022);STAG;Stichtag;2022-05-15;GEOLK4;Landkreise u. krsfr. Städte (Stand 15.05.22);16069;Hildburghausen;WHGRM2;Räume;RAUM03;3 Räume;5,02;€/m²;WHG012;Durchschnittliche Nettokaltmiete;e
4000W;Wohnungen (Gebietsstand 15.05.2022);STAG;Stichtag;2022-05-15;GEOLK4;Landkreise u. krsfr. Städte (Stand 15.05.22);09461;Bamberg, Kreisfreie Stadt;WHGRM2;Räume;RAUM06;6 Räume;7,11;€/m²;WHG012;Durchschnittliche Nettokaltmiete;e
4000W;Wohnungen (Gebietsstand 15.05.2022);STAG;Stichtag;2022-05-15;GEOLK4;Landkreise u. krsfr. Städte (Stand 15.05.22);05154;Kleve;WHGRM2;Räume;RAUM02;2 Räume;7,00;€/m²;WHG012;Durchschnittliche Nettokaltmiete;e
4000W;Wohnungen (Gebietsstand 15.05.2022);STAG;Stichtag;2022-05-15;GEOLK4;Landkreise u. krsfr. Städte (Stand 15.05.22);09779;Donau-Ries;WHGRM2;Räume;RAUM07UM;7 und mehr Räume;5,39;€/m²;WHG012;Durchschnittliche Nettokaltmiete;e
4000W;Wohnungen (Gebietsstand 15.05.2022);STAG;Stichtag;2022-05-15;GEOLK4;Landkreise u. krsfr. Städte (Stand 15.05.22);08116;Esslingen;WHGRM2;Räume;RAUM07UM;7 und mehr Räume;7,95;€/m²;WHG012;Durchschnittliche Nettokaltmiete;e
4000W;Wohnungen (Gebietsstand 15.05.2022);STAG;Stichtag;2022-05-15;GEOLK4;Landkreise u. krsfr. Städte (Stand 15.05.22);05958;Hochsauerlandkreis;WHGRM2;Räume;RAUM03;3 Räume;5,34;€/m²;WHG012;Durchschnittliche Nettokaltmiete;e
4000W;Wohnungen (Gebietsstand 15.05.2022);STAG;Stichtag;2022-05-15;GEOLK4;Landkreise u. krsfr. Städte (Stand 15.05.22);09774;Günzburg;WHGRM2;Räume;RAUM04;4 Räume;6,26;€/m²;WHG012;Durchschnittliche Nettokaltmiete;e
4000W;Wohnungen (Gebietsstand 15.05.2022);STAG;Stichtag;2022-05-15;GEOLK4;Landkreise u. krsfr. Städte (Stand 15.05.22);16055;Weimar, Stadt;WHGRM2;Räume;RAUM06;6 Räume;6,55;€/m²;WHG012;Durchschnittliche Nettokaltmiete;e
4000W;Wohnungen (Gebietsstand 15.05.2022);STAG;Stichtag;2022-05-15;GEOLK4;Landkreise u. krsfr. Städte (Stand 15.05.22);16074;Saale-Holzland-Kreis;WHGRM2;Räume;RAUM06;6 Räume;5,23;€/m²;WHG012;Durchschnittliche Nettokaltmiete;e
4000W;Wohnungen (Gebietsstand 15.05.2022);STAG;Stichtag;2022-05-15;GEOLK4;Landkreise u. krsfr. Städte (Stand 15.05.22);03254;Hildesheim;WHGRM2;Räume;RAUM01;1 Raum;9,23;€/m²;WHG012;Durchschnittliche Nettokaltmiete;e
4000W;Wohnungen (Gebietsstand 15.05.2022);STAG;Stichtag;2022-05-15;GEOLK4;Landkreise u. krsfr. Städte (Stand 15.05.22);14628;Sächsische Schweiz-Osterzgebirge;WHGRM2;Räume;RAUM05;5 Räume;5,31;€/m²;WHG012;Durchschnittliche Nettokaltmiete;e
4000W;Wohnungen (Gebietsstand 15.05.2022);STAG;Stichtag;2022-05-15;GEOLK4;Landkreise u. krsfr. Städte (Stand 15.05.22);08216;Rastatt;WHGRM2;Räume;RAUM01;1 Raum;8,97;€/m²;WHG012;Durchschnittliche Nettokaltmiete;e
4000W;Wohnungen (Gebietsstand 15.05.2022);STAG;Stichtag;2022-05-15;GEOLK4;Landkreise u. krsfr. Städte (Stand 15.05.22);08135;Heidenheim;WHGRM2;Räume;RAUM04;4 Räume;6,40;€/m²;WHG012;Durchschnittliche Nettokaltmiete;e
4000W;Wohnungen (Gebietsstand 15.05.2022);STAG;Stichtag;2022-05-15;GEOLK4;Landkreise u. krsfr. Städte (Stand 15.05.22);01001;Flensburg, Stadt;WHGRM2;Räume;RAUM07UM;7 und mehr Räume;6,14;€/m²;WHG012;Durchschnittliche Nettokaltmiete;e
4000W;Wohnungen (Gebietsstand 15.05.2022);STAG;Stichtag;2022-05-15;GEOLK4;Landkreise u. krsfr. Städte (Stand 15.05.22);12069;Potsdam-Mittelmark;WHGRM2;Räume;RAUM06;6 Räume;7,47;€/m²;WHG012;Durchschnittliche Nettokaltmiete;e
4000W;Wohnungen (Gebietsstand 15.05.2022);STAG;Stichtag;2022-05-15;GEOLK4;Landkreise u. krsfr. Städte (Stand 15.05.22);05754;Gütersloh;WHGRM2;Räume;RAUM05;5 Räume;5,78;€/m²;WHG012;Durchschnittliche Nettokaltmiete;e
4000W;Wohnungen (Gebietsstand 15.05.2022);STAG;Stichtag;2022-05-15;GEOLK4;Landkreise u. krsfr. Städte (Stand 15.05.22);08115;Böblingen;WHGRM2;Räume;RAUM03;3 Räume;9,01;€/m²;WHG012;Durchschnittliche Nettokaltmiete;e
4000W;Wohnungen (Gebietsstand 15.05.2022);STAG;Stichtag;2022-05-15;GEOLK4;Landkreise u. krsfr. Städte (Stand 15.05.22);06440;Wetteraukreis;WHGRM2;Räume;RAUM01;1 Raum;10,22;€/m²;WHG012;Durchschnittliche Nettokaltmiete;e
4000W;Wohnungen (Gebietsstand 15.05.2022);STAG;Stichtag;2022-05-15;GEOLK4;Landkreise u. krsfr. Städte (Stand 15.05.22);03103;Wolfsburg, Stadt;WHGRM2;Räume;RAUM04;4 Räume;6,93;€/m²;WHG012;Durchschnittliche Nettokaltmiete;e
4000W;Wohnungen (Gebietsstand 15.05.2022);STAG;Stichtag;2022-05-15;GEOLK4;Landkreise u. krsfr. Städte (Stand 15.05.22);07318;Speyer, kreisfreie Stadt;WHGRM2;Räume;;Insgesamt;7,20;€/m²;WHG012;Durchschnittliche Nettokaltmiete;e
4000W;Wohnungen (Gebietsstand 15.05.2022);STAG;Stichtag;2022-05-15;GEOLK4;Landkreise u. krsfr. Städte (Stand 15.05.22);12068;Ostprignitz-Ruppin;WHGRM2;Räume;RAUM05;5 Räume;5,13;€/m²;WHG012;Durchschnittliche Nettokaltmiete;e
4000W;Wohnungen (Gebietsstand 15.05.2022);STAG;Stichtag;2022-05-15;GEOLK4;Landkreise u. krsfr. Städte (Stand 15.05.22);05382;Rhein-Sieg-Kreis;WHGRM2;Räume;RAUM07UM;7 und mehr Räume;6,63;€/m²;WHG012;Durchschnittliche Nettokaltmiete;e
4000W;Wohnungen (Gebietsstand 15.05.2022);STAG;Stichtag;2022-05-15;GEOLK4;Landkreise u. krsfr. Städte (Stand 15.05.22);05954;Ennepe-Ruhr-Kreis;WHGRM2;Räume;;Insgesamt;5,92;€/m²;WHG012;Durchschnittliche Nettokaltmiete;e
4000W;Wohnungen (Gebietsstand 15.05.2022);STAG;Stichtag;2022-05-15;GEOLK4;Landkreise u. krsfr. Städte (Stand 15.05.22);03404;Osnabrück, Stadt;WHGRM2;Räume;;Insgesamt;7,30;€/m²;WHG012;Durchschnittliche Nettokaltmiete;e
4000W;Wohnungen (Gebietsstand 15.05.2022);STAG;Stichtag;2022-05-15;GEOLK4;Landkreise u. krsfr. Städte (Stand 15.05.22);09673;Rhön-Grabfeld;WHGRM2;Räume;RAUM07UM;7 und mehr Räume;4,20;€/m²;WHG012;Durchschnittliche Nettokaltmiete;e
4000W;Wohnungen (Gebietsstand 15.05.2022);STAG;Stichtag;2022-05-15;GEOLK4;Landkreise u. krsfr. Städte (Stand 15.05.22);16071;Weimarer Land;WHGRM2;Räume;RAUM05;5 Räume;5,21;€/m²;WHG012;Durchschnittliche Nettokaltmiete;e
4000W;Wohnungen (Gebietsstand 15.05.2022);STAG;Stichtag;2022-05-15;GEOLK4;Landkreise u. krsfr. Städte (Stand 15.05.22);05113;Essen, Stadt;WHGRM2;Räume;RAUM06;6 Räume;6,55;€/m²;WHG012;Durchschnittliche Nettokaltmiete;e
4000W;Wohnungen (Gebietsstand 15.05.2022);STAG;Stichtag;2022-05-15;GEOLK4;Landkreise u. krsfr. Städte (Stand 15.05.22);15002;Halle (Saale), Stadt;WHGRM2;Räume;RAUM01;1 Raum;7,51;€/m²;WHG012;Durchschnittliche Nettokaltmiete;e
4000W;Wohnungen (Gebietsstand 15.05.2022);STAG;Stichtag;2022-05-15;GEOLK4;Landkreise u. krsfr. Städte (Stand 15.05.22);07135;Cochem-Zell;WHGRM2;Räume;RAUM05;5 Räume;4,64;€/m²;WHG012;Durchschnittliche Nettokaltmiete;e
4000W;Wohnungen (Gebietsstand 15.05.2022);STAG;Stichtag;2022-05-15;GEOLK4;Landkreise u. krsfr. Städte (Stand 15.05.22);09185;Neuburg-Schrobenhausen;WHGRM2;Räume;RAUM06;6 Räume;6,36;€/m²;WHG012;Durchschnittliche Nettokaltmiete;e
4000W;Wohnungen (Gebietsstand 15.05.2022);STAG;Stichtag;2022-05-15;GEOLK4;Landkreise u. krsfr. Städte (Stand 15.05.22);16064;Unstrut-Hainich-Kreis;WHGRM2;Räume;RAUM06;6 Räume;4,58;€/m²;WHG012;Durchschnittliche Nettokaltmiete;e
4000W;Wohnungen (Gebietsstand 15.05.2022);STAG;Stichtag;2022-05-15;GEOLK4;Landkreise u. krsfr. Städte (Stand 15.05.22);05362;Rhein-Erft-Kreis;WHGRM2;Räume;;Insgesamt;7,67;€/m²;WHG012;Durchschnittliche Nettokaltmiete;e
4000W;Wohnungen (Gebietsstand 15.05.2022);STAG;Stichtag;2022-05-15;GEOLK4;Landkreise u. krsfr. Städte (Stand 15.05.22);13074;Nordwestmecklenburg;WHGRM2;Räume;RAUM04;4 Räume;5,58;€/m²;WHG012;Durchschnittliche Nettokaltmiete;e
4000W;Wohnungen (Gebietsstand 15.05.2022);STAG;Stichtag;2022-05-15;GEOLK4;Landkreise u. krsfr. Städte (Stand 15.05.22);06439;Rheingau-Taunus-Kreis;WHGRM2;Räume;RAUM05;5 Räume;7,31;€/m²;WHG012;Durchschnittliche Nettokaltmiete;e
4000W;Wohnungen (Gebietsstand 15.05.2022);STAG;Stichtag;2022-05-15;GEOLK4;Landkreise u. krsfr. Städte (Stand 15.05.22);09363;Weiden i.d.OPf.;WHGRM2;Räume;RAUM06;6 Räume;6,07;€/m²;WHG012;Durchschnittliche Nettokaltmiete;e
4000W;Wohnungen (Gebietsstand 15.05.2022);STAG;Stichtag;2022-05-15;GEOLK4;Landkreise u. krsfr. Städte (Stand 15.05.22);09775;Neu-Ulm;WHGRM2;Räume;;Insgesamt;8,00;€/m²;WHG012;Durchschnittliche Nettokaltmiete;e
4000W;Wohnungen (Gebietsstand 15.05.2022);STAG;Stichtag;2022-05-15;GEOLK4;Landkreise u. krsfr. Städte (Stand 15.05.22);07137;Mayen-Koblenz;WHGRM2;Räume;RAUM04;4 Räume;5,64;€/m²;WHG012;Durchschnittliche Nettokaltmiete;e
4000W;Wohnungen (Gebietsstand 15.05.2022);STAG;Stichtag;2022-05-15;GEOLK4;Landkreise u. krsfr. Städte (Stand 15.05.22);09276;Regen;WHGRM2;Räume;RAUM05;5 Räume;4,33;€/m²;WHG012;Durchschnittliche Nettokaltmiete;e
4000W;Wohnungen (Gebietsstand 15.05.2022);STAG;Stichtag;2022-05-15;GEOLK4;Landkreise u. krsfr. Städte (Stand 15.05.22);10041;Regionalverband Saarbrücken;WHGRM2;Räume;RAUM07UM;7 und mehr Räume;5,45;€/m²;WHG012;Durchschnittliche Nettokaltmiete;e
4000W;Wohnungen (Gebietsstand 15.05.2022);STAG;Stichtag;2022-05-15;GEOLK4;Landkreise u. krsfr. Städte (Stand 15.05.22);09274;Landshut, Landkreis;WHGRM2;Räume;RAUM06;6 Räume;6,32;€/m²;WHG012;Durchschnittliche Nettokaltmiete;e
4000W;Wohnungen (Gebietsstand 15.05.2022);STAG;Stichtag;2022-05-15;GEOLK4;Landkreise u. krsfr. Städte (Stand 15.05.22);07313;Landau in der Pfalz, kreisfreie Stadt;WHGRM2;Räume;RAUM05;5 Räume;6,80;€/m²;WHG012;Durchschnittliche Nettokaltmiete;e
4000W;Wohnungen (Gebietsstand 15.05.2022);STAG;Stichtag;2022-05-15;GEOLK4;Landkreise u. krsfr. Städte (Stand 15.05.22);03357;Rotenburg (Wümme);WHGRM2;Räume;RAUM07UM;7 und mehr Räume;4,76;€/m²;WHG012;Durchschnittliche Nettokaltmiete;e
4000W;Wohnungen (Gebietsstand 15.05.2022);STAG;Stichtag;2022-05-15;GEOLK4;Landkreise u. krsfr. Städte (Stand 15.05.22);05117;Mülheim an der Ruhr, Stadt;WHGRM2;Räume;RAUM04;4 Räume;6,38;€/m²;WHG012;Durchschnittliche Nettokaltmiete;e
4000W;Wohnungen (Gebietsstand 15.05.2022);STAG;Stichtag;2022-05-15;GEOLK4;Landkreise u. krsfr. Städte (Stand 15.05.22);08118;Ludwigsburg;WHGRM2;Räume;RAUM03;3 Räume;8,88;€/m²;WHG012;Durchschnittliche Nettokaltmiete;e
4000W;Wohnungen (Gebietsstand 15.05.2022);STAG;Stichtag;2022-05-15;GEOLK4;Landkreise u. krsfr. Städte (Stand 15.05.22);09172;Berchtesgadener Land;WHGRM2;Räume;RAUM02;2 Räume;7,98;€/m²;WHG012;Durchschnittliche Nettokaltmiete;e
4000W;Wohnungen (Gebietsstand 15.05.2022);STAG;Stichtag;2022-05-15;GEOLK4;Landkreise u. krsfr. Städte (Stand 15.05.22);07315;Mainz, kreisfreie Stadt;WHGRM2;Räume;RAUM04;4 Räume;9,17;€/m²;WHG012;Durchschnittliche Nettokaltmiete;e
4000W;Wohnungen (Gebietsstand 15.05.2022);STAG;Stichtag;2022-05-15;GEOLK4;Landkreise u. krsfr. Städte (Stand 15.05.22);03358;Heidekreis;WHGRM2;Räume;RAUM04;4 Räume;5,57;€/m²;WHG012;Durchschnittliche Nettokaltmiete;e
4000W;Wohnungen (Gebietsstand 15.05.2022);STAG;Stichtag;2022-05-15;GEOLK4;Landkreise u. krsfr. Städte (Stand 15.05.22);09179;Fürstenfeldbruck;WHGRM2;Räume;RAUM07UM;7 und mehr Räume;9,83;€/m²;WHG012;Durchschnittliche Nettokaltmiete;e
4000W;Wohnungen (Gebietsstand 15.05.2022);STAG;Stichtag;2022-05-15;GEOLK4;Landkreise u. krsfr. Städte (Stand 15.05.22);09677;Main-Spessart;WHGRM2;Räume;RAUM01;1 Raum;7,15;€/m²;WHG012;Durchschnittliche Nettokaltmiete;e
4000W;Wohnungen (Gebietsstand 15.05.2022);STAG;Stichtag;2022-05-15;GEOLK4;Landkreise u. krsfr. Städte (Stand 15.05.22);08212;Karlsruhe, Stadtkreis;WHGRM2;Räume;;Insgesamt;8,46;€/m²;WHG012;Durchschnittliche Nettokaltmiete;e
4000W;Wohnungen (Gebietsstand 15.05.2022);STAG;Stichtag;2022-05-15;GEOLK4;Landkreise u. krsfr. Städte (Stand 15.05.22);03102;Salzgitter, Stadt;WHGRM2;Räume;RAUM02;2 Räume;6,53;€/m²;WHG012;Durchschnittliche Nettokaltmiete;e
4000W;Wohnungen (Gebietsstand 15.05.2022);STAG;Stichtag;2022-05-15;GEOLK4;Landkreise u. krsfr. Städte (Stand 15.05.22);03356;Osterholz;WHGRM2;Räume;RAUM05;5 Räume;6,00;€/m²;WHG012;Durchschnittliche Nettokaltmiete;e
4000W;Wohnungen (Gebietsstand 15.05.2022);STAG;Stichtag;2022-05-15;GEOLK4;Landkreise u. krsfr. Städte (Stand 15.05.22);15002;Halle (Saale), Stadt;WHGRM2;Räume;;Insgesamt;5,92;€/m²;WHG012;Durchschnittliche Nettokaltmiete;e
4000W;Wohnungen (Gebietsstand 15.05.2022);STAG;Stichtag;2022-05-15;GEOLK4;Landkreise u. krsfr. Städte (Stand 15.05.22);16073;Saalfeld-Rudolstadt;WHGRM2;Räume;RAUM04;4 Räume;5,06;€/m²;WHG012;Durchschnittliche Nettokaltmiete;e
4000W;Wohnungen (Gebietsstand 15.05.2022);STAG;Stichtag;2022-05-15;GEOLK4;Landkreise u. krsfr. Städte (Stand 15.05.22);15001;Dessau-Roßlau, Stadt;WHGRM2;Räume;;Insgesamt;5,48;€/m²;WHG012;Durchschnittliche Nettokaltmiete;e
4000W;Wohnungen (Gebietsstand 15.05.2022);STAG;Stichtag;2022-05-15;GEOLK4;Landkreise u. krsfr. Städte (Stand 15.05.22);05966;Olpe;WHGRM2;Räume;RAUM04;4 Räume;5,69;€/m²;WHG012;Durchschnittliche Nettokaltmiete;e
4000W;Wohnungen (Gebietsstand 15.05.2022);STAG;Stichtag;2022-05-15;GEOLK4;Landkreise u. krsfr. Städte (Stand 15.05.22);05913;Dortmund, Stadt;WHGRM2;Räume;RAUM07UM;7 und mehr Räume;6,27;€/m²;WHG012;Durchschnittliche Nettokaltmiete;e
4000W;Wohnungen (Gebietsstand 15.05.2022);STAG;Stichtag;2022-05-15;GEOLK4;Landkreise u. krsfr. Städte (Stand 15.05.22);16077;Altenburger Land;WHGRM2;Räume;RAUM02;2 Räume;5,32;€/m²;WHG012;Durchschnittliche Nettokaltmiete;e
4000W;Wohnungen (Gebietsstand 15.05.2022);STAG;Stichtag;2022-05-15;GEOLK4;Landkreise u. krsfr. Städte (Stand 15.05.22);03356;Osterholz;WHGRM2;Räume;;Insgesamt;6,66;€/m²;WHG012;Durchschnittliche Nettokaltmiete;e
4000W;Wohnungen (Gebietsstand 15.05.2022);STAG;Stichtag;2022-05-15;GEOLK4;Landkreise u. krsfr. Städte (Stand 15.05.22);08226;Rhein-Neckar-Kreis;WHGRM2;Räume;;Insgesamt;7,59;€/m²;WHG012;Durchschnittliche Nettokaltmiete;e
4000W;Wohnungen (Gebietsstand 15.05.2022);STAG;Stichtag;2022-05-15;GEOLK4;Landkreise u. krsfr. Städte (Stand 15.05.22);15001;Dessau-Roßlau, Stadt;WHGRM2;Räume;RAUM04;4 Räume;5,24;€/m²;WHG012;Durchschnittliche Nettokaltmiete;e
4000W;Wohnungen (Gebietsstand 15.05.2022);STAG;Stichtag;2022-05-15;GEOLK4;Landkreise u. krsfr. Städte (Stand 15.05.22);13074;Nordwestmecklenburg;WHGRM2;Räume;;Insgesamt;5,85;€/m²;WHG012;Durchschnittliche Nettokaltmiete;e
4000W;Wohnungen (Gebietsstand 15.05.2022);STAG;Stichtag;2022-05-15;GEOLK4;Landkreise u. krsfr. Städte (Stand 15.05.22);06611;Kassel, documenta-Stadt;WHGRM2;Räume;RAUM06;6 Räume;6,50;€/m²;WHG012;Durchschnittliche Nettokaltmiete;e
4000W;Wohnungen (Gebietsstand 15.05.2022);STAG;Stichtag;2022-05-15;GEOLK4;Landkreise u. krsfr. Städte (Stand 15.05.22);09573;Fürth, Landkreis;WHGRM2;Räume;RAUM06;6 Räume;6,76;€/m²;WHG012;Durchschnittliche Nettokaltmiete;e
4000W;Wohnungen (Gebietsstand 15.05.2022);STAG;Stichtag;2022-05-15;GEOLK4;Landkreise u. krsfr. Städte (Stand 15.05.22);06437;Odenwaldkreis;WHGRM2;Räume;RAUM06;6 Räume;5,55;€/m²;WHG012;Durchschnittliche Nettokaltmiete;e
4000W;Wohnungen (Gebietsstand 15.05.2022);STAG;Stichtag;2022-05-15;GEOLK4;Landkreise u. krsfr. Städte (Stand 15.05.22);12066;Oberspreewald-Lausitz;WHGRM2;Räume;RAUM06;6 Räume;4,75;€/m²;WHG012;Durchschnittliche Nettokaltmiete;e
4000W;Wohnungen (Gebietsstand 15.05.2022);STAG;Stichtag;2022-05-15;GEOLK4;Landkreise u. krsfr. Städte (Stand 15.05.22);08311;Freiburg im Breisgau, Stadtkreis;WHGRM2;Räume;RAUM03;3 Räume;9,25;€/m²;WHG012;Durchschnittliche Nettokaltmiete;e
4000W;Wohnungen (Gebietsstand 15.05.2022);STAG;Stichtag;2022-05-15;GEOLK4;Landkreise u. krsfr. Städte (Stand 15.05.22);08435;Bodenseekreis;WHGRM2;Räume;;Insgesamt;8,50;€/m²;WHG012;Durchschnittliche Nettokaltmiete;e
4000W;Wohnungen (Gebietsstand 15.05.2022);STAG;Stichtag;2022-05-15;GEOLK4;Landkreise u. krsfr. Städte (Stand 15.05.22);05158;Mettmann;WHGRM2;Räume;RAUM02;2 Räume;7,47;€/m²;WHG012;Durchschnittliche Nettokaltmiete;e
4000W;Wohnungen (Gebietsstand 15.05.2022);STAG;Stichtag;2022-05-15;GEOLK4;Landkreise u. krsfr. Städte (Stand 15.05.22);12061;Dahme-Spreewald;WHGRM2;Räume;;Insgesamt;7,03;€/m²;WHG012;Durchschnittliche Nettokaltmiete;e
4000W;Wohnungen (Gebietsstand 15.05.2022);STAG;Stichtag;2022-05-15;GEOLK4;Landkreise u. krsfr. Städte (Stand 15.05.22);03452;Aurich;WHGRM2;Räume;RAUM07UM;7 und mehr Räume;4,86;€/m²;WHG012;Durchschnittliche Nettokaltmiete;e
4000W;Wohnungen (Gebietsstand 15.05.2022);STAG;Stichtag;2022-05-15;GEOLK4;Landkreise u. krsfr. Städte (Stand 15.05.22);05111;Düsseldorf, Stadt;WHGRM2;Räume;RAUM05;5 Räume;8,82;€/m²;WHG012;Durchschnittliche Nettokaltmiete;e
4000W;Wohnungen (Gebietsstand 15.05.2022);STAG;Stichtag;2022-05-15;GEOLK4;Landkreise u. krsfr. Städte (Stand 15.05.22);07133;Bad Kreuznach;WHGRM2;Räume;RAUM06;6 Räume;5,35;€/m²;WHG012;Durchschnittliche Nettokaltmiete;e
4000W;Wohnungen (Gebietsstand 15.05.2022);STAG;Stichtag;2022-05-15;GEOLK4;Landkreise u. krsfr. Städte (Stand 15.05.22);09577;Weißenburg-Gunzenhausen;WHGRM2;Räume;RAUM04;4 Räume;5,44;€/m²;WHG012;Durchschnittliche Nettokaltmiete;e
4000W;Wohnungen (Gebietsstand 15.05.2022);STAG;Stichtag;2022-05-15;GEOLK4;Landkreise u. krsfr. Städte (Stand 15.05.22);13072;Landkreis Rostock;WHGRM2;Räume;RAUM05;5 Räume;5,66;€/m²;WHG012;Durchschnittliche Nettokaltmiete;e
4000W;Wohnungen (Gebietsstand 15.05.2022);STAG;Stichtag;2022-05-15;GEOLK4;Landkreise u. krsfr. Städte (Stand 15.05.22);09762;Kaufbeuren;WHGRM2;Räume;RAUM05;5 Räume;6,66;€/m²;WHG012;Durchschnittliche Nettokaltmiete;e
4000W;Wohnungen (Gebietsstand 15.05.2022);STAG;Stichtag;2022-05-15;GEOLK4;Landkreise u. krsfr. Städte (Stand 15.05.22);13073;Vorpommern-Rügen;WHGRM2;Räume;;Insgesamt;5,83;€/m²;WHG012;Durchschnittliche Nettokaltmiete;e
4000W;Wohnungen (Gebietsstand 15.05.2022);STAG;Stichtag;2022-05-15;GEOLK4;Landkreise u. krsfr. Städte (Stand 15.05.22);08128;Main-Tauber-Kreis;WHGRM2;Räume;RAUM03;3 Räume;6,14;€/m²;WHG012;Durchschnittliche Nettokaltmiete;e
4000W;Wohnungen (Gebietsstand 15.05.2022);STAG;Stichtag;2022-05-15;GEOLK4;Landkreise u. krsfr. Städte (Stand 15.05.22);08221;Heidelberg, Stadtkreis;WHGRM2;Räume;RAUM06;6 Räume;9,61;€/m²;WHG012;Durchschnittliche Nettokaltmiete;e
4000W;Wohnungen (Gebietsstand 15.05.2022);STAG;Stichtag;2022-05-15;GEOLK4;Landkreise u. krsfr. Städte (Stand 15.05.22);15088;Saalekreis;WHGRM2;Räume;RAUM04;4 Räume;5,17;€/m²;WHG012;Durchschnittliche Nettokaltmiete;e
4000W;Wohnungen (Gebietsstand 15.05.2022);STAG;Stichtag;2022-05-15;GEOLK4;Landkreise u. krsfr. Städte (Stand 15.05.22);06534;Marburg-Biedenkopf;WHGRM2;Räume;;Insgesamt;7,33;€/m²;WHG012;Durchschnittliche Nettokaltmiete;e
4000W;Wohnungen (Gebietsstand 15.05.2022);STAG;Stichtag;2022-05-15;GEOLK4;Landkreise u. krsfr. Städte (Stand 15.05.22);08436;Ravensburg;WHGRM2;Räume;RAUM07UM;7 und mehr Räume;6,45;€/m²;WHG012;Durchschnittliche Nettokaltmiete;e
4000W;Wohnungen (Gebietsstand 15.05.2022);STAG;Stichtag;2022-05-15;GEOLK4;Landkreise u. krsfr. Städte (Stand 15.05.22);09172;Berchtesgadener Land;WHGRM2;Räume;RAUM07UM;7 und mehr Räume;6,37;€/m²;WHG012;Durchschnittliche Nettokaltmiete;e
4000W;Wohnungen (Gebietsstand 15.05.2022);STAG;Stichtag;2022-05-15;GEOLK4;Landkreise u. krsfr. Städte (Stand 15.05.22);09473;Coburg, Landkreis;WHGRM2;Räume;RAUM05;5 Räume;5,12;€/m²;WHG012;Durchschnittliche Nettokaltmiete;e
4000W;Wohnungen (Gebietsstand 15.05.2022);STAG;Stichtag;2022-05-15;GEOLK4;Landkreise u. krsfr. Städte (Stand 15.05.22);16074;Saale-Holzland-Kreis;WHGRM2;Räume;RAUM07UM;7 und mehr Räume;4,90;€/m²;WHG012;Durchschnittliche Nettokaltmiete;e
4000W;Wohnungen (Gebietsstand 15.05.2022);STAG;Stichtag;2022-05-15;GEOLK4;Landkreise u. krsfr. Städte (Stand 15.05.22);05570;Warendorf;WHGRM2;Räume;;Insgesamt;5,92;€/m²;WHG012;Durchschnittliche Nettokaltmiete;e
4000W;Wohnungen (Gebietsstand 15.05.2022);STAG;Stichtag;2022-05-15;GEOLK4;Landkreise u. krsfr. Städte (Stand 15.05.22);08421;Ulm, Stadtkreis;WHGRM2;Räume;RAUM04;4 Räume;7,81;€/m²;WHG012;Durchschnittliche Nettokaltmiete;e
4000W;Wohnungen (Gebietsstand 15.05.2022);STAG;Stichtag;2022-05-15;GEOLK4;Landkreise u. krsfr. Städte (Stand 15.05.22);05512;Bottrop, Stadt;WHGRM2;Räume;RAUM01;1 Raum;7,70;€/m²;WHG012;Durchschnittliche Nettokaltmiete;e
4000W;Wohnungen (Gebietsstand 15.05.2022);STAG;Stichtag;2022-05-15;GEOLK4;Landkreise u. krsfr. Städte (Stand 15.05.22);10042;Merzig-Wadern;WHGRM2;Räume;;Insgesamt;6,07;€/m²;WHG012;Durchschnittliche Nettokaltmiete;e
4000W;Wohnungen (Gebietsstand 15.05.2022);STAG;Stichtag;2022-05-15;GEOLK4;Landkreise u. krsfr. Städte (Stand 15.05.22);03403;Oldenburg (Oldenburg), Stadt;WHGRM2;Räume;RAUM01;1 Raum;10,98;€/m²;WHG012;Durchschnittliche Nettokaltmiete;e
4000W;Wohnungen (Gebietsstand 15.05.2022);STAG;Stichtag;2022-05-15;GEOLK4;Landkreise u. krsfr. Städte (Stand 15.05.22);09189;Traunstein;WHGRM2;Räume;RAUM06;6 Räume;6,59;€/m²;WHG012;Durchschnittliche Nettokaltmiete;e
4000W;Wohnungen (Gebietsstand 15.05.2022);STAG;Stichtag;2022-05-15;GEOLK4;Landkreise u. krsfr. Städte (Stand 15.05.22);05366;Euskirchen;WHGRM2;Räume;RAUM01;1 Raum;7,58;€/m²;WHG012;Durchschnittliche Nettokaltmiete;e
4000W;Wohnungen (Gebietsstand 15.05.2022);STAG;Stichtag;2022-05-15;GEOLK4;Landkreise u. krsfr. Städte (Stand 15.05.22);09186;Pfaffenhofen a.d.Ilm;WHGRM2;Räume;RAUM07UM;7 und mehr Räume;6,69;€/m²;WHG012;Durchschnittliche Nettokaltmiete;e
4000W;Wohnungen (Gebietsstand 15.05.2022);STAG;Stichtag;2022-05-15;GEOLK4;Landkreise u. krsfr. Städte (Stand 15.05.22);14522;Mittelsachsen;WHGRM2;Räume;RAUM01;1 Raum;6,46;€/m²;WHG012;Durchschnittliche Nettokaltmiete;e
4000W;Wohnungen (Gebietsstand 15.05.2022);STAG;Stichtag;2022-05-15;GEOLK4;Landkreise u. krsfr. Städte (Stand 15.05.22);07337;Südliche Weinstraße;WHGRM2;Räume;RAUM02;2 Räume;7,35;€/m²;WHG012;Durchschnittliche Nettokaltmiete;e
4000W;Wohnungen (Gebietsstand 15.05.2022);STAG;Stichtag;2022-05-15;GEOLK4;Landkreise u. krsfr. Städte (Stand 15.05.22);09278;Straubing-Bogen;WHGRM2;Räume;RAUM06;6 Räume;5,26;€/m²;WHG012;Durchschnittliche Nettokaltmiete;e
4000W;Wohnungen (Gebietsstand 15.05.2022);STAG;Stichtag;2022-05-15;GEOLK4;Landkreise u. krsfr. Städte (Stand 15.05.22);01061;Steinburg;WHGRM2;Räume;RAUM07UM;7 und mehr Räume;5,35;€/m²;WHG012;Durchschnittliche Nettokaltmiete;e
4000W;Wohnungen (Gebietsstand 15.05.2022);STAG;Stichtag;2022-05-15;GEOLK4;Landkreise u. krsfr. Städte (Stand 15.05.22);06532;Lahn-Dill-Kreis;WHGRM2;Räume;RAUM06;6 Räume;5,26;€/m²;WHG012;Durchschnittliche Nettokaltmiete;e
4000W;Wohnungen (Gebietsstand 15.05.2022);STAG;Stichtag;2022-05-15;GEOLK4;Landkreise u. krsfr. Städte (Stand 15.05.22);05374;Oberbergischer Kreis;WHGRM2;Räume;RAUM02;2 Räume;6,44;€/m²;WHG012;Durchschnittliche Nettokaltmiete;e
4000W;Wohnungen (Gebietsstand 15.05.2022);STAG;Stichtag;2022-05-15;GEOLK4;Landkreise u. krsfr. Städte (Stand 15.05.22);05766;Lippe;WHGRM2;Räume;RAUM06;6 Räume;5,08;€/m²;WHG012;Durchschnittliche Nettokaltmiete;e
4000W;Wohnungen (Gebietsstand 15.05.2022);STAG;Stichtag;2022-05-15;GEOLK4;Landkreise u. krsfr. Städte (Stand 15.05.22);09675;Kitzingen;WHGRM2;Räume;RAUM04;4 Räume;5,50;€/m²;WHG012;Durchschnittliche Nettokaltmiete;e
4000W;Wohnungen (Gebietsstand 15.05.2022);STAG;Stichtag;2022-05-15;GEOLK4;Landkreise u. krsfr. Städte (Stand 15.05.22);15086;Jerichower Land;WHGRM2;Räume;RAUM05;5 Räume;4,92;€/m²;WHG012;Durchschnittliche Nettokaltmiete;e
4000W;Wohnungen (Gebietsstand 15.05.2022);STAG;Stichtag;2022-05-15;GEOLK4;Landkreise u. krsfr. Städte (Stand 15.05.22);03155;Northeim;WHGRM2;Räume;RAUM01;1 Raum;7,01;€/m²;WHG012;Durchschnittliche Nettokaltmiete;e
4000W;Wohnungen (Gebietsstand 15.05.2022);STAG;Stichtag;2022-05-15;GEOLK4;Landkreise u. krsfr. Städte (Stand 15.05.22);07339;Mainz-Bingen;WHGRM2;Räume;RAUM01;1 Raum;10,21;€/m²;WHG012;Durchschnittliche Nettokaltmiete;e
4000W;Wohnungen (Gebietsstand 15.05.2022);STAG;Stichtag;2022-05-15;GEOLK4;Landkreise u. krsfr. Städte (Stand 15.05.22);16075;Saale-Orla-Kreis;WHGRM2;Räume;RAUM03;3 Räume;5,21;€/m²;WHG012;Durchschnittliche Nettokaltmiete;e
4000W;Wohnungen (Gebietsstand 15.05.2022);STAG;Stichtag;2022-05-15;GEOLK4;Landkreise u. krsfr. Städte (Stand 15.05.22);08315;Breisgau-Hochschwarzwald;WHGRM2;Räume;RAUM03;3 Räume;8,08;€/m²;WHG012;Durchschnittliche Nettokaltmiete;e
4000W;Wohnungen (Gebietsstand 15.05.2022);STAG;Stichtag;2022-05-15;GEOLK4;Landkreise u. krsfr. Städte (Stand 15.05.22);14713;Leipzig, Stadt;WHGRM2;Räume;;Insgesamt;6,44;€/m²;WHG012;Durchschnittliche Nettokaltmiete;e
4000W;Wohnungen (Gebietsstand 15.05.2022);STAG;Stichtag;2022-05-15;GEOLK4;Landkreise u. krsfr. Städte (Stand 15.05.22);07331;Alzey-Worms;WHGRM2;Räume;;Insgesamt;6,52;€/m²;WHG012;Durchschnittliche Nettokaltmiete;e
4000W;Wohnungen (Gebietsstand 15.05.2022);STAG;Stichtag;2022-05-15;GEOLK4;Landkreise u. krsfr. Städte (Stand 15.05.22);05162;Rhein-Kreis Neuss;WHGRM2;Räume;RAUM03;3 Räume;7,40;€/m²;WHG012;Durchschnittliche Nettokaltmiete;e
4000W;Wohnungen (Gebietsstand 15.05.2022);STAG;Stichtag;2022-05-15;GEOLK4;Landkreise u. krsfr. Städte (Stand 15.05.22);05966;Olpe;WHGRM2;Räume;RAUM07UM;7 und mehr Räume;4,90;€/m²;WHG012;Durchschnittliche Nettokaltmiete;e
4000W;Wohnungen (Gebietsstand 15.05.2022);STAG;Stichtag;2022-05-15;GEOLK4;Landkreise u. krsfr. Städte (Stand 15.05.22);10042;Merzig-Wadern;WHGRM2;Räume;RAUM06;6 Räume;5,28;€/m²;WHG012;Durchschnittliche Nettokaltmiete;e
4000W;Wohnungen (Gebietsstand 15.05.2022);STAG;Stichtag;2022-05-15;GEOLK4;Landkreise u. krsfr. Städte (Stand 15.05.22);08211;Baden-Baden, Stadtkreis;WHGRM2;Räume;RAUM04;4 Räume;7,35;€/m²;WHG012;Durchschnittliche Nettokaltmiete;e
4000W;Wohnungen (Gebietsstand 15.05.2022);STAG;Stichtag;2022-05-15;GEOLK4;Landkreise u. krsfr. Städte (Stand 15.05.22);09176;Eichstätt;WHGRM2;Räume;RAUM06;6 Räume;6,94;€/m²;WHG012;Durchschnittliche Nettokaltmiete;e
4000W;Wohnungen (Gebietsstand 15.05.2022);STAG;Stichtag;2022-05-15;GEOLK4;Landkreise u. krsfr. Städte (Stand 15.05.22);09163;Rosenheim, Kreisfreie Stadt;WHGRM2;Räume;RAUM07UM;7 und mehr Räume;8,26;€/m²;WHG012;Durchschnittliche Nettokaltmiete;e
4000W;Wohnungen (Gebietsstand 15.05.2022);STAG;Stichtag;2022-05-15;GEOLK4;Landkreise u. krsfr. Städte (Stand 15.05.22);07231;Bernkastel-Wittlich;WHGRM2;Räume;RAUM07UM;7 und mehr Räume;5,12;€/m²;WHG012;Durchschnittliche Nettokaltmiete;e
4000W;Wohnungen (Gebietsstand 15.05.2022);STAG;Stichtag;2022-05-15;GEOLK4;Landkreise u. krsfr. Städte (Stand 15.05.22);09675;Kitzingen;WHGRM2;Räume;RAUM07UM;7 und mehr Räume;5,08;€/m²;WHG012;Durchschnittliche Nettokaltmiete;e
4000W;Wohnungen (Gebietsstand 15.05.2022);STAG;Stichtag;2022-05-15;GEOLK4;Landkreise u. krsfr. Städte (Stand 15.05.22);03458;Oldenburg;WHGRM2;Räume;RAUM03;3 Räume;6,84;€/m²;WHG012;Durchschnittliche Nettokaltmiete;e
4000W;Wohnungen (Gebietsstand 15.05.2022);STAG;Stichtag;2022-05-15;GEOLK4;Landkreise u. krsfr. Städte (Stand 15.05.22);09573;Fürth, Landkreis;WHGRM2;Räume;;Insgesamt;7,07;€/m²;WHG012;Durchschnittliche Nettokaltmiete;e
4000W;Wohnungen (Gebietsstand 15.05.2022);STAG;Stichtag;2022-05-15;GEOLK4;Landkreise u. krsfr. Städte (Stand 15.05.22);12052;Cottbus, Stadt;WHGRM2;Räume;RAUM02;2 Räume;6,16;€/m²;WHG012;Durchschnittliche Nettokaltmiete;e
4000W;Wohnungen (Gebietsstand 15.05.2022);STAG;Stichtag;2022-05-15;GEOLK4;Landkreise u. krsfr. Städte (Stand 15.05.22);09575;Neustadt a.d.Aisch-Bad Windsheim;WHGRM2;Räume;RAUM05;5 Räume;5,19;€/m²;WHG012;Durchschnittliche Nettokaltmiete;e
4000W;Wohnungen (Gebietsstand 15.05.2022);STAG;Stichtag;2022-05-15;GEOLK4;Landkreise u. krsfr. Städte (Stand 15.05.22);01058;Rendsburg-Eckernförde;WHGRM2;Räume;RAUM04;4 Räume;6,65;€/m²;WHG012;Durchschnittliche Nettokaltmiete;e
4000W;Wohnungen (Gebietsstand 15.05.2022);STAG;Stichtag;2022-05-15;GEOLK4;Landkreise u. krsfr. Städte (Stand 15.05.22);05170;Wesel;WHGRM2;Räume;RAUM06;6 Räume;5,99;€/m²;WHG012;Durchschnittliche Nettokaltmiete;e
4000W;Wohnungen (Gebietsstand 15.05.2022);STAG;Stichtag;2022-05-15;GEOLK4;Landkreise u. krsfr. Städte (Stand 15.05.22);08126;Hohenlohekreis;WHGRM2;Räume;RAUM04;4 Räume;6,51;€/m²;WHG012;Durchschnittliche Nettokaltmiete;e
4000W;Wohnungen (Gebietsstand 15.05.2022);STAG;Stichtag;2022-05-15;GEOLK4;Landkreise u. krsfr. Städte (Stand 15.05.22);09471;Bamberg, Landkreis;WHGRM2;Räume;RAUM06;6 Räume;5,64;€/m²;WHG012;Durchschnittliche Nettokaltmiete;e
4000W;Wohnungen (Gebietsstand 15.05.2022);STAG;Stichtag;2022-05-15;GEOLK4;Landkreise u. krsfr. Städte (Stand 15.05.22);06632;Hersfeld-Rotenburg;WHGRM2;Räume;RAUM05;5 Räume;4,86;€/m²;WHG012;Durchschnittliche Nettokaltmiete;e
4000W;Wohnungen (Gebietsstand 15.05.2022);STAG;Stichtag;2022-05-15;GEOLK4;Landkreise u. krsfr. Städte (Stand 15.05.22);09176;Eichstätt;WHGRM2;Räume;;Insgesamt;8,02;€/m²;WHG012;Durchschnittliche Nettokaltmiete;e
4000W;Wohnungen (Gebietsstand 15.05.2022);STAG;Stichtag;2022-05-15;GEOLK4;Landkreise u. krsfr. Städte (Stand 15.05.22);09775;Neu-Ulm;WHGRM2;Räume;RAUM01;1 Raum;12,20;€/m²;WHG012;Durchschnittliche Nettokaltmiete;e
4000W;Wohnungen (Gebietsstand 15.05.2022);STAG;Stichtag;2022-05-15;GEOLK4;Landkreise u. krsfr. Städte (Stand 15.05.22);09777;Ostallgäu;WHGRM2;Räume;RAUM07UM;7 und mehr Räume;5,80;€/m²;WHG012;Durchschnittliche Nettokaltmiete;e
4000W;Wohnungen (Gebietsstand 15.05.2022);STAG;Stichtag;2022-05-15;GEOLK4;Landkreise u. krsfr. Städte (Stand 15.05.22);05758;Herford;WHGRM2;Räume;RAUM03;3 Räume;5,74;€/m²;WHG012;Durchschnittliche Nettokaltmiete;e
4000W;Wohnungen (Gebietsstand 15.05.2022);STAG;Stichtag;2022-05-15;GEOLK4;Landkreise u. krsfr. Städte (Stand 15.05.22);09183;Mühldorf a.Inn;WHGRM2;Räume;;Insgesamt;6,78;€/m²;WHG012;Durchschnittliche Nettokaltmiete;e
4000W;Wohnungen (Gebietsstand 15.05.2022);STAG;Stichtag;2022-05-15;GEOLK4;Landkreise u. krsfr. Städte (Stand 15.05.22);09764;Memmingen;WHGRM2;Räume;RAUM04;4 Räume;5,82;€/m²;WHG012;Durchschnittliche Nettokaltmiete;e
4000W;Wohnungen (Gebietsstand 15.05.2022);STAG;Stichtag;2022-05-15;GEOLK4;Landkreise u. krsfr. Städte (Stand 15.05.22);05334;Städteregion Aachen;WHGRM2;Räume;RAUM01;1 Raum;10,32;€/m²;WHG012;Durchschnittliche Nettokaltmiete;e
4000W;Wohnungen (Gebietsstand 15.05.2022);STAG;Stichtag;2022-05-15;GEOLK4;Landkreise u. krsfr. Städte (Stand 15.05.22);06634;Schwalm-Eder-Kreis;WHGRM2;Räume;RAUM06;6 Räume;4,57;€/m²;WHG012;Durchschnittliche Nettokaltmiete;e
4000W;Wohnungen (Gebietsstand 15.05.2022);STAG;Stichtag;2022-05-15;GEOLK4;Landkreise u. krsfr. Städte (Stand 15.05.22);09761;Augsburg, Kreisfreie Stadt;WHGRM2;Räume;RAUM04;4 Räume;7,81;€/m²;WHG012;Durchschnittliche Nettokaltmiete;e
4000W;Wohnungen (Gebietsstand 15.05.2022);STAG;Stichtag;2022-05-15;GEOLK4;Landkreise u. krsfr. Städte (Stand 15.05.22);07314;Ludwigshafen am Rhein, kreisfreie Stadt;WHGRM2;Räume;RAUM05;5 Räume;6,62;€/m²;WHG012;Durchschnittliche Nettokaltmiete;e
4000W;Wohnungen (Gebietsstand 15.05.2022);STAG;Stichtag;2022-05-15;GEOLK4;Landkreise u. krsfr. Städte (Stand 15.05.22);03356;Osterholz;WHGRM2;Räume;RAUM07UM;7 und mehr Räume;5,30;€/m²;WHG012;Durchschnittliche Nettokaltmiete;e
4000W;Wohnungen (Gebietsstand 15.05.2022);STAG;Stichtag;2022-05-15;GEOLK4;Landkreise u. krsfr. Städte (Stand 15.05.22);09562;Erlangen;WHGRM2;Räume;;Insgesamt;9,20;€/m²;WHG012;Durchschnittliche Nettokaltmiete;e
4000W;Wohnungen (Gebietsstand 15.05.2022);STAG;Stichtag;2022-05-15;GEOLK4;Landkreise u. krsfr. Städte (Stand 15.05.22);09177;Erding;WHGRM2;Räume;;Insgesamt;9,30;€/m²;WHG012;Durchschnittliche Nettokaltmiete;e
4000W;Wohnungen (Gebietsstand 15.05.2022);STAG;Stichtag;2022-05-15;GEOLK4;Landkreise u. krsfr. Städte (Stand 15.05.22);09279;Dingolfing-Landau;WHGRM2;Räume;RAUM04;4 Räume;5,86;€/m²;WHG012;Durchschnittliche Nettokaltmiete;e
4000W;Wohnungen (Gebietsstand 15.05.2022);STAG;Stichtag;2022-05-15;GEOLK4;Landkreise u. krsfr. Städte (Stand 15.05.22);12061;Dahme-Spreewald;WHGRM2;Räume;RAUM01;1 Raum;9,10;€/m²;WHG012;Durchschnittliche Nettokaltmiete;e
4000W;Wohnungen (Gebietsstand 15.05.2022);STAG;Stichtag;2022-05-15;GEOLK4;Landkreise u. krsfr. Städte (Stand 15.05.22);03101;Braunschweig, Stadt;WHGRM2;Räume;RAUM03;3 Räume;7,14;€/m²;WHG012;Durchschnittliche Nettokaltmiete;e
4000W;Wohnungen (Gebietsstand 15.05.2022);STAG;Stichtag;2022-05-15;GEOLK4;Landkreise u. krsfr. Städte (Stand 15.05.22);03241;Region Hannover;WHGRM2;Räume;RAUM01;1 Raum;9,47;€/m²;WHG012;Durchschnittliche Nettokaltmiete;e
4000W;Wohnungen (Gebietsstand 15.05.2022);STAG;Stichtag;2022-05-15;GEOLK4;Landkreise u. krsfr. Städte (Stand 15.05.22);07318;Speyer, kreisfreie Stadt;WHGRM2;Räume;RAUM04;4 Räume;6,74;€/m²;WHG012;Durchschnittliche Nettokaltmiete;e
4000W;Wohnungen (Gebietsstand 15.05.2022);STAG;Stichtag;2022-05-15;GEOLK4;Landkreise u. krsfr. Städte (Stand 15.05.22);08421;Ulm, Stadtkreis;WHGRM2;Räume;RAUM02;2 Räume;9,62;€/m²;WHG012;Durchschnittliche Nettokaltmiete;e
4000W;Wohnungen (Gebietsstand 15.05.2022);STAG;Stichtag;2022-05-15;GEOLK4;Landkreise u. krsfr. Städte (Stand 15.05.22);06535;Vogelsbergkreis;WHGRM2;Räume;RAUM06;6 Räume;4,29;€/m²;WHG012;Durchschnittliche Nettokaltmiete;e
4000W;Wohnungen (Gebietsstand 15.05.2022);STAG;Stichtag;2022-05-15;GEOLK4;Landkreise u. krsfr. Städte (Stand 15.05.22);09678;Schweinfurt, Landkreis;WHGRM2;Räume;RAUM01;1 Raum;7,50;€/m²;WHG012;Durchschnittliche Nettokaltmiete;e
4000W;Wohnungen (Gebietsstand 15.05.2022);STAG;Stichtag;2022-05-15;GEOLK4;Landkreise u. krsfr. Städte (Stand 15.05.22);09376;Schwandorf;WHGRM2;Räume;RAUM05;5 Räume;5,18;€/m²;WHG012;Durchschnittliche Nettokaltmiete;e
4000W;Wohnungen (Gebietsstand 15.05.2022);STAG;Stichtag;2022-05-15;GEOLK4;Landkreise u. krsfr. Städte (Stand 15.05.22);01053;Herzogtum Lauenburg;WHGRM2;Räume;;Insgesamt;7,41;€/m²;WHG012;Durchschnittliche Nettokaltmiete;e
4000W;Wohnungen (Gebietsstand 15.05.2022);STAG;Stichtag;2022-05-15;GEOLK4;Landkreise u. krsfr. Städte (Stand 15.05.22);07337;Südliche Weinstraße;WHGRM2;Räume;;Insgesamt;6,55;€/m²;WHG012;Durchschnittliche Nettokaltmiete;e
4000W;Wohnungen (Gebietsstand 15.05.2022);STAG;Stichtag;2022-05-15;GEOLK4;Landkreise u. krsfr. Städte (Stand 15.05.22);16063;Wartburgkreis;WHGRM2;Räume;RAUM06;6 Räume;4,83;€/m²;WHG012;Durchschnittliche Nettokaltmiete;e
4000W;Wohnungen (Gebietsstand 15.05.2022);STAG;Stichtag;2022-05-15;GEOLK4;Landkreise u. krsfr. Städte (Stand 15.05.22);09188;Starnberg;WHGRM2;Räume;RAUM05;5 Räume;11,07;€/m²;WHG012;Durchschnittliche Nettokaltmiete;e
4000W;Wohnungen (Gebietsstand 15.05.2022);STAG;Stichtag;2022-05-15;GEOLK4;Landkreise u. krsfr. Städte (Stand 15.05.22);09775;Neu-Ulm;WHGRM2;Räume;RAUM02;2 Räume;8,52;€/m²;WHG012;Durchschnittliche Nettokaltmiete;e
4000W;Wohnungen (Gebietsstand 15.05.2022);STAG;Stichtag;2022-05-15;GEOLK4;Landkreise u. krsfr. Städte (Stand 15.05.22);07111;Koblenz, kreisfreie Stadt;WHGRM2;Räume;RAUM01;1 Raum;11,42;€/m²;WHG012;Durchschnittliche Nettokaltmiete;e
4000W;Wohnungen (Gebietsstand 15.05.2022);STAG;Stichtag;2022-05-15;GEOLK4;Landkreise u. krsfr. Städte (Stand 15.05.22);15086;Jerichower Land;WHGRM2;Räume;RAUM07UM;7 und mehr Räume;4,35;€/m²;WHG012;Durchschnittliche Nettokaltmiete;e
4000W;Wohnungen (Gebietsstand 15.05.2022);STAG;Stichtag;2022-05-15;GEOLK4;Landkreise u. krsfr. Städte (Stand 15.05.22);06438;Offenbach;WHGRM2;Räume;RAUM05;5 Räume;7,95;€/m²;WHG012;Durchschnittliche Nettokaltmiete;e
4000W;Wohnungen (Gebietsstand 15.05.2022);STAG;Stichtag;2022-05-15;GEOLK4;Landkreise u. krsfr. Städte (Stand 15.05.22);09564;Nürnberg;WHGRM2;Räume;;Insgesamt;8,21;€/m²;WHG012;Durchschnittliche Nettokaltmiete;e
4000W;Wohnungen (Gebietsstand 15.05.2022);STAG;Stichtag;2022-05-15;GEOLK4;Landkreise u. krsfr. Städte (Stand 15.05.22);07334;Germersheim;WHGRM2;Räume;RAUM05;5 Räume;6,34;€/m²;WHG012;Durchschnittliche Nettokaltmiete;e
4000W;Wohnungen (Gebietsstand 15.05.2022);STAG;Stichtag;2022-05-15;GEOLK4;Landkreise u. krsfr. Städte (Stand 15.05.22);08117;Göppingen;WHGRM2;Räume;RAUM03;3 Räume;7,33;€/m²;WHG012;Durchschnittliche Nettokaltmiete;e
4000W;Wohnungen (Gebietsstand 15.05.2022);STAG;Stichtag;2022-05-15;GEOLK4;Landkreise u. krsfr. Städte (Stand 15.05.22);13003;Rostock;WHGRM2;Räume;;Insgesamt;6,70;€/m²;WHG012;Durchschnittliche Nettokaltmiete;e
4000W;Wohnungen (Gebietsstand 15.05.2022);STAG;Stichtag;2022-05-15;GEOLK4;Landkreise u. krsfr. Städte (Stand 15.05.22);03454;Emsland;WHGRM2;Räume;RAUM06;6 Räume;4,97;€/m²;WHG012;Durchschnittliche Nettokaltmiete;e
4000W;Wohnungen (Gebietsstand 15.05.2022);STAG;Stichtag;2022-05-15;GEOLK4;Landkreise u. krsfr. Städte (Stand 15.05.22);09674;Haßberge;WHGRM2;Räume;RAUM04;4 Räume;5,34;€/m²;WHG012;Durchschnittliche Nettokaltmiete;e
4000W;Wohnungen (Gebietsstand 15.05.2022);STAG;Stichtag;2022-05-15;GEOLK4;Landkreise u. krsfr. Städte (Stand 15.05.22);09179;Fürstenfeldbruck;WHGRM2;Räume;;Insgesamt;10,53;€/m²;WHG012;Durchschnittliche Nettokaltmiete;e
4000W;Wohnungen (Gebietsstand 15.05.2022);STAG;Stichtag;2022-05-15;GEOLK4;Landkreise u. krsfr. Städte (Stand 15.05.22);05370;Heinsberg;WHGRM2;Räume;RAUM03;3 Räume;6,27;€/m²;WHG012;Durchschnittliche Nettokaltmiete;e
4000W;Wohnungen (Gebietsstand 15.05.2022);STAG;Stichtag;2022-05-15;GEOLK4;Landkreise u. krsfr. Städte (Stand 15.05.22);12067;Oder-Spree;WHGRM2;Räume;RAUM06;6 Räume;5,86;€/m²;WHG012;Durchschnittliche Nettokaltmiete;e
4000W;Wohnungen (Gebietsstand 15.05.2022);STAG;Stichtag;2022-05-15;GEOLK4;Landkreise u. krsfr. Städte (Stand 15.05.22);08127;Schwäbisch Hall;WHGRM2;Räume;RAUM02;2 Räume;7,76;€/m²;WHG012;Durchschnittliche Nettokaltmiete;e
4000W;Wohnungen (Gebietsstand 15.05.2022);STAG;Stichtag;2022-05-15;GEOLK4;Landkreise u. krsfr. Städte (Stand 15.05.22);05558;Coesfeld;WHGRM2;Räume;RAUM06;6 Räume;5,88;€/m²;WHG012;Durchschnittliche Nettokaltmiete;e
4000W;Wohnungen (Gebietsstand 15.05.2022);STAG;Stichtag;2022-05-15;GEOLK4;Landkreise u. krsfr. Städte (Stand 15.05.22);07335;Kaiserslautern;WHGRM2;Räume;;Insgesamt;6,50;€/m²;WHG012;Durchschnittliche Nettokaltmiete;e
4000W;Wohnungen (Gebietsstand 15.05.2022);STAG;Stichtag;2022-05-15;GEOLK4;Landkreise u. krsfr. Städte (Stand 15.05.22);10044;Saarlouis;WHGRM2;Räume;RAUM06;6 Räume;5,18;€/m²;WHG012;Durchschnittliche Nettokaltmiete;e
4000W;Wohnungen (Gebietsstand 15.05.2022);STAG;Stichtag;2022-05-15;GEOLK4;Landkreise u. krsfr. Städte (Stand 15.05.22);03154;Helmstedt;WHGRM2;Räume;RAUM01;1 Raum;7,50;€/m²;WHG012;Durchschnittliche Nettokaltmiete;e
4000W;Wohnungen (Gebietsstand 15.05.2022);STAG;Stichtag;2022-05-15;GEOLK4;Landkreise u. krsfr. Städte (Stand 15.05.22);13073;Vorpommern-Rügen;WHGRM2;Räume;RAUM05;5 Räume;5,55;€/m²;WHG012;Durchschnittliche Nettokaltmiete;e
4000W;Wohnungen (Gebietsstand 15.05.2022);STAG;Stichtag;2022-05-15;GEOLK4;Landkreise u. krsfr. Städte (Stand 15.05.22);03458;Oldenburg;WHGRM2;Räume;RAUM05;5 Räume;5,81;€/m²;WHG012;Durchschnittliche Nettokaltmiete;e
4000W;Wohnungen (Gebietsstand 15.05.2022);STAG;Stichtag;2022-05-15;GEOLK4;Landkreise u. krsfr. Städte (Stand 15.05.22);09771;Aichach-Friedberg;WHGRM2;Räume;RAUM05;5 Räume;7,15;€/m²;WHG012;Durchschnittliche Nettokaltmiete;e
4000W;Wohnungen (Gebietsstand 15.05.2022);STAG;Stichtag;2022-05-15;GEOLK4;Landkreise u. krsfr. Städte (Stand 15.05.22);13004;Schwerin;WHGRM2;Räume;RAUM06;6 Räume;6,29;€/m²;WHG012;Durchschnittliche Nettokaltmiete;e
4000W;Wohnungen (Gebietsstand 15.05.2022);STAG;Stichtag;2022-05-15;GEOLK4;Landkreise u. krsfr. Städte (Stand 15.05.22);08117;Göppingen;WHGRM2;Räume;RAUM07UM;7 und mehr Räume;6,08;€/m²;WHG012;Durchschnittliche Nettokaltmiete;e
4000W;Wohnungen (Gebietsstand 15.05.2022);STAG;Stichtag;2022-05-15;GEOLK4;Landkreise u. krsfr. Städte (Stand 15.05.22);05315;Köln, Stadt;WHGRM2;Räume;RAUM02;2 Räume;9,77;€/m²;WHG012;Durchschnittliche Nettokaltmiete;e
4000W;Wohnungen (Gebietsstand 15.05.2022);STAG;Stichtag;2022-05-15;GEOLK4;Landkreise u. krsfr. Städte (Stand 15.05.22);06635;Waldeck-Frankenberg;WHGRM2;Räume;RAUM04;4 Räume;4,91;€/m²;WHG012;Durchschnittliche Nettokaltmiete;e
4000W;Wohnungen (Gebietsstand 15.05.2022);STAG;Stichtag;2022-05-15;GEOLK4;Landkreise u. krsfr. Städte (Stand 15.05.22);06532;Lahn-Dill-Kreis;WHGRM2;Räume;;Insgesamt;6,33;€/m²;WHG012;Durchschnittliche Nettokaltmiete;e
4000W;Wohnungen (Gebietsstand 15.05.2022);STAG;Stichtag;2022-05-15;GEOLK4;Landkreise u. krsfr. Städte (Stand 15.05.22);09562;Erlangen;WHGRM2;Räume;RAUM07UM;7 und mehr Räume;8,80;€/m²;WHG012;Durchschnittliche Nettokaltmiete;e
4000W;Wohnungen (Gebietsstand 15.05.2022);STAG;Stichtag;2022-05-15;GEOLK4;Landkreise u. krsfr. Städte (Stand 15.05.22);15086;Jerichower Land;WHGRM2;Räume;RAUM06;6 Räume;4,87;€/m²;WHG012;Durchschnittliche Nettokaltmiete;e
4000W;Wohnungen (Gebietsstand 15.05.2022);STAG;Stichtag;2022-05-15;GEOLK4;Landkreise u. krsfr. Städte (Stand 15.05.22);01002;Kiel, Landeshauptstadt;WHGRM2;Räume;RAUM07UM;7 und mehr Räume;7,19;€/m²;WHG012;Durchschnittliche Nettokaltmiete;e
4000W;Wohnungen (Gebietsstand 15.05.2022);STAG;Stichtag;2022-05-15;GEOLK4;Landkreise u. krsfr. Städte (Stand 15.05.22);03251;Diepholz;WHGRM2;Räume;RAUM02;2 Räume;7,09;€/m²;WHG012;Durchschnittliche Nettokaltmiete;e
4000W;Wohnungen (Gebietsstand 15.05.2022);STAG;Stichtag;2022-05-15;GEOLK4;Landkreise u. krsfr. Städte (Stand 15.05.22);08237;Freudenstadt;WHGRM2;Räume;RAUM01;1 Raum;8,82;€/m²;WHG012;Durchschnittliche Nettokaltmiete;e
4000W;Wohnungen (Gebietsstand 15.05.2022);STAG;Stichtag;2022-05-15;GEOLK4;Landkreise u. krsfr. Städte (Stand 15.05.22);01055;Ostholstein;WHGRM2;Räume;;Insgesamt;7,36;€/m²;WHG012;Durchschnittliche Nettokaltmiete;e
4000W;Wohnungen (Gebietsstand 15.05.2022);STAG;Stichtag;2022-05-15;GEOLK4;Landkreise u. krsfr. Städte (Stand 15.05.22);05513;Gelsenkirchen, Stadt;WHGRM2;Räume;RAUM01;1 Raum;6,80;€/m²;WHG012;Durchschnittliche Nettokaltmiete;e
4000W;Wohnungen (Gebietsstand 15.05.2022);STAG;Stichtag;2022-05-15;GEOLK4;Landkreise u. krsfr. Städte (Stand 15.05.22);16067;Gotha;WHGRM2;Räume;RAUM03;3 Räume;5,29;€/m²;WHG012;Durchschnittliche Nettokaltmiete;e
4000W;Wohnungen (Gebietsstand 15.05.2022);STAG;Stichtag;2022-05-15;GEOLK4;Landkreise u. krsfr. Städte (Stand 15.05.22);15002;Halle (Saale), Stadt;WHGRM2;Räume;RAUM03;3 Räume;5,93;€/m²;WHG012;Durchschnittliche Nettokaltmiete;e
4000W;Wohnungen (Gebietsstand 15.05.2022);STAG;Stichtag;2022-05-15;GEOLK4;Landkreise u. krsfr. Städte (Stand 15.05.22);14627;Meißen;WHGRM2;Räume;RAUM04;4 Räume;5,41;€/m²;WHG012;Durchschnittliche Nettokaltmiete;e
4000W;Wohnungen (Gebietsstand 15.05.2022);STAG;Stichtag;2022-05-15;GEOLK4;Landkreise u. krsfr. Städte (Stand 15.05.22);16073;Saalfeld-Rudolstadt;WHGRM2;Räume;RAUM05;5 Räume;5,05;€/m²;WHG012;Durchschnittliche Nettokaltmiete;e
4000W;Wohnungen (Gebietsstand 15.05.2022);STAG;Stichtag;2022-05-15;GEOLK4;Landkreise u. krsfr. Städte (Stand 15.05.22);05913;Dortmund, Stadt;WHGRM2;Räume;RAUM06;6 Räume;6,27;€/m²;WHG012;Durchschnittliche Nettokaltmiete;e
4000W;Wohnungen (Gebietsstand 15.05.2022);STAG;Stichtag;2022-05-15;GEOLK4;Landkreise u. krsfr. Städte (Stand 15.05.22);16072;Sonneberg;WHGRM2;Räume;RAUM05;5 Räume;4,80;€/m²;WHG012;Durchschnittliche Nettokaltmiete;e
4000W;Wohnungen (Gebietsstand 15.05.2022);STAG;Stichtag;2022-05-15;GEOLK4;Landkreise u. krsfr. Städte (Stand 15.05.22);16066;Schmalkalden-Meiningen;WHGRM2;Räume;RAUM03;3 Räume;5,19;€/m²;WHG012;Durchschnittliche Nettokaltmiete;e
4000W;Wohnungen (Gebietsstand 15.05.2022);STAG;Stichtag;2022-05-15;GEOLK4;Landkreise u. krsfr. Städte (Stand 15.05.22);06636;Werra-Meißner-Kreis;WHGRM2;Räume;RAUM07UM;7 und mehr Räume;3,92;€/m²;WHG012;Durchschnittliche Nettokaltmiete;e
4000W;Wohnungen (Gebietsstand 15.05.2022);STAG;Stichtag;2022-05-15;GEOLK4;Landkreise u. krsfr. Städte (Stand 15.05.22);01056;Pinneberg;WHGRM2;Räume;RAUM06;6 Räume;7,92;€/m²;WHG012;Durchschnittliche Nettokaltmiete;e
4000W;Wohnungen (Gebietsstand 15.05.2022);STAG;Stichtag;2022-05-15;GEOLK4;Landkreise u. krsfr. Städte (Stand 15.05.22);15001;Dessau-Roßlau, Stadt;WHGRM2;Räume;RAUM03;3 Räume;5,46;€/m²;WHG012;Durchschnittliche Nettokaltmiete;e
4000W;Wohnungen (Gebietsstand 15.05.2022);STAG;Stichtag;2022-05-15;GEOLK4;Landkreise u. krsfr. Städte (Stand 15.05.22);05914;Hagen, Stadt der FernUniversität;WHGRM2;Räume;RAUM06;6 Räume;5,27;€/m²;WHG012;Durchschnittliche Nettokaltmiete;e
4000W;Wohnungen (Gebietsstand 15.05.2022);STAG;Stichtag;2022-05-15;GEOLK4;Landkreise u. krsfr. Städte (Stand 15.05.22);09564;Nürnberg;WHGRM2;Räume;RAUM05;5 Räume;7,65;€/m²;WHG012;Durchschnittliche Nettokaltmiete;e
4000W;Wohnungen (Gebietsstand 15.05.2022);STAG;Stichtag;2022-05-15;GEOLK4;Landkreise u. krsfr. Städte (Stand 15.05.22);09477;Kulmbach;WHGRM2;Räume;RAUM03;3 Räume;5,57;€/m²;WHG012;Durchschnittliche Nettokaltmiete;e
4000W;Wohnungen (Gebietsstand 15.05.2022);STAG;Stichtag;2022-05-15;GEOLK4;Landkreise u. krsfr. Städte (Stand 15.05.22);09763;Kempten (Allgäu);WHGRM2;Räume;RAUM07UM;7 und mehr Räume;6,83;€/m²;WHG012;Durchschnittliche Nettokaltmiete;e
4000W;Wohnungen (Gebietsstand 15.05.2022);STAG;Stichtag;2022-05-15;GEOLK4;Landkreise u. krsfr. Städte (Stand 15.05.22);06636;Werra-Meißner-Kreis;WHGRM2;Räume;RAUM04;4 Räume;4,72;€/m²;WHG012;Durchschnittliche Nettokaltmiete;e
4000W;Wohnungen (Gebietsstand 15.05.2022);STAG;Stichtag;2022-05-15;GEOLK4;Landkreise u. krsfr. Städte (Stand 15.05.22);09262;Passau, Kreisfreie Stadt;WHGRM2;Räume;;Insgesamt;8,03;€/m²;WHG012;Durchschnittliche Nettokaltmiete;e
4000W;Wohnungen (Gebietsstand 15.05.2022);STAG;Stichtag;2022-05-15;GEOLK4;Landkreise u. krsfr. Städte (Stand 15.05.22);09563;Fürth, Kreisfreie Stadt;WHGRM2;Räume;RAUM05;5 Räume;7,05;€/m²;WHG012;Durchschnittliche Nettokaltmiete;e
4000W;Wohnungen (Gebietsstand 15.05.2022);STAG;Stichtag;2022-05-15;GEOLK4;Landkreise u. krsfr. Städte (Stand 15.05.22);09577;Weißenburg-Gunzenhausen;WHGRM2;Räume;RAUM03;3 Räume;5,85;€/m²;WHG012;Durchschnittliche Nettokaltmiete;e
4000W;Wohnungen (Gebietsstand 15.05.2022);STAG;Stichtag;2022-05-15;GEOLK4;Landkreise u. krsfr. Städte (Stand 15.05.22);14627;Meißen;WHGRM2;Räume;;Insgesamt;5,60;€/m²;WHG012;Durchschnittliche Nettokaltmiete;e
4000W;Wohnungen (Gebietsstand 15.05.2022);STAG;Stichtag;2022-05-15;GEOLK4;Landkreise u. krsfr. Städte (Stand 15.05.22);16053;Jena, Stadt;WHGRM2;Räume;RAUM05;5 Räume;6,74;€/m²;WHG012;Durchschnittliche Nettokaltmiete;e
4000W;Wohnungen (Gebietsstand 15.05.2022);STAG;Stichtag;2022-05-15;GEOLK4;Landkreise u. krsfr. Städte (Stand 15.05.22);05124;Wuppertal, Stadt;WHGRM2;Räume;RAUM05;5 Räume;5,81;€/m²;WHG012;Durchschnittliche Nettokaltmiete;e
4000W;Wohnungen (Gebietsstand 15.05.2022);STAG;Stichtag;2022-05-15;GEOLK4;Landkreise u. krsfr. Städte (Stand 15.05.22);09173;Bad Tölz-Wolfratshausen;WHGRM2;Räume;RAUM01;1 Raum;11,06;€/m²;WHG012;Durchschnittliche Nettokaltmiete;e
4000W;Wohnungen (Gebietsstand 15.05.2022);STAG;Stichtag;2022-05-15;GEOLK4;Landkreise u. krsfr. Städte (Stand 15.05.22);09375;Regensburg, Landkreis;WHGRM2;Räume;RAUM05;5 Räume;6,34;€/m²;WHG012;Durchschnittliche Nettokaltmiete;e
4000W;Wohnungen (Gebietsstand 15.05.2022);STAG;Stichtag;2022-05-15;GEOLK4;Landkreise u. krsfr. Städte (Stand 15.05.22);09189;Traunstein;WHGRM2;Räume;;Insgesamt;7,20;€/m²;WHG012;Durchschnittliche Nettokaltmiete;e
4000W;Wohnungen (Gebietsstand 15.05.2022);STAG;Stichtag;2022-05-15;GEOLK4;Landkreise u. krsfr. Städte (Stand 15.05.22);05962;Märkischer Kreis;WHGRM2;Räume;RAUM05;5 Räume;5,26;€/m²;WHG012;Durchschnittliche Nettokaltmiete;e
4000W;Wohnungen (Gebietsstand 15.05.2022);STAG;Stichtag;2022-05-15;GEOLK4;Landkreise u. krsfr. Städte (Stand 15.05.22);03455;Friesland;WHGRM2;Räume;RAUM06;6 Räume;4,97;€/m²;WHG012;Durchschnittliche Nettokaltmiete;e
4000W;Wohnungen (Gebietsstand 15.05.2022);STAG;Stichtag;2022-05-15;GEOLK4;Landkreise u. krsfr. Städte (Stand 15.05.22);08426;Biberach;WHGRM2;Räume;RAUM01;1 Raum;11,10;€/m²;WHG012;Durchschnittliche Nettokaltmiete;e
4000W;Wohnungen (Gebietsstand 15.05.2022);STAG;Stichtag;2022-05-15;GEOLK4;Landkreise u. krsfr. Städte (Stand 15.05.22);09671;Aschaffenburg, Landkreis;WHGRM2;Räume;RAUM05;5 Räume;6,39;€/m²;WHG012;Durchschnittliche Nettokaltmiete;e
4000W;Wohnungen (Gebietsstand 15.05.2022);STAG;Stichtag;2022-05-15;GEOLK4;Landkreise u. krsfr. Städte (Stand 15.05.22);03159;Göttingen;WHGRM2;Räume;RAUM06;6 Räume;5,83;€/m²;WHG012;Durchschnittliche Nettokaltmiete;e
4000W;Wohnungen (Gebietsstand 15.05.2022);STAG;Stichtag;2022-05-15;GEOLK4;Landkreise u. krsfr. Städte (Stand 15.05.22);09172;Berchtesgadener Land;WHGRM2;Räume;RAUM01;1 Raum;9,11;€/m²;WHG012;Durchschnittliche Nettokaltmiete;e
4000W;Wohnungen (Gebietsstand 15.05.2022);STAG;Stichtag;2022-05-15;GEOLK4;Landkreise u. krsfr. Städte (Stand 15.05.22);06434;Hochtaunuskreis;WHGRM2;Räume;RAUM06;6 Räume;9,83;€/m²;WHG012;Durchschnittliche Nettokaltmiete;e
4000W;Wohnungen (Gebietsstand 15.05.2022);STAG;Stichtag;2022-05-15;GEOLK4;Landkreise u. krsfr. Städte (Stand 15.05.22);03151;Gifhorn;WHGRM2;Räume;RAUM02;2 Räume;6,85;€/m²;WHG012;Durchschnittliche Nettokaltmiete;e
4000W;Wohnungen (Gebietsstand 15.05.2022);STAG;Stichtag;2022-05-15;GEOLK4;Landkreise u. krsfr. Städte (Stand 15.05.22);08311;Freiburg im Breisgau, Stadtkreis;WHGRM2;Räume;RAUM05;5 Räume;9,04;€/m²;WHG012;Durchschnittliche Nettokaltmiete;e
4000W;Wohnungen (Gebietsstand 15.05.2022);STAG;Stichtag;2022-05-15;GEOLK4;Landkreise u. krsfr. Städte (Stand 15.05.22);08425;Alb-Donau-Kreis;WHGRM2;Räume;RAUM01;1 Raum;10,13;€/m²;WHG012;Durchschnittliche Nettokaltmiete;e
4000W;Wohnungen (Gebietsstand 15.05.2022);STAG;Stichtag;2022-05-15;GEOLK4;Landkreise u. krsfr. Städte (Stand 15.05.22);14625;Bautzen;WHGRM2;Räume;;Insgesamt;5,14;€/m²;WHG012;Durchschnittliche Nettokaltmiete;e
4000W;Wohnungen (Gebietsstand 15.05.2022);STAG;Stichtag;2022-05-15;GEOLK4;Landkreise u. krsfr. Städte (Stand 15.05.22);05314;Bonn, Stadt;WHGRM2;Räume;RAUM02;2 Räume;9,69;€/m²;WHG012;Durchschnittliche Nettokaltmiete;e
4000W;Wohnungen (Gebietsstand 15.05.2022);STAG;Stichtag;2022-05-15;GEOLK4;Landkreise u. krsfr. Städte (Stand 15.05.22);12062;Elbe-Elster;WHGRM2;Räume;RAUM01;1 Raum;5,88;€/m²;WHG012;Durchschnittliche Nettokaltmiete;e
4000W;Wohnungen (Gebietsstand 15.05.2022);STAG;Stichtag;2022-05-15;GEOLK4;Landkreise u. krsfr. Städte (Stand 15.05.22);09377;Tirschenreuth;WHGRM2;Räume;RAUM05;5 Räume;4,20;€/m²;WHG012;Durchschnittliche Nettokaltmiete;e
4000W;Wohnungen (Gebietsstand 15.05.2022);STAG;Stichtag;2022-05-15;GEOLK4;Landkreise u. krsfr. Städte (Stand 15.05.22);09572;Erlangen-Höchstadt;WHGRM2;Räume;;Insgesamt;7,59;€/m²;WHG012;Durchschnittliche Nettokaltmiete;e
4000W;Wohnungen (Gebietsstand 15.05.2022);STAG;Stichtag;2022-05-15;GEOLK4;Landkreise u. krsfr. Städte (Stand 15.05.22);01061;Steinburg;WHGRM2;Räume;;Insgesamt;6,17;€/m²;WHG012;Durchschnittliche Nettokaltmiete;e
4000W;Wohnungen (Gebietsstand 15.05.2022);STAG;Stichtag;2022-05-15;GEOLK4;Landkreise u. krsfr. Städte (Stand 15.05.22);05774;Paderborn;WHGRM2;Räume;RAUM05;5 Räume;5,63;€/m²;WHG012;Durchschnittliche Nettokaltmiete;e
4000W;Wohnungen (Gebietsstand 15.05.2022);STAG;Stichtag;2022-05-15;GEOLK4;Landkreise u. krsfr. Städte (Stand 15.05.22);07335;Kaiserslautern;WHGRM2;Räume;RAUM05;5 Räume;6,53;€/m²;WHG012;Durchschnittliche Nettokaltmiete;e
4000W;Wohnungen (Gebietsstand 15.05.2022);STAG;Stichtag;2022-05-15;GEOLK4;Landkreise u. krsfr. Städte (Stand 15.05.22);15087;Mansfeld-Südharz;WHGRM2;Räume;RAUM06;6 Räume;4,46;€/m²;WHG012;Durchschnittliche Nettokaltmiete;e
4000W;Wohnungen (Gebietsstand 15.05.2022);STAG;Stichtag;2022-05-15;GEOLK4;Landkreise u. krsfr. Städte (Stand 15.05.22);12070;Prignitz;WHGRM2;Räume;RAUM02;2 Räume;5,28;€/m²;WHG012;Durchschnittliche Nettokaltmiete;e
4000W;Wohnungen (Gebietsstand 15.05.2022);STAG;Stichtag;2022-05-15;GEOLK4;Landkreise u. krsfr. Städte (Stand 15.05.22);09776;Lindau (Bodensee);WHGRM2;Räume;RAUM02;2 Räume;8,91;€/m²;WHG012;Durchschnittliche Nettokaltmiete;e
4000W;Wohnungen (Gebietsstand 15.05.2022);STAG;Stichtag;2022-05-15;GEOLK4;Landkreise u. krsfr. Städte (Stand 15.05.22);12070;Prignitz;WHGRM2;Räume;RAUM07UM;7 und mehr Räume;4,26;€/m²;WHG012;Durchschnittliche Nettokaltmiete;e
4000W;Wohnungen (Gebietsstand 15.05.2022);STAG;Stichtag;2022-05-15;GEOLK4;Landkreise u. krsfr. Städte (Stand 15.05.22);09474;Forchheim;WHGRM2;Räume;RAUM06;6 Räume;6,11;€/m²;WHG012;Durchschnittliche Nettokaltmiete;e
4000W;Wohnungen (Gebietsstand 15.05.2022);STAG;Stichtag;2022-05-15;GEOLK4;Landkreise u. krsfr. Städte (Stand 15.05.22);15085;Harz;WHGRM2;Räume;RAUM07UM;7 und mehr Räume;4,27;€/m²;WHG012;Durchschnittliche Nettokaltmiete;e
4000W;Wohnungen (Gebietsstand 15.05.2022);STAG;Stichtag;2022-05-15;GEOLK4;Landkreise u. krsfr. Städte (Stand 15.05.22);09778;Unterallgäu;WHGRM2;Räume;RAUM01;1 Raum;8,11;€/m²;WHG012;Durchschnittliche Nettokaltmiete;e
4000W;Wohnungen (Gebietsstand 15.05.2022);STAG;Stichtag;2022-05-15;GEOLK4;Landkreise u. krsfr. Städte (Stand 15.05.22);09185;Neuburg-Schrobenhausen;WHGRM2;Räume;;Insgesamt;7,49;€/m²;WHG012;Durchschnittliche Nettokaltmiete;e
4000W;Wohnungen (Gebietsstand 15.05.2022);STAG;Stichtag;2022-05-15;GEOLK4;Landkreise u. krsfr. Städte (Stand 15.05.22);12060;Barnim;WHGRM2;Räume;RAUM01;1 Raum;7,39;€/m²;WHG012;Durchschnittliche Nettokaltmiete;e
4000W;Wohnungen (Gebietsstand 15.05.2022);STAG;Stichtag;2022-05-15;GEOLK4;Landkreise u. krsfr. Städte (Stand 15.05.22);09476;Kronach;WHGRM2;Räume;RAUM05;5 Räume;4,70;€/m²;WHG012;Durchschnittliche Nettokaltmiete;e
4000W;Wohnungen (Gebietsstand 15.05.2022);STAG;Stichtag;2022-05-15;GEOLK4;Landkreise u. krsfr. Städte (Stand 15.05.22);15081;Altmarkkreis Salzwedel;WHGRM2;Räume;RAUM01;1 Raum;5,18;€/m²;WHG012;Durchschnittliche Nettokaltmiete;e
4000W;Wohnungen (Gebietsstand 15.05.2022);STAG;Stichtag;2022-05-15;GEOLK4;Landkreise u. krsfr. Städte (Stand 15.05.22);09576;Roth;WHGRM2;Räume;RAUM03;3 Räume;6,75;€/m²;WHG012;Durchschnittliche Nettokaltmiete;e
4000W;Wohnungen (Gebietsstand 15.05.2022);STAG;Stichtag;2022-05-15;GEOLK4;Landkreise u. krsfr. Städte (Stand 15.05.22);09777;Ostallgäu;WHGRM2;Räume;;Insgesamt;6,93;€/m²;WHG012;Durchschnittliche Nettokaltmiete;e
4000W;Wohnungen (Gebietsstand 15.05.2022);STAG;Stichtag;2022-05-15;GEOLK4;Landkreise u. krsfr. Städte (Stand 15.05.22);03361;Verden;WHGRM2;Räume;;Insgesamt;6,56;€/m²;WHG012;Durchschnittliche Nettokaltmiete;e
4000W;Wohnungen (Gebietsstand 15.05.2022);STAG;Stichtag;2022-05-15;GEOLK4;Landkreise u. krsfr. Städte (Stand 15.05.22);15091;Wittenberg;WHGRM2;Räume;;Insgesamt;5,05;€/m²;WHG012;Durchschnittliche Nettokaltmiete;e
4000W;Wohnungen (Gebietsstand 15.05.2022);STAG;Stichtag;2022-05-15;GEOLK4;Landkreise u. krsfr. Städte (Stand 15.05.22);07319;Worms, kreisfreie Stadt;WHGRM2;Räume;RAUM02;2 Räume;7,24;€/m²;WHG012;Durchschnittliche Nettokaltmiete;e
4000W;Wohnungen (Gebietsstand 15.05.2022);STAG;Stichtag;2022-05-15;GEOLK4;Landkreise u. krsfr. Städte (Stand 15.05.22);03457;Leer;WHGRM2;Räume;RAUM05;5 Räume;5,39;€/m²;WHG012;Durchschnittliche Nettokaltmiete;e
4000W;Wohnungen (Gebietsstand 15.05.2022);STAG;Stichtag;2022-05-15;GEOLK4;Landkreise u. krsfr. Städte (Stand 15.05.22);15085;Harz;WHGRM2;Räume;RAUM06;6 Räume;4,69;€/m²;WHG012;Durchschnittliche Nettokaltmiete;e
4000W;Wohnungen (Gebietsstand 15.05.2022);STAG;Stichtag;2022-05-15;GEOLK4;Landkreise u. krsfr. Städte (Stand 15.05.22);08136;Ostalbkreis;WHGRM2;Räume;RAUM03;3 Räume;7,04;€/m²;WHG012;Durchschnittliche Nettokaltmiete;e
4000W;Wohnungen (Gebietsstand 15.05.2022);STAG;Stichtag;2022-05-15;GEOLK4;Landkreise u. krsfr. Städte (Stand 15.05.22);09774;Günzburg;WHGRM2;Räume;RAUM02;2 Räume;7,03;€/m²;WHG012;Durchschnittliche Nettokaltmiete;e
4000W;Wohnungen (Gebietsstand 15.05.2022);STAG;Stichtag;2022-05-15;GEOLK4;Landkreise u. krsfr. Städte (Stand 15.05.22);08225;Neckar-Odenwald-Kreis;WHGRM2;Räume;RAUM03;3 Räume;6,06;€/m²;WHG012;Durchschnittliche Nettokaltmiete;e
4000W;Wohnungen (Gebietsstand 15.05.2022);STAG;Stichtag;2022-05-15;GEOLK4;Landkreise u. krsfr. Städte (Stand 15.05.22);05154;Kleve;WHGRM2;Räume;RAUM04;4 Räume;6,04;€/m²;WHG012;Durchschnittliche Nettokaltmiete;e
4000W;Wohnungen (Gebietsstand 15.05.2022);STAG;Stichtag;2022-05-15;GEOLK4;Landkreise u. krsfr. Städte (Stand 15.05.22);05316;Leverkusen, Stadt;WHGRM2;Räume;RAUM02;2 Räume;7,40;€/m²;WHG012;Durchschnittliche Nettokaltmiete;e
4000W;Wohnungen (Gebietsstand 15.05.2022);STAG;Stichtag;2022-05-15;GEOLK4;Landkreise u. krsfr. Städte (Stand 15.05.22);07333;Donnersbergkreis;WHGRM2;Räume;RAUM05;5 Räume;5,33;€/m²;WHG012;Durchschnittliche Nettokaltmiete;e
4000W;Wohnungen (Gebietsstand 15.05.2022);STAG;Stichtag;2022-05-15;GEOLK4;Landkreise u. krsfr. Städte (Stand 15.05.22);08235;Calw;WHGRM2;Räume;RAUM07UM;7 und mehr Räume;5,83;€/m²;WHG012;Durchschnittliche Nettokaltmiete;e
4000W;Wohnungen (Gebietsstand 15.05.2022);STAG;Stichtag;2022-05-15;GEOLK4;Landkreise u. krsfr. Städte (Stand 15.05.22);09464;Hof, Kreisfreie Stadt;WHGRM2;Räume;RAUM05;5 Räume;4,73;€/m²;WHG012;Durchschnittliche Nettokaltmiete;e
4000W;Wohnungen (Gebietsstand 15.05.2022);STAG;Stichtag;2022-05-15;GEOLK4;Landkreise u. krsfr. Städte (Stand 15.05.22);08236;Enzkreis;WHGRM2;Räume;RAUM01;1 Raum;9,17;€/m²;WHG012;Durchschnittliche Nettokaltmiete;e
4000W;Wohnungen (Gebietsstand 15.05.2022);STAG;Stichtag;2022-05-15;GEOLK4;Landkreise u. krsfr. Städte (Stand 15.05.22);08325;Rottweil;WHGRM2;Räume;RAUM01;1 Raum;8,16;€/m²;WHG012;Durchschnittliche Nettokaltmiete;e
4000W;Wohnungen (Gebietsstand 15.05.2022);STAG;Stichtag;2022-05-15;GEOLK4;Landkreise u. krsfr. Städte (Stand 15.05.22);05316;Leverkusen, Stadt;WHGRM2;Räume;RAUM07UM;7 und mehr Räume;6,49;€/m²;WHG012;Durchschnittliche Nettokaltmiete;e
4000W;Wohnungen (Gebietsstand 15.05.2022);STAG;Stichtag;2022-05-15;GEOLK4;Landkreise u. krsfr. Städte (Stand 15.05.22);10043;Neunkirchen;WHGRM2;Räume;RAUM07UM;7 und mehr Räume;4,91;€/m²;WHG012;Durchschnittliche Nettokaltmiete;e
4000W;Wohnungen (Gebietsstand 15.05.2022);STAG;Stichtag;2022-05-15;GEOLK4;Landkreise u. krsfr. Städte (Stand 15.05.22);14713;Leipzig, Stadt;WHGRM2;Räume;RAUM06;6 Räume;6,61;€/m²;WHG012;Durchschnittliche Nettokaltmiete;e
4000W;Wohnungen (Gebietsstand 15.05.2022);STAG;Stichtag;2022-05-15;GEOLK4;Landkreise u. krsfr. Städte (Stand 15.05.22);14626;Görlitz;WHGRM2;Räume;RAUM06;6 Räume;4,22;€/m²;WHG012;Durchschnittliche Nettokaltmiete;e
4000W;Wohnungen (Gebietsstand 15.05.2022);STAG;Stichtag;2022-05-15;GEOLK4;Landkreise u. krsfr. Städte (Stand 15.05.22);10045;Saarpfalz-Kreis;WHGRM2;Räume;RAUM06;6 Räume;5,38;€/m²;WHG012;Durchschnittliche Nettokaltmiete;e
4000W;Wohnungen (Gebietsstand 15.05.2022);STAG;Stichtag;2022-05-15;GEOLK4;Landkreise u. krsfr. Städte (Stand 15.05.22);08335;Konstanz;WHGRM2;Räume;RAUM02;2 Räume;9,57;€/m²;WHG012;Durchschnittliche Nettokaltmiete;e
4000W;Wohnungen (Gebietsstand 15.05.2022);STAG;Stichtag;2022-05-15;GEOLK4;Landkreise u. krsfr. Städte (Stand 15.05.22);09475;Hof, Landkreis;WHGRM2;Räume;RAUM07UM;7 und mehr Räume;3,98;€/m²;WHG012;Durchschnittliche Nettokaltmiete;e
4000W;Wohnungen (Gebietsstand 15.05.2022);STAG;Stichtag;2022-05-15;GEOLK4;Landkreise u. krsfr. Städte (Stand 15.05.22);01057;Plön;WHGRM2;Räume;RAUM06;6 Räume;6,23;€/m²;WHG012;Durchschnittliche Nettokaltmiete;e
4000W;Wohnungen (Gebietsstand 15.05.2022);STAG;Stichtag;2022-05-15;GEOLK4;Landkreise u. krsfr. Städte (Stand 15.05.22);04011;Bremen, Stadt;WHGRM2;Räume;RAUM01;1 Raum;10,99;€/m²;WHG012;Durchschnittliche Nettokaltmiete;e
4000W;Wohnungen (Gebietsstand 15.05.2022);STAG;Stichtag;2022-05-15;GEOLK4;Landkreise u. krsfr. Städte (Stand 15.05.22);08436;Ravensburg;WHGRM2;Räume;;Insgesamt;7,72;€/m²;WHG012;Durchschnittliche Nettokaltmiete;e
4000W;Wohnungen (Gebietsstand 15.05.2022);STAG;Stichtag;2022-05-15;GEOLK4;Landkreise u. krsfr. Städte (Stand 15.05.22);09179;Fürstenfeldbruck;WHGRM2;Räume;RAUM06;6 Räume;10,25;€/m²;WHG012;Durchschnittliche Nettokaltmiete;e
4000W;Wohnungen (Gebietsstand 15.05.2022);STAG;Stichtag;2022-05-15;GEOLK4;Landkreise u. krsfr. Städte (Stand 15.05.22);01003;Lübeck, Hansestadt;WHGRM2;Räume;RAUM07UM;7 und mehr Räume;6,96;€/m²;WHG012;Durchschnittliche Nettokaltmiete;e
4000W;Wohnungen (Gebietsstand 15.05.2022);STAG;Stichtag;2022-05-15;GEOLK4;Landkreise u. krsfr. Städte (Stand 15.05.22);03359;Stade;WHGRM2;Räume;RAUM05;5 Räume;6,69;€/m²;WHG012;Durchschnittliche Nettokaltmiete;e
4000W;Wohnungen (Gebietsstand 15.05.2022);STAG;Stichtag;2022-05-15;GEOLK4;Landkreise u. krsfr. Städte (Stand 15.05.22);09663;Würzburg, Kreisfreie Stadt;WHGRM2;Räume;RAUM05;5 Räume;7,94;€/m²;WHG012;Durchschnittliche Nettokaltmiete;e
4000W;Wohnungen (Gebietsstand 15.05.2022);STAG;Stichtag;2022-05-15;GEOLK4;Landkreise u. krsfr. Städte (Stand 15.05.22);05916;Herne, Stadt;WHGRM2;Räume;RAUM05;5 Räume;5,44;€/m²;WHG012;Durchschnittliche Nettokaltmiete;e
4000W;Wohnungen (Gebietsstand 15.05.2022);STAG;Stichtag;2022-05-15;GEOLK4;Landkreise u. krsfr. Städte (Stand 15.05.22);07338;Rhein-Pfalz-Kreis;WHGRM2;Räume;RAUM02;2 Räume;7,54;€/m²;WHG012;Durchschnittliche Nettokaltmiete;e
4000W;Wohnungen (Gebietsstand 15.05.2022);STAG;Stichtag;2022-05-15;GEOLK4;Landkreise u. krsfr. Städte (Stand 15.05.22);07333;Donnersbergkreis;WHGRM2;Räume;;Insgesamt;5,65;€/m²;WHG012;Durchschnittliche Nettokaltmiete;e
4000W;Wohnungen (Gebietsstand 15.05.2022);STAG;Stichtag;2022-05-15;GEOLK4;Landkreise u. krsfr. Städte (Stand 15.05.22);06633;Kassel;WHGRM2;Räume;RAUM05;5 Räume;5,42;€/m²;WHG012;Durchschnittliche Nettokaltmiete;e
4000W;Wohnungen (Gebietsstand 15.05.2022);STAG;Stichtag;2022-05-15;GEOLK4;Landkreise u. krsfr. Städte (Stand 15.05.22);13075;Vorpommern-Greifswald;WHGRM2;Räume;;Insgesamt;5,74;€/m²;WHG012;Durchschnittliche Nettokaltmiete;e
4000W;Wohnungen (Gebietsstand 15.05.2022);STAG;Stichtag;2022-05-15;GEOLK4;Landkreise u. krsfr. Städte (Stand 15.05.22);07336;Kusel;WHGRM2;Räume;RAUM07UM;7 und mehr Räume;6,36;€/m²;WHG012;Durchschnittliche Nettokaltmiete;e
4000W;Wohnungen (Gebietsstand 15.05.2022);STAG;Stichtag;2022-05-15;GEOLK4;Landkreise u. krsfr. Städte (Stand 15.05.22);09561;Ansbach, Kreisfreie Stadt;WHGRM2;Räume;RAUM06;6 Räume;6,12;€/m²;WHG012;Durchschnittliche Nettokaltmiete;e
4000W;Wohnungen (Gebietsstand 15.05.2022);STAG;Stichtag;2022-05-15;GEOLK4;Landkreise u. krsfr. Städte (Stand 15.05.22);05120;Remscheid, Stadt;WHGRM2;Räume;RAUM06;6 Räume;5,61;€/m²;WHG012;Durchschnittliche Nettokaltmiete;e
4000W;Wohnungen (Gebietsstand 15.05.2022);STAG;Stichtag;2022-05-15;GEOLK4;Landkreise u. krsfr. Städte (Stand 15.05.22);09574;Nürnberger Land;WHGRM2;Räume;RAUM04;4 Räume;6,49;€/m²;WHG012;Durchschnittliche Nettokaltmiete;e
4000W;Wohnungen (Gebietsstand 15.05.2022);STAG;Stichtag;2022-05-15;GEOLK4;Landkreise u. krsfr. Städte (Stand 15.05.22);09661;Aschaffenburg, Kreisfreie Stadt;WHGRM2;Räume;RAUM06;6 Räume;7,49;€/m²;WHG012;Durchschnittliche Nettokaltmiete;e
4000W;Wohnungen (Gebietsstand 15.05.2022);STAG;Stichtag;2022-05-15;GEOLK4;Landkreise u. krsfr. Städte (Stand 15.05.22);09272;Freyung-Grafenau;WHGRM2;Räume;;Insgesamt;4,93;€/m²;WHG012;Durchschnittliche Nettokaltmiete;e
4000W;Wohnungen (Gebietsstand 15.05.2022);STAG;Stichtag;2022-05-15;GEOLK4;Landkreise u. krsfr. Städte (Stand 15.05.22);12063;Havelland;WHGRM2;Räume;RAUM07UM;7 und mehr Räume;6,85;€/m²;WHG012;Durchschnittliche Nettokaltmiete;e
4000W;Wohnungen (Gebietsstand 15.05.2022);STAG;Stichtag;2022-05-15;GEOLK4;Landkreise u. krsfr. Städte (Stand 15.05.22);01057;Plön;WHGRM2;Räume;;Insgesamt;6,91;€/m²;WHG012;Durchschnittliche Nettokaltmiete;e
4000W;Wohnungen (Gebietsstand 15.05.2022);STAG;Stichtag;2022-05-15;GEOLK4;Landkreise u. krsfr. Städte (Stand 15.05.22);08316;Emmendingen;WHGRM2;Räume;RAUM02;2 Räume;8,28;€/m²;WHG012;Durchschnittliche Nettokaltmiete;e
4000W;Wohnungen (Gebietsstand 15.05.2022);STAG;Stichtag;2022-05-15;GEOLK4;Landkreise u. krsfr. Städte (Stand 15.05.22);09479;Wunsiedel i.Fichtelgebirge;WHGRM2;Räume;RAUM02;2 Räume;5,07;€/m²;WHG012;Durchschnittliche Nettokaltmiete;e
4000W;Wohnungen (Gebietsstand 15.05.2022);STAG;Stichtag;2022-05-15;GEOLK4;Landkreise u. krsfr. Städte (Stand 15.05.22);01002;Kiel, Landeshauptstadt;WHGRM2;Räume;RAUM02;2 Räume;7,77;€/m²;WHG012;Durchschnittliche Nettokaltmiete;e
4000W;Wohnungen (Gebietsstand 15.05.2022);STAG;Stichtag;2022-05-15;GEOLK4;Landkreise u. krsfr. Städte (Stand 15.05.22);05954;Ennepe-Ruhr-Kreis;WHGRM2;Räume;RAUM04;4 Räume;5,77;€/m²;WHG012;Durchschnittliche Nettokaltmiete;e
4000W;Wohnungen (Gebietsstand 15.05.2022);STAG;Stichtag;2022-05-15;GEOLK4;Landkreise u. krsfr. Städte (Stand 15.05.22);09477;Kulmbach;WHGRM2;Räume;;Insgesamt;5,41;€/m²;WHG012;Durchschnittliche Nettokaltmiete;e
4000W;Wohnungen (Gebietsstand 15.05.2022);STAG;Stichtag;2022-05-15;GEOLK4;Landkreise u. krsfr. Städte (Stand 15.05.22);10043;Neunkirchen;WHGRM2;Räume;RAUM06;6 Räume;4,94;€/m²;WHG012;Durchschnittliche Nettokaltmiete;e
4000W;Wohnungen (Gebietsstand 15.05.2022);STAG;Stichtag;2022-05-15;GEOLK4;Landkreise u. krsfr. Städte (Stand 15.05.22);11000;Berlin, Stadt;WHGRM2;Räume;RAUM06;6 Räume;7,67;€/m²;WHG012;Durchschnittliche Nettokaltmiete;e
4000W;Wohnungen (Gebietsstand 15.05.2022);STAG;Stichtag;2022-05-15;GEOLK4;Landkreise u. krsfr. Städte (Stand 15.05.22);14521;Erzgebirgskreis;WHGRM2;Räume;RAUM01;1 Raum;5,10;€/m²;WHG012;Durchschnittliche Nettokaltmiete;e
4000W;Wohnungen (Gebietsstand 15.05.2022);STAG;Stichtag;2022-05-15;GEOLK4;Landkreise u. krsfr. Städte (Stand 15.05.22);16076;Greiz;WHGRM2;Räume;RAUM04;4 Räume;4,57;€/m²;WHG012;Durchschnittliche Nettokaltmiete;e
4000W;Wohnungen (Gebietsstand 15.05.2022);STAG;Stichtag;2022-05-15;GEOLK4;Landkreise u. krsfr. Städte (Stand 15.05.22);07337;Südliche Weinstraße;WHGRM2;Räume;RAUM07UM;7 und mehr Räume;5,59;€/m²;WHG012;Durchschnittliche Nettokaltmiete;e
4000W;Wohnungen (Gebietsstand 15.05.2022);STAG;Stichtag;2022-05-15;GEOLK4;Landkreise u. krsfr. Städte (Stand 15.05.22);09177;Erding;WHGRM2;Räume;RAUM06;6 Räume;8,57;€/m²;WHG012;Durchschnittliche Nettokaltmiete;e
4000W;Wohnungen (Gebietsstand 15.05.2022);STAG;Stichtag;2022-05-15;GEOLK4;Landkreise u. krsfr. Städte (Stand 15.05.22);08212;Karlsruhe, Stadtkreis;WHGRM2;Räume;RAUM04;4 Räume;7,88;€/m²;WHG012;Durchschnittliche Nettokaltmiete;e
4000W;Wohnungen (Gebietsstand 15.05.2022);STAG;Stichtag;2022-05-15;GEOLK4;Landkreise u. krsfr. Städte (Stand 15.05.22);05558;Coesfeld;WHGRM2;Räume;;Insgesamt;6,21;€/m²;WHG012;Durchschnittliche Nettokaltmiete;e
4000W;Wohnungen (Gebietsstand 15.05.2022);STAG;Stichtag;2022-05-15;GEOLK4;Landkreise u. krsfr. Städte (Stand 15.05.22);07331;Alzey-Worms;WHGRM2;Räume;RAUM06;6 Räume;5,99;€/m²;WHG012;Durchschnittliche Nettokaltmiete;e
4000W;Wohnungen (Gebietsstand 15.05.2022);STAG;Stichtag;2022-05-15;GEOLK4;Landkreise u. krsfr. Städte (Stand 15.05.22);12051;Brandenburg an der Havel, Stadt;WHGRM2;Räume;RAUM02;2 Räume;6,18;€/m²;WHG012;Durchschnittliche Nettokaltmiete;e
4000W;Wohnungen (Gebietsstand 15.05.2022);STAG;Stichtag;2022-05-15;GEOLK4;Landkreise u. krsfr. Städte (Stand 15.05.22);09763;Kempten (Allgäu);WHGRM2;Räume;RAUM04;4 Räume;6,71;€/m²;WHG012;Durchschnittliche Nettokaltmiete;e
4000W;Wohnungen (Gebietsstand 15.05.2022);STAG;Stichtag;2022-05-15;GEOLK4;Landkreise u. krsfr. Städte (Stand 15.05.22);09180;Garmisch-Partenkirchen;WHGRM2;Räume;RAUM01;1 Raum;11,21;€/m²;WHG012;Durchschnittliche Nettokaltmiete;e
4000W;Wohnungen (Gebietsstand 15.05.2022);STAG;Stichtag;2022-05-15;GEOLK4;Landkreise u. krsfr. Städte (Stand 15.05.22);09472;Bayreuth, Landkreis;WHGRM2;Räume;RAUM06;6 Räume;4,87;€/m²;WHG012;Durchschnittliche Nettokaltmiete;e
4000W;Wohnungen (Gebietsstand 15.05.2022);STAG;Stichtag;2022-05-15;GEOLK4;Landkreise u. krsfr. Städte (Stand 15.05.22);03357;Rotenburg (Wümme);WHGRM2;Räume;RAUM05;5 Räume;5,48;€/m²;WHG012;Durchschnittliche Nettokaltmiete;e
4000W;Wohnungen (Gebietsstand 15.05.2022);STAG;Stichtag;2022-05-15;GEOLK4;Landkreise u. krsfr. Städte (Stand 15.05.22);08231;Pforzheim, Stadtkreis;WHGRM2;Räume;RAUM05;5 Räume;6,77;€/m²;WHG012;Durchschnittliche Nettokaltmiete;e
4000W;Wohnungen (Gebietsstand 15.05.2022);STAG;Stichtag;2022-05-15;GEOLK4;Landkreise u. krsfr. Städte (Stand 15.05.22);09780;Oberallgäu;WHGRM2;Räume;RAUM04;4 Räume;6,69;€/m²;WHG012;Durchschnittliche Nettokaltmiete;e
4000W;Wohnungen (Gebietsstand 15.05.2022);STAG;Stichtag;2022-05-15;GEOLK4;Landkreise u. krsfr. Städte (Stand 15.05.22);01051;Dithmarschen;WHGRM2;Räume;RAUM01;1 Raum;8,24;€/m²;WHG012;Durchschnittliche Nettokaltmiete;e
4000W;Wohnungen (Gebietsstand 15.05.2022);STAG;Stichtag;2022-05-15;GEOLK4;Landkreise u. krsfr. Städte (Stand 15.05.22);13071;Mecklenburgische Seenplatte;WHGRM2;Räume;RAUM06;6 Räume;4,78;€/m²;WHG012;Durchschnittliche Nettokaltmiete;e
4000W;Wohnungen (Gebietsstand 15.05.2022);STAG;Stichtag;2022-05-15;GEOLK4;Landkreise u. krsfr. Städte (Stand 15.05.22);15089;Salzlandkreis;WHGRM2;Räume;RAUM05;5 Räume;4,70;€/m²;WHG012;Durchschnittliche Nettokaltmiete;e
4000W;Wohnungen (Gebietsstand 15.05.2022);STAG;Stichtag;2022-05-15;GEOLK4;Landkreise u. krsfr. Städte (Stand 15.05.22);05114;Krefeld, Stadt;WHGRM2;Räume;RAUM04;4 Räume;6,44;€/m²;WHG012;Durchschnittliche Nettokaltmiete;e
4000W;Wohnungen (Gebietsstand 15.05.2022);STAG;Stichtag;2022-05-15;GEOLK4;Landkreise u. krsfr. Städte (Stand 15.05.22);08236;Enzkreis;WHGRM2;Räume;RAUM07UM;7 und mehr Räume;6,19;€/m²;WHG012;Durchschnittliche Nettokaltmiete;e
4000W;Wohnungen (Gebietsstand 15.05.2022);STAG;Stichtag;2022-05-15;GEOLK4;Landkreise u. krsfr. Städte (Stand 15.05.22);09474;Forchheim;WHGRM2;Räume;RAUM07UM;7 und mehr Räume;5,85;€/m²;WHG012;Durchschnittliche Nettokaltmiete;e
4000W;Wohnungen (Gebietsstand 15.05.2022);STAG;Stichtag;2022-05-15;GEOLK4;Landkreise u. krsfr. Städte (Stand 15.05.22);01059;Schleswig-Flensburg;WHGRM2;Räume;RAUM05;5 Räume;5,81;€/m²;WHG012;Durchschnittliche Nettokaltmiete;e
4000W;Wohnungen (Gebietsstand 15.05.2022);STAG;Stichtag;2022-05-15;GEOLK4;Landkreise u. krsfr. Städte (Stand 15.05.22);03402;Emden, Stadt;WHGRM2;Räume;RAUM01;1 Raum;9,30;€/m²;WHG012;Durchschnittliche Nettokaltmiete;e
4000W;Wohnungen (Gebietsstand 15.05.2022);STAG;Stichtag;2022-05-15;GEOLK4;Landkreise u. krsfr. Städte (Stand 15.05.22);07312;Kaiserslautern, kreisfreie Stadt;WHGRM2;Räume;RAUM06;6 Räume;6,93;€/m²;WHG012;Durchschnittliche Nettokaltmiete;e
4000W;Wohnungen (Gebietsstand 15.05.2022);STAG;Stichtag;2022-05-15;GEOLK4;Landkreise u. krsfr. Städte (Stand 15.05.22);08118;Ludwigsburg;WHGRM2;Räume;RAUM07UM;7 und mehr Räume;7,79;€/m²;WHG012;Durchschnittliche Nettokaltmiete;e
4000W;Wohnungen (Gebietsstand 15.05.2022);STAG;Stichtag;2022-05-15;GEOLK4;Landkreise u. krsfr. Städte (Stand 15.05.22);03459;Osnabrück;WHGRM2;Räume;RAUM03;3 Räume;6,03;€/m²;WHG012;Durchschnittliche Nettokaltmiete;e
4000W;Wohnungen (Gebietsstand 15.05.2022);STAG;Stichtag;2022-05-15;GEOLK4;Landkreise u. krsfr. Städte (Stand 15.05.22);08212;Karlsruhe, Stadtkreis;WHGRM2;Räume;RAUM05;5 Räume;7,79;€/m²;WHG012;Durchschnittliche Nettokaltmiete;e
4000W;Wohnungen (Gebietsstand 15.05.2022);STAG;Stichtag;2022-05-15;GEOLK4;Landkreise u. krsfr. Städte (Stand 15.05.22);08125;Heilbronn, Landkreis;WHGRM2;Räume;RAUM04;4 Räume;7,19;€/m²;WHG012;Durchschnittliche Nettokaltmiete;e
4000W;Wohnungen (Gebietsstand 15.05.2022);STAG;Stichtag;2022-05-15;GEOLK4;Landkreise u. krsfr. Städte (Stand 15.05.22);07319;Worms, kreisfreie Stadt;WHGRM2;Räume;;Insgesamt;6,91;€/m²;WHG012;Durchschnittliche Nettokaltmiete;e
4000W;Wohnungen (Gebietsstand 15.05.2022);STAG;Stichtag;2022-05-15;GEOLK4;Landkreise u. krsfr. Städte (Stand 15.05.22);08317;Ortenaukreis;WHGRM2;Räume;RAUM07UM;7 und mehr Räume;5,89;€/m²;WHG012;Durchschnittliche Nettokaltmiete;e
4000W;Wohnungen (Gebietsstand 15.05.2022);STAG;Stichtag;2022-05-15;GEOLK4;Landkreise u. krsfr. Städte (Stand 15.05.22);06436;Main-Taunus-Kreis;WHGRM2;Räume;RAUM06;6 Räume;9,52;€/m²;WHG012;Durchschnittliche Nettokaltmiete;e
4000W;Wohnungen (Gebietsstand 15.05.2022);STAG;Stichtag;2022-05-15;GEOLK4;Landkreise u. krsfr. Städte (Stand 15.05.22);05113;Essen, Stadt;WHGRM2;Räume;;Insgesamt;6,72;€/m²;WHG012;Durchschnittliche Nettokaltmiete;e
4000W;Wohnungen (Gebietsstand 15.05.2022);STAG;Stichtag;2022-05-15;GEOLK4;Landkreise u. krsfr. Städte (Stand 15.05.22);08119;Rems-Murr-Kreis;WHGRM2;Räume;RAUM02;2 Räume;9,12;€/m²;WHG012;Durchschnittliche Nettokaltmiete;e
4000W;Wohnungen (Gebietsstand 15.05.2022);STAG;Stichtag;2022-05-15;GEOLK4;Landkreise u. krsfr. Städte (Stand 15.05.22);09676;Miltenberg;WHGRM2;Räume;RAUM02;2 Räume;7,10;€/m²;WHG012;Durchschnittliche Nettokaltmiete;e
4000W;Wohnungen (Gebietsstand 15.05.2022);STAG;Stichtag;2022-05-15;GEOLK4;Landkreise u. krsfr. Städte (Stand 15.05.22);07316;Neustadt an der Weinstraße, kreisfreie Stadt;WHGRM2;Räume;RAUM04;4 Räume;6,64;€/m²;WHG012;Durchschnittliche Nettokaltmiete;e
4000W;Wohnungen (Gebietsstand 15.05.2022);STAG;Stichtag;2022-05-15;GEOLK4;Landkreise u. krsfr. Städte (Stand 15.05.22);07235;Trier-Saarburg;WHGRM2;Räume;RAUM05;5 Räume;5,93;€/m²;WHG012;Durchschnittliche Nettokaltmiete;e
4000W;Wohnungen (Gebietsstand 15.05.2022);STAG;Stichtag;2022-05-15;GEOLK4;Landkreise u. krsfr. Städte (Stand 15.05.22);09374;Neustadt a.d.Waldnaab;WHGRM2;Räume;RAUM06;6 Räume;5,05;€/m²;WHG012;Durchschnittliche Nettokaltmiete;e
4000W;Wohnungen (Gebietsstand 15.05.2022);STAG;Stichtag;2022-05-15;GEOLK4;Landkreise u. krsfr. Städte (Stand 15.05.22);12051;Brandenburg an der Havel, Stadt;WHGRM2;Räume;;Insgesamt;5,88;€/m²;WHG012;Durchschnittliche Nettokaltmiete;e
4000W;Wohnungen (Gebietsstand 15.05.2022);STAG;Stichtag;2022-05-15;GEOLK4;Landkreise u. krsfr. Städte (Stand 15.05.22);16055;Weimar, Stadt;WHGRM2;Räume;RAUM05;5 Räume;6,59;€/m²;WHG012;Durchschnittliche Nettokaltmiete;e
4000W;Wohnungen (Gebietsstand 15.05.2022);STAG;Stichtag;2022-05-15;GEOLK4;Landkreise u. krsfr. Städte (Stand 15.05.22);05112;Duisburg, Stadt;WHGRM2;Räume;RAUM06;6 Räume;5,56;€/m²;WHG012;Durchschnittliche Nettokaltmiete;e
4000W;Wohnungen (Gebietsstand 15.05.2022);STAG;Stichtag;2022-05-15;GEOLK4;Landkreise u. krsfr. Städte (Stand 15.05.22);09763;Kempten (Allgäu);WHGRM2;Räume;RAUM03;3 Räume;7,15;€/m²;WHG012;Durchschnittliche Nettokaltmiete;e
4000W;Wohnungen (Gebietsstand 15.05.2022);STAG;Stichtag;2022-05-15;GEOLK4;Landkreise u. krsfr. Städte (Stand 15.05.22);05914;Hagen, Stadt der FernUniversität;WHGRM2;Räume;RAUM07UM;7 und mehr Räume;5,11;€/m²;WHG012;Durchschnittliche Nettokaltmiete;e
4000W;Wohnungen (Gebietsstand 15.05.2022);STAG;Stichtag;2022-05-15;GEOLK4;Landkreise u. krsfr. Städte (Stand 15.05.22);08336;Lörrach;WHGRM2;Räume;RAUM01;1 Raum;11,07;€/m²;WHG012;Durchschnittliche Nettokaltmiete;e
4000W;Wohnungen (Gebietsstand 15.05.2022);STAG;Stichtag;2022-05-15;GEOLK4;Landkreise u. krsfr. Städte (Stand 15.05.22);15083;Börde;WHGRM2;Räume;;Insgesamt;5,18;€/m²;WHG012;Durchschnittliche Nettokaltmiete;e
4000W;Wohnungen (Gebietsstand 15.05.2022);STAG;Stichtag;2022-05-15;GEOLK4;Landkreise u. krsfr. Städte (Stand 15.05.22);05114;Krefeld, Stadt;WHGRM2;Räume;;Insgesamt;6,66;€/m²;WHG012;Durchschnittliche Nettokaltmiete;e
4000W;Wohnungen (Gebietsstand 15.05.2022);STAG;Stichtag;2022-05-15;GEOLK4;Landkreise u. krsfr. Städte (Stand 15.05.22);08115;Böblingen;WHGRM2;Räume;RAUM04;4 Räume;8,64;€/m²;WHG012;Durchschnittliche Nettokaltmiete;e
4000W;Wohnungen (Gebietsstand 15.05.2022);STAG;Stichtag;2022-05-15;GEOLK4;Landkreise u. krsfr. Städte (Stand 15.05.22);03103;Wolfsburg, Stadt;WHGRM2;Räume;RAUM03;3 Räume;7,14;€/m²;WHG012;Durchschnittliche Nettokaltmiete;e
4000W;Wohnungen (Gebietsstand 15.05.2022);STAG;Stichtag;2022-05-15;GEOLK4;Landkreise u. krsfr. Städte (Stand 15.05.22);03456;Grafschaft Bentheim;WHGRM2;Räume;RAUM05;5 Räume;5,38;€/m²;WHG012;Durchschnittliche Nettokaltmiete;e
4000W;Wohnungen (Gebietsstand 15.05.2022);STAG;Stichtag;2022-05-15;GEOLK4;Landkreise u. krsfr. Städte (Stand 15.05.22);07332;Bad Dürkheim;WHGRM2;Räume;RAUM06;6 Räume;6,32;€/m²;WHG012;Durchschnittliche Nettokaltmiete;e
4000W;Wohnungen (Gebietsstand 15.05.2022);STAG;Stichtag;2022-05-15;GEOLK4;Landkreise u. krsfr. Städte (Stand 15.05.22);04011;Bremen, Stadt;WHGRM2;Räume;;Insgesamt;7,75;€/m²;WHG012;Durchschnittliche Nettokaltmiete;e
4000W;Wohnungen (Gebietsstand 15.05.2022);STAG;Stichtag;2022-05-15;GEOLK4;Landkreise u. krsfr. Städte (Stand 15.05.22);07320;Zweibrücken, kreisfreie Stadt;WHGRM2;Räume;RAUM07UM;7 und mehr Räume;4,99;€/m²;WHG012;Durchschnittliche Nettokaltmiete;e
4000W;Wohnungen (Gebietsstand 15.05.2022);STAG;Stichtag;2022-05-15;GEOLK4;Landkreise u. krsfr. Städte (Stand 15.05.22);09773;Dillingen a.d.Donau;WHGRM2;Räume;RAUM03;3 Räume;6,57;€/m²;WHG012;Durchschnittliche Nettokaltmiete;e
4000W;Wohnungen (Gebietsstand 15.05.2022);STAG;Stichtag;2022-05-15;GEOLK4;Landkreise u. krsfr. Städte (Stand 15.05.22);05382;Rhein-Sieg-Kreis;WHGRM2;Räume;RAUM02;2 Räume;7,99;€/m²;WHG012;Durchschnittliche Nettokaltmiete;e
4000W;Wohnungen (Gebietsstand 15.05.2022);STAG;Stichtag;2022-05-15;GEOLK4;Landkreise u. krsfr. Städte (Stand 15.05.22);09277;Rottal-Inn;WHGRM2;Räume;RAUM06;6 Räume;4,98;€/m²;WHG012;Durchschnittliche Nettokaltmiete;e
4000W;Wohnungen (Gebietsstand 15.05.2022);STAG;Stichtag;2022-05-15;GEOLK4;Landkreise u. krsfr. Städte (Stand 15.05.22);03359;Stade;WHGRM2;Räume;RAUM04;4 Räume;7,03;€/m²;WHG012;Durchschnittliche Nettokaltmiete;e
4000W;Wohnungen (Gebietsstand 15.05.2022);STAG;Stichtag;2022-05-15;GEOLK4;Landkreise u. krsfr. Städte (Stand 15.05.22);08326;Schwarzwald-Baar-Kreis;WHGRM2;Räume;RAUM01;1 Raum;9,37;€/m²;WHG012;Durchschnittliche Nettokaltmiete;e
4000W;Wohnungen (Gebietsstand 15.05.2022);STAG;Stichtag;2022-05-15;GEOLK4;Landkreise u. krsfr. Städte (Stand 15.05.22);08221;Heidelberg, Stadtkreis;WHGRM2;Räume;;Insgesamt;10,02;€/m²;WHG012;Durchschnittliche Nettokaltmiete;e
4000W;Wohnungen (Gebietsstand 15.05.2022);STAG;Stichtag;2022-05-15;GEOLK4;Landkreise u. krsfr. Städte (Stand 15.05.22);09674;Haßberge;WHGRM2;Räume;RAUM07UM;7 und mehr Räume;4,29;€/m²;WHG012;Durchschnittliche Nettokaltmiete;e
4000W;Wohnungen (Gebietsstand 15.05.2022);STAG;Stichtag;2022-05-15;GEOLK4;Landkreise u. krsfr. Städte (Stand 15.05.22);06533;Limburg-Weilburg;WHGRM2;Räume;RAUM06;6 Räume;5,36;€/m²;WHG012;Durchschnittliche Nettokaltmiete;e
4000W;Wohnungen (Gebietsstand 15.05.2022);STAG;Stichtag;2022-05-15;GEOLK4;Landkreise u. krsfr. Städte (Stand 15.05.22);06439;Rheingau-Taunus-Kreis;WHGRM2;Räume;;Insgesamt;7,71;€/m²;WHG012;Durchschnittliche Nettokaltmiete;e
4000W;Wohnungen (Gebietsstand 15.05.2022);STAG;Stichtag;2022-05-15;GEOLK4;Landkreise u. krsfr. Städte (Stand 15.05.22);11000;Berlin, Stadt;WHGRM2;Räume;RAUM07UM;7 und mehr Räume;8,31;€/m²;WHG012;Durchschnittliche Nettokaltmiete;e
4000W;Wohnungen (Gebietsstand 15.05.2022);STAG;Stichtag;2022-05-15;GEOLK4;Landkreise u. krsfr. Städte (Stand 15.05.22);09562;Erlangen;WHGRM2;Räume;RAUM06;6 Räume;8,84;€/m²;WHG012;Durchschnittliche Nettokaltmiete;e
4000W;Wohnungen (Gebietsstand 15.05.2022);STAG;Stichtag;2022-05-15;GEOLK4;Landkreise u. krsfr. Städte (Stand 15.05.22);09475;Hof, Landkreis;WHGRM2;Räume;RAUM05;5 Räume;4,21;€/m²;WHG012;Durchschnittliche Nettokaltmiete;e
4000W;Wohnungen (Gebietsstand 15.05.2022);STAG;Stichtag;2022-05-15;GEOLK4;Landkreise u. krsfr. Städte (Stand 15.05.22);14625;Bautzen;WHGRM2;Räume;RAUM06;6 Räume;4,88;€/m²;WHG012;Durchschnittliche Nettokaltmiete;e
4000W;Wohnungen (Gebietsstand 15.05.2022);STAG;Stichtag;2022-05-15;GEOLK4;Landkreise u. krsfr. Städte (Stand 15.05.22);01003;Lübeck, Hansestadt;WHGRM2;Räume;RAUM01;1 Raum;9,56;€/m²;WHG012;Durchschnittliche Nettokaltmiete;e
4000W;Wohnungen (Gebietsstand 15.05.2022);STAG;Stichtag;2022-05-15;GEOLK4;Landkreise u. krsfr. Städte (Stand 15.05.22);09161;Ingolstadt;WHGRM2;Räume;RAUM02;2 Räume;10,57;€/m²;WHG012;Durchschnittliche Nettokaltmiete;e
4000W;Wohnungen (Gebietsstand 15.05.2022);STAG;Stichtag;2022-05-15;GEOLK4;Landkreise u. krsfr. Städte (Stand 15.05.22);09572;Erlangen-Höchstadt;WHGRM2;Räume;RAUM06;6 Räume;7,32;€/m²;WHG012;Durchschnittliche Nettokaltmiete;e
4000W;Wohnungen (Gebietsstand 15.05.2022);STAG;Stichtag;2022-05-15;GEOLK4;Landkreise u. krsfr. Städte (Stand 15.05.22);08212;Karlsruhe, Stadtkreis;WHGRM2;Räume;RAUM07UM;7 und mehr Räume;8,18;€/m²;WHG012;Durchschnittliche Nettokaltmiete;e
4000W;Wohnungen (Gebietsstand 15.05.2022);STAG;Stichtag;2022-05-15;GEOLK4;Landkreise u. krsfr. Städte (Stand 15.05.22);05978;Unna;WHGRM2;Räume;RAUM02;2 Räume;6,07;€/m²;WHG012;Durchschnittliche Nettokaltmiete;e
4000W;Wohnungen (Gebietsstand 15.05.2022);STAG;Stichtag;2022-05-15;GEOLK4;Landkreise u. krsfr. Städte (Stand 15.05.22);08316;Emmendingen;WHGRM2;Räume;RAUM01;1 Raum;9,45;€/m²;WHG012;Durchschnittliche Nettokaltmiete;e
4000W;Wohnungen (Gebietsstand 15.05.2022);STAG;Stichtag;2022-05-15;GEOLK4;Landkreise u. krsfr. Städte (Stand 15.05.22);09479;Wunsiedel i.Fichtelgebirge;WHGRM2;Räume;RAUM03;3 Räume;4,60;€/m²;WHG012;Durchschnittliche Nettokaltmiete;e
4000W;Wohnungen (Gebietsstand 15.05.2022);STAG;Stichtag;2022-05-15;GEOLK4;Landkreise u. krsfr. Städte (Stand 15.05.22);05116;Mönchengladbach, Stadt;WHGRM2;Räume;RAUM03;3 Räume;6,36;€/m²;WHG012;Durchschnittliche Nettokaltmiete;e
4000W;Wohnungen (Gebietsstand 15.05.2022);STAG;Stichtag;2022-05-15;GEOLK4;Landkreise u. krsfr. Städte (Stand 15.05.22);07138;Neuwied;WHGRM2;Räume;RAUM04;4 Räume;5,67;€/m²;WHG012;Durchschnittliche Nettokaltmiete;e
4000W;Wohnungen (Gebietsstand 15.05.2022);STAG;Stichtag;2022-05-15;GEOLK4;Landkreise u. krsfr. Städte (Stand 15.05.22);16065;Kyffhäuserkreis;WHGRM2;Räume;RAUM04;4 Räume;4,73;€/m²;WHG012;Durchschnittliche Nettokaltmiete;e
4000W;Wohnungen (Gebietsstand 15.05.2022);STAG;Stichtag;2022-05-15;GEOLK4;Landkreise u. krsfr. Städte (Stand 15.05.22);05915;Hamm, Stadt;WHGRM2;Räume;RAUM05;5 Räume;5,55;€/m²;WHG012;Durchschnittliche Nettokaltmiete;e
4000W;Wohnungen (Gebietsstand 15.05.2022);STAG;Stichtag;2022-05-15;GEOLK4;Landkreise u. krsfr. Städte (Stand 15.05.22);13072;Landkreis Rostock;WHGRM2;Räume;RAUM07UM;7 und mehr Räume;5,40;€/m²;WHG012;Durchschnittliche Nettokaltmiete;e
4000W;Wohnungen (Gebietsstand 15.05.2022);STAG;Stichtag;2022-05-15;GEOLK4;Landkreise u. krsfr. Städte (Stand 15.05.22);09275;Passau, Landkreis;WHGRM2;Räume;RAUM07UM;7 und mehr Räume;4,73;€/m²;WHG012;Durchschnittliche Nettokaltmiete;e
4000W;Wohnungen (Gebietsstand 15.05.2022);STAG;Stichtag;2022-05-15;GEOLK4;Landkreise u. krsfr. Städte (Stand 15.05.22);09571;Ansbach, Landkreis;WHGRM2;Räume;RAUM06;6 Räume;5,33;€/m²;WHG012;Durchschnittliche Nettokaltmiete;e
4000W;Wohnungen (Gebietsstand 15.05.2022);STAG;Stichtag;2022-05-15;GEOLK4;Landkreise u. krsfr. Städte (Stand 15.05.22);09478;Lichtenfels;WHGRM2;Räume;RAUM03;3 Räume;5,76;€/m²;WHG012;Durchschnittliche Nettokaltmiete;e
4000W;Wohnungen (Gebietsstand 15.05.2022);STAG;Stichtag;2022-05-15;GEOLK4;Landkreise u. krsfr. Städte (Stand 15.05.22);09565;Schwabach;WHGRM2;Räume;RAUM04;4 Räume;6,88;€/m²;WHG012;Durchschnittliche Nettokaltmiete;e
4000W;Wohnungen (Gebietsstand 15.05.2022);STAG;Stichtag;2022-05-15;GEOLK4;Landkreise u. krsfr. Städte (Stand 15.05.22);08236;Enzkreis;WHGRM2;Räume;RAUM02;2 Räume;7,74;€/m²;WHG012;Durchschnittliche Nettokaltmiete;e
4000W;Wohnungen (Gebietsstand 15.05.2022);STAG;Stichtag;2022-05-15;GEOLK4;Landkreise u. krsfr. Städte (Stand 15.05.22);09261;Landshut, Kreisfreie Stadt;WHGRM2;Räume;RAUM01;1 Raum;11,11;€/m²;WHG012;Durchschnittliche Nettokaltmiete;e
4000W;Wohnungen (Gebietsstand 15.05.2022);STAG;Stichtag;2022-05-15;GEOLK4;Landkreise u. krsfr. Städte (Stand 15.05.22);08317;Ortenaukreis;WHGRM2;Räume;RAUM01;1 Raum;8,65;€/m²;WHG012;Durchschnittliche Nettokaltmiete;e
4000W;Wohnungen (Gebietsstand 15.05.2022);STAG;Stichtag;2022-05-15;GEOLK4;Landkreise u. krsfr. Städte (Stand 15.05.22);16069;Hildburghausen;WHGRM2;Räume;RAUM02;2 Räume;5,46;€/m²;WHG012;Durchschnittliche Nettokaltmiete;e
4000W;Wohnungen (Gebietsstand 15.05.2022);STAG;Stichtag;2022-05-15;GEOLK4;Landkreise u. krsfr. Städte (Stand 15.05.22);09779;Donau-Ries;WHGRM2;Räume;;Insgesamt;6,34;€/m²;WHG012;Durchschnittliche Nettokaltmiete;e
4000W;Wohnungen (Gebietsstand 15.05.2022);STAG;Stichtag;2022-05-15;GEOLK4;Landkreise u. krsfr. Städte (Stand 15.05.22);13076;Ludwigslust-Parchim;WHGRM2;Räume;;Insgesamt;5,34;€/m²;WHG012;Durchschnittliche Nettokaltmiete;e
4000W;Wohnungen (Gebietsstand 15.05.2022);STAG;Stichtag;2022-05-15;GEOLK4;Landkreise u. krsfr. Städte (Stand 15.05.22);03354;Lüchow-Dannenberg;WHGRM2;Räume;;Insgesamt;4,75;€/m²;WHG012;Durchschnittliche Nettokaltmiete;e
4000W;Wohnungen (Gebietsstand 15.05.2022);STAG;Stichtag;2022-05-15;GEOLK4;Landkreise u. krsfr. Städte (Stand 15.05.22);05958;Hochsauerlandkreis;WHGRM2;Räume;RAUM02;2 Räume;5,76;€/m²;WHG012;Durchschnittliche Nettokaltmiete;e
4000W;Wohnungen (Gebietsstand 15.05.2022);STAG;Stichtag;2022-05-15;GEOLK4;Landkreise u. krsfr. Städte (Stand 15.05.22);06533;Limburg-Weilburg;WHGRM2;Räume;RAUM07UM;7 und mehr Räume;4,91;€/m²;WHG012;Durchschnittliche Nettokaltmiete;e
4000W;Wohnungen (Gebietsstand 15.05.2022);STAG;Stichtag;2022-05-15;GEOLK4;Landkreise u. krsfr. Städte (Stand 15.05.22);09171;Altötting;WHGRM2;Räume;RAUM01;1 Raum;8,25;€/m²;WHG012;Durchschnittliche Nettokaltmiete;e
4000W;Wohnungen (Gebietsstand 15.05.2022);STAG;Stichtag;2022-05-15;GEOLK4;Landkreise u. krsfr. Städte (Stand 15.05.22);16074;Saale-Holzland-Kreis;WHGRM2;Räume;RAUM05;5 Räume;5,06;€/m²;WHG012;Durchschnittliche Nettokaltmiete;e
4000W;Wohnungen (Gebietsstand 15.05.2022);STAG;Stichtag;2022-05-15;GEOLK4;Landkreise u. krsfr. Städte (Stand 15.05.22);14628;Sächsische Schweiz-Osterzgebirge;WHGRM2;Räume;RAUM04;4 Räume;5,30;€/m²;WHG012;Durchschnittliche Nettokaltmiete;e
4000W;Wohnungen (Gebietsstand 15.05.2022);STAG;Stichtag;2022-05-15;GEOLK4;Landkreise u. krsfr. Städte (Stand 15.05.22);12062;Elbe-Elster;WHGRM2;Räume;RAUM07UM;7 und mehr Räume;4,13;€/m²;WHG012;Durchschnittliche Nettokaltmiete;e
4000W;Wohnungen (Gebietsstand 15.05.2022);STAG;Stichtag;2022-05-15;GEOLK4;Landkreise u. krsfr. Städte (Stand 15.05.22);08216;Rastatt;WHGRM2;Räume;RAUM02;2 Räume;7,89;€/m²;WHG012;Durchschnittliche Nettokaltmiete;e
4000W;Wohnungen (Gebietsstand 15.05.2022);STAG;Stichtag;2022-05-15;GEOLK4;Landkreise u. krsfr. Städte (Stand 15.05.22);12069;Potsdam-Mittelmark;WHGRM2;Räume;RAUM05;5 Räume;6,83;€/m²;WHG012;Durchschnittliche Nettokaltmiete;e
4000W;Wohnungen (Gebietsstand 15.05.2022);STAG;Stichtag;2022-05-15;GEOLK4;Landkreise u. krsfr. Städte (Stand 15.05.22);08135;Heidenheim;WHGRM2;Räume;RAUM03;3 Räume;6,90;€/m²;WHG012;Durchschnittliche Nettokaltmiete;e
4000W;Wohnungen (Gebietsstand 15.05.2022);STAG;Stichtag;2022-05-15;GEOLK4;Landkreise u. krsfr. Städte (Stand 15.05.22);07232;Eifelkreis Bitburg-Prüm;WHGRM2;Räume;RAUM07UM;7 und mehr Räume;5,68;€/m²;WHG012;Durchschnittliche Nettokaltmiete;e
4000W;Wohnungen (Gebietsstand 15.05.2022);STAG;Stichtag;2022-05-15;GEOLK4;Landkreise u. krsfr. Städte (Stand 15.05.22);10044;Saarlouis;WHGRM2;Räume;;Insgesamt;5,97;€/m²;WHG012;Durchschnittliche Nettokaltmiete;e
4000W;Wohnungen (Gebietsstand 15.05.2022);STAG;Stichtag;2022-05-15;GEOLK4;Landkreise u. krsfr. Städte (Stand 15.05.22);09672;Bad Kissingen;WHGRM2;Räume;RAUM05;5 Räume;4,92;€/m²;WHG012;Durchschnittliche Nettokaltmiete;e
4000W;Wohnungen (Gebietsstand 15.05.2022);STAG;Stichtag;2022-05-15;GEOLK4;Landkreise u. krsfr. Städte (Stand 15.05.22);05122;Solingen, Klingenstadt;WHGRM2;Räume;RAUM05;5 Räume;6,17;€/m²;WHG012;Durchschnittliche Nettokaltmiete;e
4000W;Wohnungen (Gebietsstand 15.05.2022);STAG;Stichtag;2022-05-15;GEOLK4;Landkreise u. krsfr. Städte (Stand 15.05.22);16071;Weimarer Land;WHGRM2;Räume;RAUM06;6 Räume;5,10;€/m²;WHG012;Durchschnittliche Nettokaltmiete;e
4000W;Wohnungen (Gebietsstand 15.05.2022);STAG;Stichtag;2022-05-15;GEOLK4;Landkreise u. krsfr. Städte (Stand 15.05.22);03360;Uelzen;WHGRM2;Räume;RAUM01;1 Raum;8,09;€/m²;WHG012;Durchschnittliche Nettokaltmiete;e
4000W;Wohnungen (Gebietsstand 15.05.2022);STAG;Stichtag;2022-05-15;GEOLK4;Landkreise u. krsfr. Städte (Stand 15.05.22);03157;Peine;WHGRM2;Räume;RAUM07UM;7 und mehr Räume;4,97;€/m²;WHG012;Durchschnittliche Nettokaltmiete;e
4000W;Wohnungen (Gebietsstand 15.05.2022);STAG;Stichtag;2022-05-15;GEOLK4;Landkreise u. krsfr. Städte (Stand 15.05.22);05314;Bonn, Stadt;WHGRM2;Räume;RAUM03;3 Räume;8,59;€/m²;WHG012;Durchschnittliche Nettokaltmiete;e
4000W;Wohnungen (Gebietsstand 15.05.2022);STAG;Stichtag;2022-05-15;GEOLK4;Landkreise u. krsfr. Städte (Stand 15.05.22);07336;Kusel;WHGRM2;Räume;RAUM04;4 Räume;5,10;€/m²;WHG012;Durchschnittliche Nettokaltmiete;e
4000W;Wohnungen (Gebietsstand 15.05.2022);STAG;Stichtag;2022-05-15;GEOLK4;Landkreise u. krsfr. Städte (Stand 15.05.22);03352;Cuxhaven;WHGRM2;Räume;;Insgesamt;5,94;€/m²;WHG012;Durchschnittliche Nettokaltmiete;e
4000W;Wohnungen (Gebietsstand 15.05.2022);STAG;Stichtag;2022-05-15;GEOLK4;Landkreise u. krsfr. Städte (Stand 15.05.22);09190;Weilheim-Schongau;WHGRM2;Räume;RAUM01;1 Raum;10,11;€/m²;WHG012;Durchschnittliche Nettokaltmiete;e
4000W;Wohnungen (Gebietsstand 15.05.2022);STAG;Stichtag;2022-05-15;GEOLK4;Landkreise u. krsfr. Städte (Stand 15.05.22);10046;St. Wendel;WHGRM2;Räume;RAUM05;5 Räume;5,07;€/m²;WHG012;Durchschnittliche Nettokaltmiete;e
4000W;Wohnungen (Gebietsstand 15.05.2022);STAG;Stichtag;2022-05-15;GEOLK4;Landkreise u. krsfr. Städte (Stand 15.05.22);12068;Ostprignitz-Ruppin;WHGRM2;Räume;RAUM06;6 Räume;5,29;€/m²;WHG012;Durchschnittliche Nettokaltmiete;e
4000W;Wohnungen (Gebietsstand 15.05.2022);STAG;Stichtag;2022-05-15;GEOLK4;Landkreise u. krsfr. Städte (Stand 15.05.22);05154;Kleve;WHGRM2;Räume;RAUM07UM;7 und mehr Räume;5,63;€/m²;WHG012;Durchschnittliche Nettokaltmiete;e
4000W;Wohnungen (Gebietsstand 15.05.2022);STAG;Stichtag;2022-05-15;GEOLK4;Landkreise u. krsfr. Städte (Stand 15.05.22);05754;Gütersloh;WHGRM2;Räume;RAUM06;6 Räume;5,74;€/m²;WHG012;Durchschnittliche Nettokaltmiete;e
4000W;Wohnungen (Gebietsstand 15.05.2022);STAG;Stichtag;2022-05-15;GEOLK4;Landkreise u. krsfr. Städte (Stand 15.05.22);07335;Kaiserslautern;WHGRM2;Räume;RAUM04;4 Räume;5,92;€/m²;WHG012;Durchschnittliche Nettokaltmiete;e
4000W;Wohnungen (Gebietsstand 15.05.2022);STAG;Stichtag;2022-05-15;GEOLK4;Landkreise u. krsfr. Städte (Stand 15.05.22);09271;Deggendorf;WHGRM2;Räume;;Insgesamt;6,42;€/m²;WHG012;Durchschnittliche Nettokaltmiete;e
4000W;Wohnungen (Gebietsstand 15.05.2022);STAG;Stichtag;2022-05-15;GEOLK4;Landkreise u. krsfr. Städte (Stand 15.05.22);05774;Paderborn;WHGRM2;Räume;RAUM06;6 Räume;5,44;€/m²;WHG012;Durchschnittliche Nettokaltmiete;e
4000W;Wohnungen (Gebietsstand 15.05.2022);STAG;Stichtag;2022-05-15;GEOLK4;Landkreise u. krsfr. Städte (Stand 15.05.22);13076;Ludwigslust-Parchim;WHGRM2;Räume;RAUM04;4 Räume;5,14;€/m²;WHG012;Durchschnittliche Nettokaltmiete;e
4000W;Wohnungen (Gebietsstand 15.05.2022);STAG;Stichtag;2022-05-15;GEOLK4;Landkreise u. krsfr. Städte (Stand 15.05.22);16073;Saalfeld-Rudolstadt;WHGRM2;Räume;RAUM07UM;7 und mehr Räume;4,47;€/m²;WHG012;Durchschnittliche Nettokaltmiete;e
4000W;Wohnungen (Gebietsstand 15.05.2022);STAG;Stichtag;2022-05-15;GEOLK4;Landkreise u. krsfr. Städte (Stand 15.05.22);08121;Heilbronn, Stadtkreis;WHGRM2;Räume;RAUM06;6 Räume;7,81;€/m²;WHG012;Durchschnittliche Nettokaltmiete;e
4000W;Wohnungen (Gebietsstand 15.05.2022);STAG;Stichtag;2022-05-15;GEOLK4;Landkreise u. krsfr. Städte (Stand 15.05.22);08222;Mannheim, Stadtkreis;WHGRM2;Räume;RAUM04;4 Räume;7,75;€/m²;WHG012;Durchschnittliche Nettokaltmiete;e
4000W;Wohnungen (Gebietsstand 15.05.2022);STAG;Stichtag;2022-05-15;GEOLK4;Landkreise u. krsfr. Städte (Stand 15.05.22);10042;Merzig-Wadern;WHGRM2;Räume;RAUM07UM;7 und mehr Räume;5,20;€/m²;WHG012;Durchschnittliche Nettokaltmiete;e
4000W;Wohnungen (Gebietsstand 15.05.2022);STAG;Stichtag;2022-05-15;GEOLK4;Landkreise u. krsfr. Städte (Stand 15.05.22);05570;Warendorf;WHGRM2;Räume;RAUM01;1 Raum;7,33;€/m²;WHG012;Durchschnittliche Nettokaltmiete;e
4000W;Wohnungen (Gebietsstand 15.05.2022);STAG;Stichtag;2022-05-15;GEOLK4;Landkreise u. krsfr. Städte (Stand 15.05.22);05119;Oberhausen, Stadt;WHGRM2;Räume;RAUM02;2 Räume;6,14;€/m²;WHG012;Durchschnittliche Nettokaltmiete;e
4000W;Wohnungen (Gebietsstand 15.05.2022);STAG;Stichtag;2022-05-15;GEOLK4;Landkreise u. krsfr. Städte (Stand 15.05.22);15003;Magdeburg, Landeshauptstadt;WHGRM2;Räume;RAUM02;2 Räume;6,06;€/m²;WHG012;Durchschnittliche Nettokaltmiete;e
4000W;Wohnungen (Gebietsstand 15.05.2022);STAG;Stichtag;2022-05-15;GEOLK4;Landkreise u. krsfr. Städte (Stand 15.05.22);16068;Sömmerda;WHGRM2;Räume;RAUM03;3 Räume;5,35;€/m²;WHG012;Durchschnittliche Nettokaltmiete;e
4000W;Wohnungen (Gebietsstand 15.05.2022);STAG;Stichtag;2022-05-15;GEOLK4;Landkreise u. krsfr. Städte (Stand 15.05.22);16054;Suhl, Stadt;WHGRM2;Räume;RAUM05;5 Räume;5,34;€/m²;WHG012;Durchschnittliche Nettokaltmiete;e
4000W;Wohnungen (Gebietsstand 15.05.2022);STAG;Stichtag;2022-05-15;GEOLK4;Landkreise u. krsfr. Städte (Stand 15.05.22);13075;Vorpommern-Greifswald;WHGRM2;Räume;RAUM04;4 Räume;5,27;€/m²;WHG012;Durchschnittliche Nettokaltmiete;e
4000W;Wohnungen (Gebietsstand 15.05.2022);STAG;Stichtag;2022-05-15;GEOLK4;Landkreise u. krsfr. Städte (Stand 15.05.22);05362;Rhein-Erft-Kreis;WHGRM2;Räume;RAUM02;2 Räume;8,40;€/m²;WHG012;Durchschnittliche Nettokaltmiete;e
4000W;Wohnungen (Gebietsstand 15.05.2022);STAG;Stichtag;2022-05-15;GEOLK4;Landkreise u. krsfr. Städte (Stand 15.05.22);14729;Leipzig;WHGRM2;Räume;RAUM03;3 Räume;5,42;€/m²;WHG012;Durchschnittliche Nettokaltmiete;e
4000W;Wohnungen (Gebietsstand 15.05.2022);STAG;Stichtag;2022-05-15;GEOLK4;Landkreise u. krsfr. Städte (Stand 15.05.22);08235;Calw;WHGRM2;Räume;RAUM02;2 Räume;7,66;€/m²;WHG012;Durchschnittliche Nettokaltmiete;e
4000W;Wohnungen (Gebietsstand 15.05.2022);STAG;Stichtag;2022-05-15;GEOLK4;Landkreise u. krsfr. Städte (Stand 15.05.22);07317;Pirmasens, kreisfreie Stadt;WHGRM2;Räume;RAUM04;4 Räume;4,45;€/m²;WHG012;Durchschnittliche Nettokaltmiete;e
4000W;Wohnungen (Gebietsstand 15.05.2022);STAG;Stichtag;2022-05-15;GEOLK4;Landkreise u. krsfr. Städte (Stand 15.05.22);10046;St. Wendel;WHGRM2;Räume;;Insgesamt;5,51;€/m²;WHG012;Durchschnittliche Nettokaltmiete;e
4000W;Wohnungen (Gebietsstand 15.05.2022);STAG;Stichtag;2022-05-15;GEOLK4;Landkreise u. krsfr. Städte (Stand 15.05.22);08435;Bodenseekreis;WHGRM2;Räume;RAUM07UM;7 und mehr Räume;7,33;€/m²;WHG012;Durchschnittliche Nettokaltmiete;e
4000W;Wohnungen (Gebietsstand 15.05.2022);STAG;Stichtag;2022-05-15;GEOLK4;Landkreise u. krsfr. Städte (Stand 15.05.22);15081;Altmarkkreis Salzwedel;WHGRM2;Räume;;Insgesamt;4,77;€/m²;WHG012;Durchschnittliche Nettokaltmiete;e
4000W;Wohnungen (Gebietsstand 15.05.2022);STAG;Stichtag;2022-05-15;GEOLK4;Landkreise u. krsfr. Städte (Stand 15.05.22);12060;Barnim;WHGRM2;Räume;RAUM02;2 Räume;6,95;€/m²;WHG012;Durchschnittliche Nettokaltmiete;e
4000W;Wohnungen (Gebietsstand 15.05.2022);STAG;Stichtag;2022-05-15;GEOLK4;Landkreise u. krsfr. Städte (Stand 15.05.22);09772;Augsburg, Landkreis;WHGRM2;Räume;RAUM04;4 Räume;7,12;€/m²;WHG012;Durchschnittliche Nettokaltmiete;e
4000W;Wohnungen (Gebietsstand 15.05.2022);STAG;Stichtag;2022-05-15;GEOLK4;Landkreise u. krsfr. Städte (Stand 15.05.22);09186;Pfaffenhofen a.d.Ilm;WHGRM2;Räume;;Insgesamt;8,10;€/m²;WHG012;Durchschnittliche Nettokaltmiete;e
4000W;Wohnungen (Gebietsstand 15.05.2022);STAG;Stichtag;2022-05-15;GEOLK4;Landkreise u. krsfr. Städte (Stand 15.05.22);03102;Salzgitter, Stadt;WHGRM2;Räume;RAUM03;3 Räume;5,75;€/m²;WHG012;Durchschnittliche Nettokaltmiete;e
4000W;Wohnungen (Gebietsstand 15.05.2022);STAG;Stichtag;2022-05-15;GEOLK4;Landkreise u. krsfr. Städte (Stand 15.05.22);09563;Fürth, Kreisfreie Stadt;WHGRM2;Räume;RAUM07UM;7 und mehr Räume;6,62;€/m²;WHG012;Durchschnittliche Nettokaltmiete;e
4000W;Wohnungen (Gebietsstand 15.05.2022);STAG;Stichtag;2022-05-15;GEOLK4;Landkreise u. krsfr. Städte (Stand 15.05.22);09679;Würzburg, Landkreis;WHGRM2;Räume;RAUM01;1 Raum;9,03;€/m²;WHG012;Durchschnittliche Nettokaltmiete;e
4000W;Wohnungen (Gebietsstand 15.05.2022);STAG;Stichtag;2022-05-15;GEOLK4;Landkreise u. krsfr. Städte (Stand 15.05.22);09375;Regensburg, Landkreis;WHGRM2;Räume;RAUM06;6 Räume;6,50;€/m²;WHG012;Durchschnittliche Nettokaltmiete;e
4000W;Wohnungen (Gebietsstand 15.05.2022);STAG;Stichtag;2022-05-15;GEOLK4;Landkreise u. krsfr. Städte (Stand 15.05.22);06435;Main-Kinzig-Kreis;WHGRM2;Räume;RAUM06;6 Räume;6,44;€/m²;WHG012;Durchschnittliche Nettokaltmiete;e
4000W;Wohnungen (Gebietsstand 15.05.2022);STAG;Stichtag;2022-05-15;GEOLK4;Landkreise u. krsfr. Städte (Stand 15.05.22);08116;Esslingen;WHGRM2;Räume;RAUM03;3 Räume;8,85;€/m²;WHG012;Durchschnittliche Nettokaltmiete;e
4000W;Wohnungen (Gebietsstand 15.05.2022);STAG;Stichtag;2022-05-15;GEOLK4;Landkreise u. krsfr. Städte (Stand 15.05.22);05162;Rhein-Kreis Neuss;WHGRM2;Räume;RAUM04;4 Räume;7,11;€/m²;WHG012;Durchschnittliche Nettokaltmiete;e
4000W;Wohnungen (Gebietsstand 15.05.2022);STAG;Stichtag;2022-05-15;GEOLK4;Landkreise u. krsfr. Städte (Stand 15.05.22);08211;Baden-Baden, Stadtkreis;WHGRM2;Räume;RAUM05;5 Räume;7,10;€/m²;WHG012;Durchschnittliche Nettokaltmiete;e
4000W;Wohnungen (Gebietsstand 15.05.2022);STAG;Stichtag;2022-05-15;GEOLK4;Landkreise u. krsfr. Städte (Stand 15.05.22);03252;Hameln-Pyrmont;WHGRM2;Räume;RAUM01;1 Raum;7,06;€/m²;WHG012;Durchschnittliche Nettokaltmiete;e
4000W;Wohnungen (Gebietsstand 15.05.2022);STAG;Stichtag;2022-05-15;GEOLK4;Landkreise u. krsfr. Städte (Stand 15.05.22);05974;Soest;WHGRM2;Räume;RAUM07UM;7 und mehr Räume;4,94;€/m²;WHG012;Durchschnittliche Nettokaltmiete;e
4000W;Wohnungen (Gebietsstand 15.05.2022);STAG;Stichtag;2022-05-15;GEOLK4;Landkreise u. krsfr. Städte (Stand 15.05.22);05170;Wesel;WHGRM2;Räume;RAUM05;5 Räume;5,99;€/m²;WHG012;Durchschnittliche Nettokaltmiete;e
4000W;Wohnungen (Gebietsstand 15.05.2022);STAG;Stichtag;2022-05-15;GEOLK4;Landkreise u. krsfr. Städte (Stand 15.05.22);06437;Odenwaldkreis;WHGRM2;Räume;RAUM05;5 Räume;5,54;€/m²;WHG012;Durchschnittliche Nettokaltmiete;e
4000W;Wohnungen (Gebietsstand 15.05.2022);STAG;Stichtag;2022-05-15;GEOLK4;Landkreise u. krsfr. Städte (Stand 15.05.22);12052;Cottbus, Stadt;WHGRM2;Räume;RAUM01;1 Raum;6,50;€/m²;WHG012;Durchschnittliche Nettokaltmiete;e
4000W;Wohnungen (Gebietsstand 15.05.2022);STAG;Stichtag;2022-05-15;GEOLK4;Landkreise u. krsfr. Städte (Stand 15.05.22);08126;Hohenlohekreis;WHGRM2;Räume;RAUM03;3 Räume;6,98;€/m²;WHG012;Durchschnittliche Nettokaltmiete;e
4000W;Wohnungen (Gebietsstand 15.05.2022);STAG;Stichtag;2022-05-15;GEOLK4;Landkreise u. krsfr. Städte (Stand 15.05.22);05158;Mettmann;WHGRM2;Räume;RAUM01;1 Raum;8,10;€/m²;WHG012;Durchschnittliche Nettokaltmiete;e
4000W;Wohnungen (Gebietsstand 15.05.2022);STAG;Stichtag;2022-05-15;GEOLK4;Landkreise u. krsfr. Städte (Stand 15.05.22);05111;Düsseldorf, Stadt;WHGRM2;Räume;RAUM06;6 Räume;8,95;€/m²;WHG012;Durchschnittliche Nettokaltmiete;e
4000W;Wohnungen (Gebietsstand 15.05.2022);STAG;Stichtag;2022-05-15;GEOLK4;Landkreise u. krsfr. Städte (Stand 15.05.22);08221;Heidelberg, Stadtkreis;WHGRM2;Räume;RAUM05;5 Räume;9,28;€/m²;WHG012;Durchschnittliche Nettokaltmiete;e
4000W;Wohnungen (Gebietsstand 15.05.2022);STAG;Stichtag;2022-05-15;GEOLK4;Landkreise u. krsfr. Städte (Stand 15.05.22);16062;Nordhausen;WHGRM2;Räume;RAUM06;6 Räume;4,57;€/m²;WHG012;Durchschnittliche Nettokaltmiete;e
4000W;Wohnungen (Gebietsstand 15.05.2022);STAG;Stichtag;2022-05-15;GEOLK4;Landkreise u. krsfr. Städte (Stand 15.05.22);05566;Steinfurt;WHGRM2;Räume;;Insgesamt;5,96;€/m²;WHG012;Durchschnittliche Nettokaltmiete;e
4000W;Wohnungen (Gebietsstand 15.05.2022);STAG;Stichtag;2022-05-15;GEOLK4;Landkreise u. krsfr. Städte (Stand 15.05.22);09762;Kaufbeuren;WHGRM2;Räume;RAUM04;4 Räume;6,53;€/m²;WHG012;Durchschnittliche Nettokaltmiete;e
4000W;Wohnungen (Gebietsstand 15.05.2022);STAG;Stichtag;2022-05-15;GEOLK4;Landkreise u. krsfr. Städte (Stand 15.05.22);05334;Städteregion Aachen;WHGRM2;Räume;RAUM02;2 Räume;7,68;€/m²;WHG012;Durchschnittliche Nettokaltmiete;e
4000W;Wohnungen (Gebietsstand 15.05.2022);STAG;Stichtag;2022-05-15;GEOLK4;Landkreise u. krsfr. Städte (Stand 15.05.22);08128;Main-Tauber-Kreis;WHGRM2;Räume;RAUM02;2 Räume;6,92;€/m²;WHG012;Durchschnittliche Nettokaltmiete;e
4000W;Wohnungen (Gebietsstand 15.05.2022);STAG;Stichtag;2022-05-15;GEOLK4;Landkreise u. krsfr. Städte (Stand 15.05.22);09764;Memmingen;WHGRM2;Räume;RAUM03;3 Räume;6,63;€/m²;WHG012;Durchschnittliche Nettokaltmiete;e
4000W;Wohnungen (Gebietsstand 15.05.2022);STAG;Stichtag;2022-05-15;GEOLK4;Landkreise u. krsfr. Städte (Stand 15.05.22);05758;Herford;WHGRM2;Räume;RAUM04;4 Räume;5,37;€/m²;WHG012;Durchschnittliche Nettokaltmiete;e
4000W;Wohnungen (Gebietsstand 15.05.2022);STAG;Stichtag;2022-05-15;GEOLK4;Landkreise u. krsfr. Städte (Stand 15.05.22);03360;Uelzen;WHGRM2;Räume;;Insgesamt;5,73;€/m²;WHG012;Durchschnittliche Nettokaltmiete;e
4000W;Wohnungen (Gebietsstand 15.05.2022);STAG;Stichtag;2022-05-15;GEOLK4;Landkreise u. krsfr. Städte (Stand 15.05.22);05113;Essen, Stadt;WHGRM2;Räume;RAUM05;5 Räume;6,54;€/m²;WHG012;Durchschnittliche Nettokaltmiete;e
4000W;Wohnungen (Gebietsstand 15.05.2022);STAG;Stichtag;2022-05-15;GEOLK4;Landkreise u. krsfr. Städte (Stand 15.05.22);09778;Unterallgäu;WHGRM2;Räume;RAUM07UM;7 und mehr Räume;5,63;€/m²;WHG012;Durchschnittliche Nettokaltmiete;e
4000W;Wohnungen (Gebietsstand 15.05.2022);STAG;Stichtag;2022-05-15;GEOLK4;Landkreise u. krsfr. Städte (Stand 15.05.22);07135;Cochem-Zell;WHGRM2;Räume;RAUM06;6 Räume;4,34;€/m²;WHG012;Durchschnittliche Nettokaltmiete;e
4000W;Wohnungen (Gebietsstand 15.05.2022);STAG;Stichtag;2022-05-15;GEOLK4;Landkreise u. krsfr. Städte (Stand 15.05.22);13074;Nordwestmecklenburg;WHGRM2;Räume;RAUM05;5 Räume;5,70;€/m²;WHG012;Durchschnittliche Nettokaltmiete;e
4000W;Wohnungen (Gebietsstand 15.05.2022);STAG;Stichtag;2022-05-15;GEOLK4;Landkreise u. krsfr. Städte (Stand 15.05.22);07137;Mayen-Koblenz;WHGRM2;Räume;RAUM07UM;7 und mehr Räume;4,92;€/m²;WHG012;Durchschnittliche Nettokaltmiete;e
4000W;Wohnungen (Gebietsstand 15.05.2022);STAG;Stichtag;2022-05-15;GEOLK4;Landkreise u. krsfr. Städte (Stand 15.05.22);09276;Regen;WHGRM2;Räume;RAUM06;6 Räume;4,18;€/m²;WHG012;Durchschnittliche Nettokaltmiete;e
4000W;Wohnungen (Gebietsstand 15.05.2022);STAG;Stichtag;2022-05-15;GEOLK4;Landkreise u. krsfr. Städte (Stand 15.05.22);09187;Rosenheim, Landkreis;WHGRM2;Räume;RAUM06;6 Räume;7,99;€/m²;WHG012;Durchschnittliche Nettokaltmiete;e
4000W;Wohnungen (Gebietsstand 15.05.2022);STAG;Stichtag;2022-05-15;GEOLK4;Landkreise u. krsfr. Städte (Stand 15.05.22);05970;Siegen-Wittgenstein;WHGRM2;Räume;RAUM06;6 Räume;5,46;€/m²;WHG012;Durchschnittliche Nettokaltmiete;e
4000W;Wohnungen (Gebietsstand 15.05.2022);STAG;Stichtag;2022-05-15;GEOLK4;Landkreise u. krsfr. Städte (Stand 15.05.22);16066;Schmalkalden-Meiningen;WHGRM2;Räume;RAUM04;4 Räume;5,14;€/m²;WHG012;Durchschnittliche Nettokaltmiete;e
4000W;Wohnungen (Gebietsstand 15.05.2022);STAG;Stichtag;2022-05-15;GEOLK4;Landkreise u. krsfr. Städte (Stand 15.05.22);05117;Mülheim an der Ruhr, Stadt;WHGRM2;Räume;RAUM03;3 Räume;6,43;€/m²;WHG012;Durchschnittliche Nettokaltmiete;e
4000W;Wohnungen (Gebietsstand 15.05.2022);STAG;Stichtag;2022-05-15;GEOLK4;Landkreise u. krsfr. Städte (Stand 15.05.22);09187;Rosenheim, Landkreis;WHGRM2;Räume;;Insgesamt;8,45;€/m²;WHG012;Durchschnittliche Nettokaltmiete;e
4000W;Wohnungen (Gebietsstand 15.05.2022);STAG;Stichtag;2022-05-15;GEOLK4;Landkreise u. krsfr. Städte (Stand 15.05.22);14511;Chemnitz, Stadt;WHGRM2;Räume;RAUM01;1 Raum;5,87;€/m²;WHG012;Durchschnittliche Nettokaltmiete;e
4000W;Wohnungen (Gebietsstand 15.05.2022);STAG;Stichtag;2022-05-15;GEOLK4;Landkreise u. krsfr. Städte (Stand 15.05.22);01062;Stormarn;WHGRM2;Räume;;Insgesamt;8,65;€/m²;WHG012;Durchschnittliche Nettokaltmiete;e
4000W;Wohnungen (Gebietsstand 15.05.2022);STAG;Stichtag;2022-05-15;GEOLK4;Landkreise u. krsfr. Städte (Stand 15.05.22);03153;Goslar;WHGRM2;Räume;RAUM01;1 Raum;8,08;€/m²;WHG012;Durchschnittliche Nettokaltmiete;e
4000W;Wohnungen (Gebietsstand 15.05.2022);STAG;Stichtag;2022-05-15;GEOLK4;Landkreise u. krsfr. Städte (Stand 15.05.22);08118;Ludwigsburg;WHGRM2;Räume;RAUM02;2 Räume;9,81;€/m²;WHG012;Durchschnittliche Nettokaltmiete;e
4000W;Wohnungen (Gebietsstand 15.05.2022);STAG;Stichtag;2022-05-15;GEOLK4;Landkreise u. krsfr. Städte (Stand 15.05.22);07315;Mainz, kreisfreie Stadt;WHGRM2;Räume;RAUM05;5 Räume;9,15;€/m²;WHG012;Durchschnittliche Nettokaltmiete;e
4000W;Wohnungen (Gebietsstand 15.05.2022);STAG;Stichtag;2022-05-15;GEOLK4;Landkreise u. krsfr. Städte (Stand 15.05.22);09673;Rhön-Grabfeld;WHGRM2;Räume;RAUM04;4 Räume;4,99;€/m²;WHG012;Durchschnittliche Nettokaltmiete;e
4000W;Wohnungen (Gebietsstand 15.05.2022);STAG;Stichtag;2022-05-15;GEOLK4;Landkreise u. krsfr. Städte (Stand 15.05.22);05766;Lippe;WHGRM2;Räume;RAUM05;5 Räume;5,18;€/m²;WHG012;Durchschnittliche Nettokaltmiete;e
4000W;Wohnungen (Gebietsstand 15.05.2022);STAG;Stichtag;2022-05-15;GEOLK4;Landkreise u. krsfr. Städte (Stand 15.05.22);07337;Südliche Weinstraße;WHGRM2;Räume;RAUM03;3 Räume;6,68;€/m²;WHG012;Durchschnittliche Nettokaltmiete;e
4000W;Wohnungen (Gebietsstand 15.05.2022);STAG;Stichtag;2022-05-15;GEOLK4;Landkreise u. krsfr. Städte (Stand 15.05.22);05166;Viersen;WHGRM2;Räume;RAUM02;2 Räume;6,77;€/m²;WHG012;Durchschnittliche Nettokaltmiete;e
4000W;Wohnungen (Gebietsstand 15.05.2022);STAG;Stichtag;2022-05-15;GEOLK4;Landkreise u. krsfr. Städte (Stand 15.05.22);06534;Marburg-Biedenkopf;WHGRM2;Räume;RAUM06;6 Räume;6,08;€/m²;WHG012;Durchschnittliche Nettokaltmiete;e
4000W;Wohnungen (Gebietsstand 15.05.2022);STAG;Stichtag;2022-05-15;GEOLK4;Landkreise u. krsfr. Städte (Stand 15.05.22);09677;Main-Spessart;WHGRM2;Räume;RAUM02;2 Räume;6,50;€/m²;WHG012;Durchschnittliche Nettokaltmiete;e
4000W;Wohnungen (Gebietsstand 15.05.2022);STAG;Stichtag;2022-05-15;GEOLK4;Landkreise u. krsfr. Städte (Stand 15.05.22);09778;Unterallgäu;WHGRM2;Räume;;Insgesamt;6,64;€/m²;WHG012;Durchschnittliche Nettokaltmiete;e
4000W;Wohnungen (Gebietsstand 15.05.2022);STAG;Stichtag;2022-05-15;GEOLK4;Landkreise u. krsfr. Städte (Stand 15.05.22);05974;Soest;WHGRM2;Räume;RAUM04;4 Räume;5,57;€/m²;WHG012;Durchschnittliche Nettokaltmiete;e
4000W;Wohnungen (Gebietsstand 15.05.2022);STAG;Stichtag;2022-05-15;GEOLK4;Landkreise u. krsfr. Städte (Stand 15.05.22);03356;Osterholz;WHGRM2;Räume;RAUM06;6 Räume;5,78;€/m²;WHG012;Durchschnittliche Nettokaltmiete;e
4000W;Wohnungen (Gebietsstand 15.05.2022);STAG;Stichtag;2022-05-15;GEOLK4;Landkreise u. krsfr. Städte (Stand 15.05.22);08215;Karlsruhe, Landkreis;WHGRM2;Räume;RAUM03;3 Räume;7,50;€/m²;WHG012;Durchschnittliche Nettokaltmiete;e
4000W;Wohnungen (Gebietsstand 15.05.2022);STAG;Stichtag;2022-05-15;GEOLK4;Landkreise u. krsfr. Städte (Stand 15.05.22);06634;Schwalm-Eder-Kreis;WHGRM2;Räume;RAUM05;5 Räume;5,03;€/m²;WHG012;Durchschnittliche Nettokaltmiete;e
4000W;Wohnungen (Gebietsstand 15.05.2022);STAG;Stichtag;2022-05-15;GEOLK4;Landkreise u. krsfr. Städte (Stand 15.05.22);16075;Saale-Orla-Kreis;WHGRM2;Räume;RAUM04;4 Räume;5,08;€/m²;WHG012;Durchschnittliche Nettokaltmiete;e
4000W;Wohnungen (Gebietsstand 15.05.2022);STAG;Stichtag;2022-05-15;GEOLK4;Landkreise u. krsfr. Städte (Stand 15.05.22);09263;Straubing;WHGRM2;Räume;;Insgesamt;6,64;€/m²;WHG012;Durchschnittliche Nettokaltmiete;e
4000W;Wohnungen (Gebietsstand 15.05.2022);STAG;Stichtag;2022-05-15;GEOLK4;Landkreise u. krsfr. Städte (Stand 15.05.22);05117;Mülheim an der Ruhr, Stadt;WHGRM2;Räume;RAUM07UM;7 und mehr Räume;6,57;€/m²;WHG012;Durchschnittliche Nettokaltmiete;e
4000W;Wohnungen (Gebietsstand 15.05.2022);STAG;Stichtag;2022-05-15;GEOLK4;Landkreise u. krsfr. Städte (Stand 15.05.22);08215;Karlsruhe, Landkreis;WHGRM2;Räume;;Insgesamt;7,37;€/m²;WHG012;Durchschnittliche Nettokaltmiete;e
4000W;Wohnungen (Gebietsstand 15.05.2022);STAG;Stichtag;2022-05-15;GEOLK4;Landkreise u. krsfr. Städte (Stand 15.05.22);08315;Breisgau-Hochschwarzwald;WHGRM2;Räume;RAUM02;2 Räume;8,71;€/m²;WHG012;Durchschnittliche Nettokaltmiete;e
4000W;Wohnungen (Gebietsstand 15.05.2022);STAG;Stichtag;2022-05-15;GEOLK4;Landkreise u. krsfr. Städte (Stand 15.05.22);05966;Olpe;WHGRM2;Räume;RAUM03;3 Räume;5,87;€/m²;WHG012;Durchschnittliche Nettokaltmiete;e
4000W;Wohnungen (Gebietsstand 15.05.2022);STAG;Stichtag;2022-05-15;GEOLK4;Landkreise u. krsfr. Städte (Stand 15.05.22);09762;Kaufbeuren;WHGRM2;Räume;RAUM07UM;7 und mehr Räume;7,26;€/m²;WHG012;Durchschnittliche Nettokaltmiete;e
4000W;Wohnungen (Gebietsstand 15.05.2022);STAG;Stichtag;2022-05-15;GEOLK4;Landkreise u. krsfr. Städte (Stand 15.05.22);16077;Altenburger Land;WHGRM2;Räume;RAUM03;3 Räume;5,05;€/m²;WHG012;Durchschnittliche Nettokaltmiete;e
4000W;Wohnungen (Gebietsstand 15.05.2022);STAG;Stichtag;2022-05-15;GEOLK4;Landkreise u. krsfr. Städte (Stand 15.05.22);01001;Flensburg, Stadt;WHGRM2;Räume;RAUM02;2 Räume;8,14;€/m²;WHG012;Durchschnittliche Nettokaltmiete;e
4000W;Wohnungen (Gebietsstand 15.05.2022);STAG;Stichtag;2022-05-15;GEOLK4;Landkreise u. krsfr. Städte (Stand 15.05.22);09178;Freising;WHGRM2;Räume;RAUM06;6 Räume;8,85;€/m²;WHG012;Durchschnittliche Nettokaltmiete;e
4000W;Wohnungen (Gebietsstand 15.05.2022);STAG;Stichtag;2022-05-15;GEOLK4;Landkreise u. krsfr. Städte (Stand 15.05.22);09171;Altötting;WHGRM2;Räume;RAUM07UM;7 und mehr Räume;5,65;€/m²;WHG012;Durchschnittliche Nettokaltmiete;e
4000W;Wohnungen (Gebietsstand 15.05.2022);STAG;Stichtag;2022-05-15;GEOLK4;Landkreise u. krsfr. Städte (Stand 15.05.22);09573;Fürth, Landkreis;WHGRM2;Räume;RAUM05;5 Räume;6,66;€/m²;WHG012;Durchschnittliche Nettokaltmiete;e
4000W;Wohnungen (Gebietsstand 15.05.2022);STAG;Stichtag;2022-05-15;GEOLK4;Landkreise u. krsfr. Städte (Stand 15.05.22);03451;Ammerland;WHGRM2;Räume;RAUM07UM;7 und mehr Räume;5,29;€/m²;WHG012;Durchschnittliche Nettokaltmiete;e
4000W;Wohnungen (Gebietsstand 15.05.2022);STAG;Stichtag;2022-05-15;GEOLK4;Landkreise u. krsfr. Städte (Stand 15.05.22);03353;Harburg;WHGRM2;Räume;;Insgesamt;8,17;€/m²;WHG012;Durchschnittliche Nettokaltmiete;e
4000W;Wohnungen (Gebietsstand 15.05.2022);STAG;Stichtag;2022-05-15;GEOLK4;Landkreise u. krsfr. Städte (Stand 15.05.22);04012;Bremerhaven, Stadt;WHGRM2;Räume;RAUM01;1 Raum;7,50;€/m²;WHG012;Durchschnittliche Nettokaltmiete;e
4000W;Wohnungen (Gebietsstand 15.05.2022);STAG;Stichtag;2022-05-15;GEOLK4;Landkreise u. krsfr. Städte (Stand 15.05.22);09575;Neustadt a.d.Aisch-Bad Windsheim;WHGRM2;Räume;RAUM04;4 Räume;5,45;€/m²;WHG012;Durchschnittliche Nettokaltmiete;e
4000W;Wohnungen (Gebietsstand 15.05.2022);STAG;Stichtag;2022-05-15;GEOLK4;Landkreise u. krsfr. Städte (Stand 15.05.22);09187;Rosenheim, Landkreis;WHGRM2;Räume;RAUM07UM;7 und mehr Räume;7,62;€/m²;WHG012;Durchschnittliche Nettokaltmiete;e
4000W;Wohnungen (Gebietsstand 15.05.2022);STAG;Stichtag;2022-05-15;GEOLK4;Landkreise u. krsfr. Städte (Stand 15.05.22);06632;Hersfeld-Rotenburg;WHGRM2;Räume;RAUM06;6 Räume;4,54;€/m²;WHG012;Durchschnittliche Nettokaltmiete;e
4000W;Wohnungen (Gebietsstand 15.05.2022);STAG;Stichtag;2022-05-15;GEOLK4;Landkreise u. krsfr. Städte (Stand 15.05.22);01062;Stormarn;WHGRM2;Räume;RAUM07UM;7 und mehr Räume;7,48;€/m²;WHG012;Durchschnittliche Nettokaltmiete;e
4000W;Wohnungen (Gebietsstand 15.05.2022);STAG;Stichtag;2022-05-15;GEOLK4;Landkreise u. krsfr. Städte (Stand 15.05.22);13072;Landkreis Rostock;WHGRM2;Räume;RAUM06;6 Räume;5,84;€/m²;WHG012;Durchschnittliche Nettokaltmiete;e
4000W;Wohnungen (Gebietsstand 15.05.2022);STAG;Stichtag;2022-05-15;GEOLK4;Landkreise u. krsfr. Städte (Stand 15.05.22);10045;Saarpfalz-Kreis;WHGRM2;Räume;;Insgesamt;6,24;€/m²;WHG012;Durchschnittliche Nettokaltmiete;e
4000W;Wohnungen (Gebietsstand 15.05.2022);STAG;Stichtag;2022-05-15;GEOLK4;Landkreise u. krsfr. Städte (Stand 15.05.22);15088;Saalekreis;WHGRM2;Räume;RAUM05;5 Räume;5,07;€/m²;WHG012;Durchschnittliche Nettokaltmiete;e
4000W;Wohnungen (Gebietsstand 15.05.2022);STAG;Stichtag;2022-05-15;GEOLK4;Landkreise u. krsfr. Städte (Stand 15.05.22);16064;Unstrut-Hainich-Kreis;WHGRM2;Räume;RAUM05;5 Räume;4,82;€/m²;WHG012;Durchschnittliche Nettokaltmiete;e
4000W;Wohnungen (Gebietsstand 15.05.2022);STAG;Stichtag;2022-05-15;GEOLK4;Landkreise u. krsfr. Städte (Stand 15.05.22);15082;Anhalt-Bitterfeld;WHGRM2;Räume;;Insgesamt;5,22;€/m²;WHG012;Durchschnittliche Nettokaltmiete;e
4000W;Wohnungen (Gebietsstand 15.05.2022);STAG;Stichtag;2022-05-15;GEOLK4;Landkreise u. krsfr. Städte (Stand 15.05.22);09162;München, Landeshauptstadt;WHGRM2;Räume;RAUM01;1 Raum;16,20;€/m²;WHG012;Durchschnittliche Nettokaltmiete;e
4000W;Wohnungen (Gebietsstand 15.05.2022);STAG;Stichtag;2022-05-15;GEOLK4;Landkreise u. krsfr. Städte (Stand 15.05.22);03401;Delmenhorst, Stadt;WHGRM2;Räume;RAUM01;1 Raum;7,33;€/m²;WHG012;Durchschnittliche Nettokaltmiete;e
4000W;Wohnungen (Gebietsstand 15.05.2022);STAG;Stichtag;2022-05-15;GEOLK4;Landkreise u. krsfr. Städte (Stand 15.05.22);09777;Ostallgäu;WHGRM2;Räume;RAUM01;1 Raum;8,66;€/m²;WHG012;Durchschnittliche Nettokaltmiete;e
4000W;Wohnungen (Gebietsstand 15.05.2022);STAG;Stichtag;2022-05-15;GEOLK4;Landkreise u. krsfr. Städte (Stand 15.05.22);05124;Wuppertal, Stadt;WHGRM2;Räume;RAUM07UM;7 und mehr Räume;5,66;€/m²;WHG012;Durchschnittliche Nettokaltmiete;e
4000W;Wohnungen (Gebietsstand 15.05.2022);STAG;Stichtag;2022-05-15;GEOLK4;Landkreise u. krsfr. Städte (Stand 15.05.22);09473;Coburg, Landkreis;WHGRM2;Räume;RAUM06;6 Räume;4,95;€/m²;WHG012;Durchschnittliche Nettokaltmiete;e
4000W;Wohnungen (Gebietsstand 15.05.2022);STAG;Stichtag;2022-05-15;GEOLK4;Landkreise u. krsfr. Städte (Stand 15.05.22);08222;Mannheim, Stadtkreis;WHGRM2;Räume;;Insgesamt;8,39;€/m²;WHG012;Durchschnittliche Nettokaltmiete;e
4000W;Wohnungen (Gebietsstand 15.05.2022);STAG;Stichtag;2022-05-15;GEOLK4;Landkreise u. krsfr. Städte (Stand 15.05.22);06439;Rheingau-Taunus-Kreis;WHGRM2;Räume;RAUM04;4 Räume;7,42;€/m²;WHG012;Durchschnittliche Nettokaltmiete;e
4000W;Wohnungen (Gebietsstand 15.05.2022);STAG;Stichtag;2022-05-15;GEOLK4;Landkreise u. krsfr. Städte (Stand 15.05.22);07137;Mayen-Koblenz;WHGRM2;Räume;RAUM05;5 Räume;5,41;€/m²;WHG012;Durchschnittliche Nettokaltmiete;e
4000W;Wohnungen (Gebietsstand 15.05.2022);STAG;Stichtag;2022-05-15;GEOLK4;Landkreise u. krsfr. Städte (Stand 15.05.22);05512;Bottrop, Stadt;WHGRM2;Räume;RAUM02;2 Räume;6,38;€/m²;WHG012;Durchschnittliche Nettokaltmiete;e
4000W;Wohnungen (Gebietsstand 15.05.2022);STAG;Stichtag;2022-05-15;GEOLK4;Landkreise u. krsfr. Städte (Stand 15.05.22);08111;Stuttgart, Stadtkreis;WHGRM2;Räume;RAUM06;6 Räume;10,03;€/m²;WHG012;Durchschnittliche Nettokaltmiete;e
4000W;Wohnungen (Gebietsstand 15.05.2022);STAG;Stichtag;2022-05-15;GEOLK4;Landkreise u. krsfr. Städte (Stand 15.05.22);09189;Traunstein;WHGRM2;Räume;RAUM05;5 Räume;6,67;€/m²;WHG012;Durchschnittliche Nettokaltmiete;e
4000W;Wohnungen (Gebietsstand 15.05.2022);STAG;Stichtag;2022-05-15;GEOLK4;Landkreise u. krsfr. Städte (Stand 15.05.22);01058;Rendsburg-Eckernförde;WHGRM2;Räume;RAUM05;5 Räume;6,35;€/m²;WHG012;Durchschnittliche Nettokaltmiete;e
4000W;Wohnungen (Gebietsstand 15.05.2022);STAG;Stichtag;2022-05-15;GEOLK4;Landkreise u. krsfr. Städte (Stand 15.05.22);08415;Reutlingen;WHGRM2;Räume;RAUM01;1 Raum;11,74;€/m²;WHG012;Durchschnittliche Nettokaltmiete;e
4000W;Wohnungen (Gebietsstand 15.05.2022);STAG;Stichtag;2022-05-15;GEOLK4;Landkreise u. krsfr. Städte (Stand 15.05.22);14626;Görlitz;WHGRM2;Räume;;Insgesamt;4,70;€/m²;WHG012;Durchschnittliche Nettokaltmiete;e
4000W;Wohnungen (Gebietsstand 15.05.2022);STAG;Stichtag;2022-05-15;GEOLK4;Landkreise u. krsfr. Städte (Stand 15.05.22);08421;Ulm, Stadtkreis;WHGRM2;Räume;RAUM03;3 Räume;8,41;€/m²;WHG012;Durchschnittliche Nettokaltmiete;e
4000W;Wohnungen (Gebietsstand 15.05.2022);STAG;Stichtag;2022-05-15;GEOLK4;Landkreise u. krsfr. Städte (Stand 15.05.22);07313;Landau in der Pfalz, kreisfreie Stadt;WHGRM2;Räume;RAUM06;6 Räume;6,88;€/m²;WHG012;Durchschnittliche Nettokaltmiete;e
4000W;Wohnungen (Gebietsstand 15.05.2022);STAG;Stichtag;2022-05-15;GEOLK4;Landkreise u. krsfr. Städte (Stand 15.05.22);09662;Schweinfurt, Kreisfreie Stadt;WHGRM2;Räume;RAUM05;5 Räume;6,07;€/m²;WHG012;Durchschnittliche Nettokaltmiete;e
4000W;Wohnungen (Gebietsstand 15.05.2022);STAG;Stichtag;2022-05-15;GEOLK4;Landkreise u. krsfr. Städte (Stand 15.05.22);09278;Straubing-Bogen;WHGRM2;Räume;RAUM05;5 Räume;5,32;€/m²;WHG012;Durchschnittliche Nettokaltmiete;e
4000W;Wohnungen (Gebietsstand 15.05.2022);STAG;Stichtag;2022-05-15;GEOLK4;Landkreise u. krsfr. Städte (Stand 15.05.22);03358;Heidekreis;WHGRM2;Räume;RAUM05;5 Räume;5,42;€/m²;WHG012;Durchschnittliche Nettokaltmiete;e
4000W;Wohnungen (Gebietsstand 15.05.2022);STAG;Stichtag;2022-05-15;GEOLK4;Landkreise u. krsfr. Städte (Stand 15.05.22);09181;Landsberg am Lech;WHGRM2;Räume;RAUM01;1 Raum;11,54;€/m²;WHG012;Durchschnittliche Nettokaltmiete;e
4000W;Wohnungen (Gebietsstand 15.05.2022);STAG;Stichtag;2022-05-15;GEOLK4;Landkreise u. krsfr. Städte (Stand 15.05.22);09479;Wunsiedel i.Fichtelgebirge;WHGRM2;Räume;;Insgesamt;4,52;€/m²;WHG012;Durchschnittliche Nettokaltmiete;e
4000W;Wohnungen (Gebietsstand 15.05.2022);STAG;Stichtag;2022-05-15;GEOLK4;Landkreise u. krsfr. Städte (Stand 15.05.22);09675;Kitzingen;WHGRM2;Räume;RAUM03;3 Räume;5,92;€/m²;WHG012;Durchschnittliche Nettokaltmiete;e
4000W;Wohnungen (Gebietsstand 15.05.2022);STAG;Stichtag;2022-05-15;GEOLK4;Landkreise u. krsfr. Städte (Stand 15.05.22);08226;Rhein-Neckar-Kreis;WHGRM2;Räume;RAUM02;2 Räume;8,27;€/m²;WHG012;Durchschnittliche Nettokaltmiete;e
4000W;Wohnungen (Gebietsstand 15.05.2022);STAG;Stichtag;2022-05-15;GEOLK4;Landkreise u. krsfr. Städte (Stand 15.05.22);07339;Mainz-Bingen;WHGRM2;Räume;RAUM02;2 Räume;8,24;€/m²;WHG012;Durchschnittliche Nettokaltmiete;e
